Workbook

Sheet Criteria & Weight
A1: Performance Evaluation Criteria & Weightage: FF | G1: Performance Evaluation Criteria & Weightage: DM | L1: Performance Evaluation Criteria & Weightage: RSM/ZSM/AGM
A3: Criteria | B3: Weightage | C3: Details | D3: Evaluation Period | G3: Criteria | H3: Weightage | I3: Details | J3: Evaluation Period | L3: Criteria | M3: Weightage | N3: Details | O3: Evaluation Period
A4: Sales Ach | B4: 30 | D4: Jul'25-Mar'26 | G4: Sales Ach | H4: 20 | J4: Jul'25-Mar'26 | L4: Sales Ach | M4: 20 | O4: Jul'25-Mar'26
A5: SKU/Unit Achievement | B5: 10 | D5: Jul'25-Mar'26 | G5: Unit Achievement | H5: 10 | J5: Jul'25-Mar'26 | L5: SKU/Unit Achievement | M5: 10 | O5: Jul'25-Mar'26
A6: New Product Ach | B6: 10 | D6: Jul'25-Mar'26 | G6: New Product Ach | H6: 10 | J6: Jul'25-Mar'26 | L6: New Product Ach | M6: 10 | O6: Jul'25-Mar'26
A7: Brand Basket Achivement | B7: 12 | D7: Jul'25-Mar'26 | G7: Brand Basket Achivement | H7: 13 | J7: Jul'25-Mar'26 | L7: Brand Basket Achivement | M7: 12 | O7: Jul'25-Mar'26
A8: Number of month achieved | B8: 7 | D8: Jul'25-Mar'26 | F8: For DMs without Synkei Territories | G8: Number of month achieved | H8: 6 | J8: Jul'25-Mar'26 | L8: Territory Month Ach | M8: 7 | O8: Jul'25-Mar'26
A9: Count Rx share | B9: 15 | C9: Insufficient Rx sample (Min 33 market Rx) considered | D9: Jul'25-Mar'26 | G9: Territory Month Ach | H9: 8 | J9: Jul'25-Mar'26 | L9: Number of month achieved | M9: 4 | O9: Jul'25-Mar'26
A10: Call Ach. | B10: 5 | C10: Best 9 months avg, Achv above 105% considered as 105% | D10: Jul'25-Nov'25 | G10: Or, | L10: Portoflio Ach. Month at 95% | M10: 4 | O10: Jul'25-Mar'26
A11: Written Test | B11: 8 | C11: Average of attended test results | D11: Jul'25-Nov'25 | F11: For DMs with Synkei Territories | G11: Number of month achieved | H11: 5 | J11: Jul'25-Mar'26 | L11: New Product Rx Share | M11: 5 | O11: Jul'25-Mar'26
A12: Detailing Test | B12: 3 | C12: Average of attended test results | D12: Jul'25-Nov'25 | G12: Territory Month Ach | H12: 5 | J12: Jul'25-Mar'26 | L12: SYNDIVA Rx Share | M12: 6 | N12: Insufficient Rx sample (Min 33 market Rx) considered | O12: Jul'25-Mar'26
A13: Qualitative | B13: 0 | G13: Synkei Portfolio Ach | H13: 4 | J13: Jul'25-Mar'26 | L13: SYNGENA Rx Share | M13: 6 | N13: Insufficient Rx sample (Min 33 market Rx) considered | O13: Jul'25-Mar'26
A14: Total | B14: =SUM(B4:B13) -> 100 | G14: Call Ach. | H14: 5 | I14: Best 9 months avg, Achv above 105% considered as 105% | J14: Jul'25-Mar'26 | L14: SYNKEI Rx Share | M14: 4 | N14: Insufficient Rx sample (Min 33 market Rx) considered | O14: Jul'25-Mar'26
G15: DM Coaching | H15: 0 | I15: Best 6 months avg, Achv above 120% considered as 120% | J15: Jul'25-Mar'26 | L15: Call Ach. | M15: 5 | N15: Best 9 months avg, Achv above 105% considered as 105% | O15: Jul'25-Mar'26
A16: *Rx not considered for Syncovax SFs | G16: Written Test | H16: 7 | I16: Average of attended test results | J16: Jul'25-Nov'25 | L16: DM Coaching | M16: 0 | O16: Jul'25-Mar'26
A17: * Any DM having most number of months(6+) working as FF, is considered in FF evaluation | G17: Own WT | H17: 3 | I17: Average of attended test results | J17: Jul'25-Nov'25 | L17: Written Test | M17: 7 | N17: Average of attended test results (DM+FF) | O17: Jul'25-Nov'25
G18: Detailing Test | H18: 3 | I18: Average of attended test results | J18: Jul'25-Nov'25 | L18: Detailing Test | M18: 0 | N18: Average of attended test results | O18: Jul'25-Nov'25
G19: Rx share | H19: 15 | I19: Insufficient Rx sample (Min 33 market Rx) considered | J19: Jul'25-Mar'26 | L19: Qualitative | M19: 0
G20: Qualitative | H20: 0 | L20: Total | M20: =SUM(M4:M19) -> 100
G21: Total | H21: =SUM(H4:H20)-H11-H12-H13 -> 100

Sheet SM
A1: Performance Evaluation: RSM/ZSM/AGM | K1: Performance Summary | R1: 6 | S1: 6 | T1: 4 | U1: 6 | AB1: Performance Rating | AI1: 6 | AJ1: 6 | AK1: 4 | AL1: 6
K2: 20 | L2: 8 | M2: 7 | N2: 8 | O2: 5 | P2: 4 | Q2: 4 | R2: RX Share Achv | V2: 5 | W2: 3 | X2: 7 | Y2: 3 | Z2: 10 | AB2: 20 | AC2: 8 | AD2: 7 | AE2: 8 | AF2: 5 | AG2: 4 | AH2: 4 | AI2: RX Share Achv | AM2: 5 | AN2: 3 | AO2: 7 | AP2: 3 | AS2: Special Award Data | AY2: Category wise Ranking
A3: SL | B3: Empl Code | C3: Employee Name | D3: Designation | E3: Region | F3: Zone | G3: Division | H3: Joining Date SBL | I3: Status | J3: # month as DM | K3: Sales Ach | L3: SKU/Unit Achievement | M3: New Product Ach | N3: Brand Basket Achivement | O3: Territory Month Ach | P3: Number of month achieved | Q3: Portoflio Ach. Month at 95% | R3: INSYN | S3: SYNGENA | T3: SYNKEI | U3: SYNTARA | V3: Call Ach. | W3: DM Coaching | X3: Written Test | Y3: Detailing Test | Z3: Qualitative | AA3: 0 | AB3: Sales Ach | AC3: SKU/Unit Achievement | AD3: New Product Ach | AE3: Brand Basket Achivement | AF3: Territory Month Ach | AG3: Number of month achieved | AH3: Portoflio Ach. Month at 95% | AI3: INSYN | AJ3: SYNGENA | AK3: SYNKEI | AL3: SYNTARA | AM3: Call Ach. | AN3: DM Coaching | AO3: Written Test | AP3: Detailing Test | AQ3: Weighted Average Rating | AR3: National Rank | AS3: Best Rx Drive | AT3: Best New Product Builder | AU3: Best SKU Achiever | AV3: Best Written Scorer | AW3: Best Territory Month Achiever | AX3: Consistent Call Budget Achiever | AY3: Best Rx Drive | AZ3: Best New Product Builder | BA3: Best SKU Achiever | BB3: Best Written Scorer | BC3: Best Territory Month Achiever | BD3: Consistent Call Budget Achiever
B4: 104661 | C4: Md Atikur Rahman | D4: RSM | E4: Khulna | F4: SYGK Dhaka Zone-2 | G4: Foundation SD | H4: 33993 | I4: Regular | J4: 9 | K4: 77.793146 | L4: 27.272727 | M4: 69.373314 | N4: 76.396987 | O4: 7.3033708 | P4: 0 | Q4: 0 | R4: 0 | S4: 79.374821 | T4: 151.02481 | U4: 0 | V4: 79.205903 | W4: 90.425532 | X4: 73.970588 | Y4: 78.960784 | Z4: 1 | AB4: =IF(K4>='Sales Ach'!L$3,'Sales Ach'!M$3,IF(K4>='Sales Ach'!L$4,('Sales Ach'!M$4+((K4-'Sales Ach'!L$4)/('Sales Ach'!L$3-'Sales Ach'!L$4))*'Sales Ach'!N$4),IF(K4>'Sales Ach'!L$5,('Sales Ach'!M$5+((K4-'Sales Ach'!L$5)/('Sales Ach'!L$4-'Sales Ach'!L$5))*'Sales Ach'!N$5),IF(K4>='Sales Ach'!L$6,('Sales Ach'!M$6+((K4-'Sales Ach'!L$6)/('Sales Ach'!L$5-'Sales Ach'!L$6)*'Sales Ach'!N$6)),0))))*$AB$2/10 -> 6.5586293 | AC4: =IF(L4>=UA!L$3,UA!M$3,IF(L4>=UA!L$4,(UA!M$4+((L4-UA!L$4)/(UA!L$3-UA!L$4))*UA!N$4),IF(L4>UA!L$5,(UA!M$5+((L4-UA!L$5)/(UA!L$4-UA!L$5))*UA!N$5),IF(L4>=UA!L$6,(UA!M$6+((L4-UA!L$6)/(UA!L$5-UA!L$6)*UA!N$6)),0))))*$AC$2/10 -> 0 | AD4: =IF(M4="","",(IF(M4>='New Product'!L$3,'New Product'!M$3,IF(M4>='New Product'!L$4,('New Product'!M$4+((M4-'New Product'!L$4)/('New Product'!L$3-'New Product'!L$4))*'New Product'!N$4),IF(M4>'New Product'!L$5,('New Product'!M$5+((M4-'New Product'!L$5)/('New Product'!L$4-'New Product'!L$5))*'New Product'!N$5),IF(M4>='New Product'!L$6,('New Product'!M$6+((M4-'New Product'!L$6)/('New Product'!L$5-'New Product'!L$6)*'New Product'!N$6)),0))))*$AD$2/10)) -> 2.1491155 | AE4: =IF(N4>='Basket Brand'!L$3,'Basket Brand'!M$3,IF(N4>='Basket Brand'!L$4,('Basket Brand'!M$4+((N4-'Basket Brand'!L$4)/('Basket Brand'!L$3-'Basket Brand'!L$4))*'Basket Brand'!N$4),IF(N4>'Basket Brand'!L$5,('Basket Brand'!M$5+((N4-'Basket Brand'!L$5)/('Basket Brand'!L$4-'Basket Brand'!L$5))*'Basket Brand'!N$5),IF(N4>='Basket Brand'!L$6,('Basket Brand'!M$6+((N4-'Basket Brand'!L$6)/('Basket Brand'!L$5-'Basket Brand'!L$6)*'Basket Brand'!N$6)),0))))*$AE$2/10 -> 2.511759 | AF4: =IF(O4>='Territory Month'!G$3,'Territory Month'!H$3,IF(O4>='Territory Month'!G$4,('Territory Month'!H$4+((O4-'Territory Month'!G$4)/('Territory Month'!G$3-'Territory Month'!G$4))*'Territory Month'!I$4),IF(O4>'Territory Month'!G$5,('Territory Month'!H$5+((O4-'Territory Month'!G$5)/('Territory Month'!G$4-'Territory Month'!G$5))*'Territory Month'!I$5),IF(O4>='Territory Month'!G$6,('Territory Month'!H$6+((O4-'Territory Month'!G$6)/('Territory Month'!G$5-'Territory Month'!G$6)*'Territory Month'!I$6)),0))))*$AF$2/10 -> 0 | AG4: =IF(P4>='No of Month Ach.'!L$3,'No of Month Ach.'!M$3,IF(P4>='No of Month Ach.'!L$4,('No of Month Ach.'!M$4+((P4-'No of Month Ach.'!L$4)/('No of Month Ach.'!L$3-'No of Month Ach.'!L$4))*'No of Month Ach.'!N$4),IF(P4>'No of Month Ach.'!L$5,('No of Month Ach.'!M$5+((P4-'No of Month Ach.'!L$5)/('No of Month Ach.'!L$4-'No of Month Ach.'!L$5))*'No of Month Ach.'!N$5),IF(P4>='No of Month Ach.'!L$6,('No of Month Ach.'!M$6+((P4-'No of Month Ach.'!L$6)/('No of Month Ach.'!L$5-'No of Month Ach.'!L$6)*'No of Month Ach.'!N$6)),0))))*$AG$2/10 -> 0 | AH4: =IF(Q4>='Portfolio Ach.'!B$3,'Portfolio Ach.'!C$3,IF(Q4>='Portfolio Ach.'!B$4,('Portfolio Ach.'!C$4+((Q4-'Portfolio Ach.'!B$4)/('Portfolio Ach.'!B$3-'Portfolio Ach.'!B$4))*'Portfolio Ach.'!D$4),IF(Q4>'Portfolio Ach.'!B$5,('Portfolio Ach.'!C$5+((Q4-'Portfolio Ach.'!B$5)/('Portfolio Ach.'!B$4-'Portfolio Ach.'!B$5))*'Portfolio Ach.'!D$5),IF(Q4>='Portfolio Ach.'!B$6,('Portfolio Ach.'!C$6+((Q4-'Portfolio Ach.'!B$6)/('Portfolio Ach.'!B$5-'Portfolio Ach.'!B$6)*'Portfolio Ach.'!D$6)),0))))*$AH$2/10 -> 0 | AI4: =IF(R4="","",IF(R4>='Rx Share'!L$3,'Rx Share'!M$3,IF(R4>='Rx Share'!L$4,('Rx Share'!M$4+((R4-'Rx Share'!L$4)/('Rx Share'!L$3-'Rx Share'!L$4))*'Rx Share'!N$4),IF(R4>'Rx Share'!L$5,('Rx Share'!M$5+((R4-'Rx Share'!L$5)/('Rx Share'!L$4-'Rx Share'!L$5))*'Rx Share'!N$5),IF(R4>='Rx Share'!L$6,('Rx Share'!M$6+((R4-'Rx Share'!L$6)/('Rx Share'!L$5-'Rx Share'!L$6)*'Rx Share'!N$6)),0)))))*$AI$1/10 -> 0 | AJ4: =IF(S4="","",IF(S4>='Rx Share'!L$3,'Rx Share'!M$3,IF(S4>='Rx Share'!L$4,('Rx Share'!M$4+((S4-'Rx Share'!L$4)/('Rx Share'!L$3-'Rx Share'!L$4))*'Rx Share'!N$4),IF(S4>'Rx Share'!L$5,('Rx Share'!M$5+((S4-'Rx Share'!L$5)/('Rx Share'!L$4-'Rx Share'!L$5))*'Rx Share'!N$5),IF(S4>='Rx Share'!L$6,('Rx Share'!M$6+((S4-'Rx Share'!L$6)/('Rx Share'!L$5-'Rx Share'!L$6)*'Rx Share'!N$6)),0)))))*$AJ$1/10 -> 3.5249785 | AK4: =IF(T4="","",IF(T4>='Rx Share'!L$3,'Rx Share'!M$3,IF(T4>='Rx Share'!L$4,('Rx Share'!M$4+((T4-'Rx Share'!L$4)/('Rx Share'!L$3-'Rx Share'!L$4))*'Rx Share'!N$4),IF(T4>'Rx Share'!L$5,('Rx Share'!M$5+((T4-'Rx Share'!L$5)/('Rx Share'!L$4-'Rx Share'!L$5))*'Rx Share'!N$5),IF(T4>='Rx Share'!L$6,('Rx Share'!M$6+((T4-'Rx Share'!L$6)/('Rx Share'!L$5-'Rx Share'!L$6)*'Rx Share'!N$6)),0)))))*$AK$1/10 -> 4 | AL4: =IF(U4="","",IF(U4>='Rx Share'!M$3,'Rx Share'!N$3,IF(U4>='Rx Share'!M$4,('Rx Share'!N$4+((U4-'Rx Share'!M$4)/('Rx Share'!M$3-'Rx Share'!M$4))*'Rx Share'!O$4),IF(U4>'Rx Share'!M$5,('Rx Share'!N$5+((U4-'Rx Share'!M$5)/('Rx Share'!M$4-'Rx Share'!M$5))*'Rx Share'!O$5),IF(U4>='Rx Share'!M$6,('Rx Share'!N$6+((U4-'Rx Share'!M$6)/('Rx Share'!M$5-'Rx Share'!M$6)*'Rx Share'!O$6)),0)))))*$AL$1/10 -> 0 | AM4: =IF(V4>='Call Achv'!L$3,'Call Achv'!M$3,IF(V4>='Call Achv'!L$4,('Call Achv'!M$4+((V4-'Call Achv'!L$4)/('Call Achv'!L$3-'Call Achv'!L$4))*'Call Achv'!N$4),IF(V4>'Call Achv'!L$5,('Call Achv'!M$5+((V4-'Call Achv'!L$5)/('Call Achv'!L$4-'Call Achv'!L$5))*'Call Achv'!N$5),IF(V4>='Call Achv'!L$6,('Call Achv'!M$6+((V4-'Call Achv'!L$6)/('Call Achv'!L$5-'Call Achv'!L$6)*'Call Achv'!N$6)),0))))*$AM$2/10 -> 0 | AN4: =IF(W4>='DM Coaching'!G$3,'DM Coaching'!H$3,IF(W4>='DM Coaching'!G$4,('DM Coaching'!H$4+((W4-'DM Coaching'!G$4)/('DM Coaching'!G$3-'DM Coaching'!G$4))*'DM Coaching'!I$4),IF(W4>'DM Coaching'!G$5,('DM Coaching'!H$5+((W4-'DM Coaching'!G$5)/('DM Coaching'!G$4-'DM Coaching'!G$5))*'DM Coaching'!I$5),IF(W4>='DM Coaching'!G$6,('DM Coaching'!H$6+((W4-'DM Coaching'!G$6)/('DM Coaching'!G$5-'DM Coaching'!G$6)*'DM Coaching'!I$6)),0))))*$AN$2/10 -> 3 | AO4: =IF(X4>='FF-Written'!L$3,'FF-Written'!M$3,IF(X4>='FF-Written'!L$4,('FF-Written'!M$4+((X4-'FF-Written'!L$4)/('FF-Written'!L$3-'FF-Written'!L$4))*'FF-Written'!N$4),IF(X4>'FF-Written'!L$5,('FF-Written'!M$5+((X4-'FF-Written'!L$5)/('FF-Written'!L$4-'FF-Written'!L$5))*'FF-Written'!N$5),IF(X4>='FF-Written'!L$6,('FF-Written'!M$6+((X4-'FF-Written'!L$6)/('FF-Written'!L$5-'FF-Written'!L$6)*'FF-Written'!N$6)),0))))*$AO$2/10 -> 6.1558824 | AP4: =IF(Y4>='FF-Detailing'!L$3,'FF-Detailing'!M$3,IF(Y4>='FF-Detailing'!L$4,('FF-Detailing'!M$4+((Y4-'FF-Detailing'!L$4)/('FF-Detailing'!L$3-'FF-Detailing'!L$4))*'FF-Detailing'!N$4),IF(Y4>'FF-Detailing'!L$5,('FF-Detailing'!M$5+((Y4-'FF-Detailing'!L$5)/('FF-Detailing'!L$4-'FF-Detailing'!L$5))*'FF-Detailing'!N$5),IF(Y4>='FF-Detailing'!L$6,('FF-Detailing'!M$6+((Y4-'FF-Detailing'!L$6)/('FF-Detailing'!L$5-'FF-Detailing'!L$6)*'FF-Detailing'!N$6)),0))))*$AP$2/10 -> 2.4564706 | AQ4: =SUM(AB4:AP4)*100/90 -> 33.729817 | AR4: =_xlfn.RANK.EQ($AQ4,$AQ$4:$AQ$21) -> 15 | AS4: 3.0611938 | AT4: =IFERROR(IF($K4>=99.5,M4,""),"") | AU4: =IFERROR(IF($K4>=99.5,L4,""),"") | AV4: =IFERROR(IF($K4>=99.5,X4,""),"") | AW4: =IFERROR(IF($K4>=99.5,O4,""),"") | AX4: =IFERROR(IF($K4>=99.5,#REF!,""),"") | AY4: =IFERROR(IF($K4>=99.5,_xlfn.RANK.EQ(AS4,AS$4:AS$21),"Disqualified"),"Not eligible") -> Disqualified | AZ4: =IFERROR(IF($K4>=99.5,_xlfn.RANK.EQ(AT4,AT$4:AT$21),"Disqualified"),"Not eligible") -> Disqualified | BA4: =IFERROR(IF($K4>=99.5,_xlfn.RANK.EQ(AU4,AU$4:AU$21),"Disqualified"),"Not eligible") -> Disqualified | BB4: =IFERROR(IF($K4>=99.5,_xlfn.RANK.EQ(AV4,AV$4:AV$21),"Disqualified"),"Not eligible") -> Disqualified | BC4: =IFERROR(IF($K4>=99.5,_xlfn.RANK.EQ(AW4,AW$4:AW$21),"Disqualified"),"Not eligible") -> Disqualified | BD4: =IFERROR(IF($K4>=99.5,_xlfn.RANK.EQ(AX4,AX$4:AX$21),"Disqualified"),"Not eligible") -> Disqualified
B5: 104706 | C5: Md. Mustafizur Rahman | D5: RSM | E5: Dhaka-4 | F5: SYGK Dhaka Zone-2 | G5: Foundation SD | H5: 36192 | I5: Regular | J5: 9 | K5: 90.79481 | L5: 17.087156 | M5: 59.49993 | N5: 96.267885 | O5: 29.856115 | P5: 0 | Q5: 0 | R5: 0 | S5: 58.515427 | T5: 125.21589 | U5: 0 | V5: 73.489283 | W5: 59.74026 | X5: 74.541826 | Y5: 88.761494 | Z5: 1 | AB5: =IF(K5>='Sales Ach'!L$3,'Sales Ach'!M$3,IF(K5>='Sales Ach'!L$4,('Sales Ach'!M$4+((K5-'Sales Ach'!L$4)/('Sales Ach'!L$3-'Sales Ach'!L$4))*'Sales Ach'!N$4),IF(K5>'Sales Ach'!L$5,('Sales Ach'!M$5+((K5-'Sales Ach'!L$5)/('Sales Ach'!L$4-'Sales Ach'!L$5))*'Sales Ach'!N$5),IF(K5>='Sales Ach'!L$6,('Sales Ach'!M$6+((K5-'Sales Ach'!L$6)/('Sales Ach'!L$5-'Sales Ach'!L$6)*'Sales Ach'!N$6)),0))))*$AB$2/10 -> 9.158962 | AC5: =IF(L5>=UA!L$3,UA!M$3,IF(L5>=UA!L$4,(UA!M$4+((L5-UA!L$4)/(UA!L$3-UA!L$4))*UA!N$4),IF(L5>UA!L$5,(UA!M$5+((L5-UA!L$5)/(UA!L$4-UA!L$5))*UA!N$5),IF(L5>=UA!L$6,(UA!M$6+((L5-UA!L$6)/(UA!L$5-UA!L$6)*UA!N$6)),0))))*$AC$2/10 -> 0 | AD5: =IF(M5="","",(IF(M5>='New Product'!L$3,'New Product'!M$3,IF(M5>='New Product'!L$4,('New Product'!M$4+((M5-'New Product'!L$4)/('New Product'!L$3-'New Product'!L$4))*'New Product'!N$4),IF(M5>'New Product'!L$5,('New Product'!M$5+((M5-'New Product'!L$5)/('New Product'!L$4-'New Product'!L$5))*'New Product'!N$5),IF(M5>='New Product'!L$6,('New Product'!M$6+((M5-'New Product'!L$6)/('New Product'!L$5-'New Product'!L$6)*'New Product'!N$6)),0))))*$AD$2/10)) -> 1.5443707 | AE5: =IF(N5>='Basket Brand'!L$3,'Basket Brand'!M$3,IF(N5>='Basket Brand'!L$4,('Basket Brand'!M$4+((N5-'Basket Brand'!L$4)/('Basket Brand'!L$3-'Basket Brand'!L$4))*'Basket Brand'!N$4),IF(N5>'Basket Brand'!L$5,('Basket Brand'!M$5+((N5-'Basket Brand'!L$5)/('Basket Brand'!L$4-'Basket Brand'!L$5))*'Basket Brand'!N$5),IF(N5>='Basket Brand'!L$6,('Basket Brand'!M$6+((N5-'Basket Brand'!L$6)/('Basket Brand'!L$5-'Basket Brand'!L$6)*'Basket Brand'!N$6)),0))))*$AE$2/10 -> 4.4057232 | AF5: =IF(O5>='Territory Month'!G$3,'Territory Month'!H$3,IF(O5>='Territory Month'!G$4,('Territory Month'!H$4+((O5-'Territory Month'!G$4)/('Territory Month'!G$3-'Territory Month'!G$4))*'Territory Month'!I$4),IF(O5>'Territory Month'!G$5,('Territory Month'!H$5+((O5-'Territory Month'!G$5)/('Territory Month'!G$4-'Territory Month'!G$5))*'Territory Month'!I$5),IF(O5>='Territory Month'!G$6,('Territory Month'!H$6+((O5-'Territory Month'!G$6)/('Territory Month'!G$5-'Territory Month'!G$6)*'Territory Month'!I$6)),0))))*$AF$2/10 -> 0 | AG5: =IF(P5>='No of Month Ach.'!L$3,'No of Month Ach.'!M$3,IF(P5>='No of Month Ach.'!L$4,('No of Month Ach.'!M$4+((P5-'No of Month Ach.'!L$4)/('No of Month Ach.'!L$3-'No of Month Ach.'!L$4))*'No of Month Ach.'!N$4),IF(P5>'No of Month Ach.'!L$5,('No of Month Ach.'!M$5+((P5-'No of Month Ach.'!L$5)/('No of Month Ach.'!L$4-'No of Month Ach.'!L$5))*'No of Month Ach.'!N$5),IF(P5>='No of Month Ach.'!L$6,('No of Month Ach.'!M$6+((P5-'No of Month Ach.'!L$6)/('No of Month Ach.'!L$5-'No of Month Ach.'!L$6)*'No of Month Ach.'!N$6)),0))))*$AG$2/10 -> 0 | AH5: =IF(Q5>='Portfolio Ach.'!B$3,'Portfolio Ach.'!C$3,IF(Q5>='Portfolio Ach.'!B$4,('Portfolio Ach.'!C$4+((Q5-'Portfolio Ach.'!B$4)/('Portfolio Ach.'!B$3-'Portfolio Ach.'!B$4))*'Portfolio Ach.'!D$4),IF(Q5>'Portfolio Ach.'!B$5,('Portfolio Ach.'!C$5+((Q5-'Portfolio Ach.'!B$5)/('Portfolio Ach.'!B$4-'Portfolio Ach.'!B$5))*'Portfolio Ach.'!D$5),IF(Q5>='Portfolio Ach.'!B$6,('Portfolio Ach.'!C$6+((Q5-'Portfolio Ach.'!B$6)/('Portfolio Ach.'!B$5-'Portfolio Ach.'!B$6)*'Portfolio Ach.'!D$6)),0))))*$AH$2/10 -> 0 | AI5: =IF(R5="","",IF(R5>='Rx Share'!L$3,'Rx Share'!M$3,IF(R5>='Rx Share'!L$4,('Rx Share'!M$4+((R5-'Rx Share'!L$4)/('Rx Share'!L$3-'Rx Share'!L$4))*'Rx Share'!N$4),IF(R5>'Rx Share'!L$5,('Rx Share'!M$5+((R5-'Rx Share'!L$5)/('Rx Share'!L$4-'Rx Share'!L$5))*'Rx Share'!N$5),IF(R5>='Rx Share'!L$6,('Rx Share'!M$6+((R5-'Rx Share'!L$6)/('Rx Share'!L$5-'Rx Share'!L$6)*'Rx Share'!N$6)),0)))))*$AI$1/10 -> 0 | AJ5: =IF(S5="","",IF(S5>='Rx Share'!L$3,'Rx Share'!M$3,IF(S5>='Rx Share'!L$4,('Rx Share'!M$4+((S5-'Rx Share'!L$4)/('Rx Share'!L$3-'Rx Share'!L$4))*'Rx Share'!N$4),IF(S5>'Rx Share'!L$5,('Rx Share'!M$5+((S5-'Rx Share'!L$5)/('Rx Share'!L$4-'Rx Share'!L$5))*'Rx Share'!N$5),IF(S5>='Rx Share'!L$6,('Rx Share'!M$6+((S5-'Rx Share'!L$6)/('Rx Share'!L$5-'Rx Share'!L$6)*'Rx Share'!N$6)),0)))))*$AJ$1/10 -> 1.1941198 | AK5: =IF(T5="","",IF(T5>='Rx Share'!L$3,'Rx Share'!M$3,IF(T5>='Rx Share'!L$4,('Rx Share'!M$4+((T5-'Rx Share'!L$4)/('Rx Share'!L$3-'Rx Share'!L$4))*'Rx Share'!N$4),IF(T5>'Rx Share'!L$5,('Rx Share'!M$5+((T5-'Rx Share'!L$5)/('Rx Share'!L$4-'Rx Share'!L$5))*'Rx Share'!N$5),IF(T5>='Rx Share'!L$6,('Rx Share'!M$6+((T5-'Rx Share'!L$6)/('Rx Share'!L$5-'Rx Share'!L$6)*'Rx Share'!N$6)),0)))))*$AK$1/10 -> 4 | AL5: =IF(U5="","",IF(U5>='Rx Share'!M$3,'Rx Share'!N$3,IF(U5>='Rx Share'!M$4,('Rx Share'!N$4+((U5-'Rx Share'!M$4)/('Rx Share'!M$3-'Rx Share'!M$4))*'Rx Share'!O$4),IF(U5>'Rx Share'!M$5,('Rx Share'!N$5+((U5-'Rx Share'!M$5)/('Rx Share'!M$4-'Rx Share'!M$5))*'Rx Share'!O$5),IF(U5>='Rx Share'!M$6,('Rx Share'!N$6+((U5-'Rx Share'!M$6)/('Rx Share'!M$5-'Rx Share'!M$6)*'Rx Share'!O$6)),0)))))*$AL$1/10 -> 0 | AM5: =IF(V5>='Call Achv'!L$3,'Call Achv'!M$3,IF(V5>='Call Achv'!L$4,('Call Achv'!M$4+((V5-'Call Achv'!L$4)/('Call Achv'!L$3-'Call Achv'!L$4))*'Call Achv'!N$4),IF(V5>'Call Achv'!L$5,('Call Achv'!M$5+((V5-'Call Achv'!L$5)/('Call Achv'!L$4-'Call Achv'!L$5))*'Call Achv'!N$5),IF(V5>='Call Achv'!L$6,('Call Achv'!M$6+((V5-'Call Achv'!L$6)/('Call Achv'!L$5-'Call Achv'!L$6)*'Call Achv'!N$6)),0))))*$AM$2/10 -> 0 | AN5: =IF(W5>='DM Coaching'!G$3,'DM Coaching'!H$3,IF(W5>='DM Coaching'!G$4,('DM Coaching'!H$4+((W5-'DM Coaching'!G$4)/('DM Coaching'!G$3-'DM Coaching'!G$4))*'DM Coaching'!I$4),IF(W5>'DM Coaching'!G$5,('DM Coaching'!H$5+((W5-'DM Coaching'!G$5)/('DM Coaching'!G$4-'DM Coaching'!G$5))*'DM Coaching'!I$5),IF(W5>='DM Coaching'!G$6,('DM Coaching'!H$6+((W5-'DM Coaching'!G$6)/('DM Coaching'!G$5-'DM Coaching'!G$6)*'DM Coaching'!I$6)),0))))*$AN$2/10 -> 2.3688312 | AO5: =IF(X5>='FF-Written'!L$3,'FF-Written'!M$3,IF(X5>='FF-Written'!L$4,('FF-Written'!M$4+((X5-'FF-Written'!L$4)/('FF-Written'!L$3-'FF-Written'!L$4))*'FF-Written'!N$4),IF(X5>'FF-Written'!L$5,('FF-Written'!M$5+((X5-'FF-Written'!L$5)/('FF-Written'!L$4-'FF-Written'!L$5))*'FF-Written'!N$5),IF(X5>='FF-Written'!L$6,('FF-Written'!M$6+((X5-'FF-Written'!L$6)/('FF-Written'!L$5-'FF-Written'!L$6)*'FF-Written'!N$6)),0))))*$AO$2/10 -> 6.2358557 | AP5: =IF(Y5>='FF-Detailing'!L$3,'FF-Detailing'!M$3,IF(Y5>='FF-Detailing'!L$4,('FF-Detailing'!M$4+((Y5-'FF-Detailing'!L$4)/('FF-Detailing'!L$3-'FF-Detailing'!L$4))*'FF-Detailing'!N$4),IF(Y5>'FF-Detailing'!L$5,('FF-Detailing'!M$5+((Y5-'FF-Detailing'!L$5)/('FF-Detailing'!L$4-'FF-Detailing'!L$5))*'FF-Detailing'!N$5),IF(Y5>='FF-Detailing'!L$6,('FF-Detailing'!M$6+((Y5-'FF-Detailing'!L$6)/('FF-Detailing'!L$5-'FF-Detailing'!L$6)*'FF-Detailing'!N$6)),0))))*$AP$2/10 -> 3 | AQ5: =SUM(AB5:AP5)*100/90 -> 35.453181 | AR5: =_xlfn.RANK.EQ(AQ5,$AQ$4:$AQ$21) -> 12 | AS5: 3.0004439 | AT5: =IFERROR(IF($K5>=99.5,M5,""),"") | AU5: =IFERROR(IF($K5>=99.5,L5,""),"") | AV5: =IFERROR(IF($K5>=99.5,X5,""),"") | AW5: =IFERROR(IF($K5>=99.5,O5,""),"") | AX5: =IFERROR(IF($K5>=99.5,#REF!,""),"") | AY5: =IFERROR(IF($K5>=99.5,_xlfn.RANK.EQ(AS5,AS$4:AS$21),"Disqualified"),"Not eligible") -> Disqualified | AZ5: =IFERROR(IF($K5>=99.5,_xlfn.RANK.EQ(AT5,AT$4:AT$21),"Disqualified"),"Not eligible") -> Disqualified | BA5: =IFERROR(IF($K5>=99.5,_xlfn.RANK.EQ(AU5,AU$4:AU$21),"Disqualified"),"Not eligible") -> Disqualified | BB5: =IFERROR(IF($K5>=99.5,_xlfn.RANK.EQ(AV5,AV$4:AV$21),"Disqualified"),"Not eligible") -> Disqualified | BC5: =IFERROR(IF($K5>=99.5,_xlfn.RANK.EQ(AW5,AW$4:AW$21),"Disqualified"),"Not eligible") -> Disqualified | BD5: =IFERROR(IF($K5>=99.5,_xlfn.RANK.EQ(AX5,AX$4:AX$21),"Disqualified"),"Not eligible") -> Disqualified
B6: 104722 | C6: Krishna Chandra Roy | D6: Sr. RSM | E6: Rangpur | F6: SYGK Bogura Zone-4 | G6: Foundation SD | H6: 36918 | I6: Regular | J6: 9 | K6: 80.129857 | L6: 27.178899 | M6: 56.983744 | N6: 87.244895 | O6: 20.720721 | P6: 0 | Q6: 0 | R6: 0 | S6: 88.437294 | T6: 192.01229 | U6: 0 | V6: 69.585938 | W6: 66.013072 | X6: 72.962515 | Y6: 79.800842 | Z6: 1 | AB6: =IF(K6>='Sales Ach'!L$3,'Sales Ach'!M$3,IF(K6>='Sales Ach'!L$4,('Sales Ach'!M$4+((K6-'Sales Ach'!L$4)/('Sales Ach'!L$3-'Sales Ach'!L$4))*'Sales Ach'!N$4),IF(K6>'Sales Ach'!L$5,('Sales Ach'!M$5+((K6-'Sales Ach'!L$5)/('Sales Ach'!L$4-'Sales Ach'!L$5))*'Sales Ach'!N$5),IF(K6>='Sales Ach'!L$6,('Sales Ach'!M$6+((K6-'Sales Ach'!L$6)/('Sales Ach'!L$5-'Sales Ach'!L$6)*'Sales Ach'!N$6)),0))))*$AB$2/10 -> 7.0259715 | AC6: =IF(L6>=UA!L$3,UA!M$3,IF(L6>=UA!L$4,(UA!M$4+((L6-UA!L$4)/(UA!L$3-UA!L$4))*UA!N$4),IF(L6>UA!L$5,(UA!M$5+((L6-UA!L$5)/(UA!L$4-UA!L$5))*UA!N$5),IF(L6>=UA!L$6,(UA!M$6+((L6-UA!L$6)/(UA!L$5-UA!L$6)*UA!N$6)),0))))*$AC$2/10 -> 0 | AD6: =IF(M6="","",(IF(M6>='New Product'!L$3,'New Product'!M$3,IF(M6>='New Product'!L$4,('New Product'!M$4+((M6-'New Product'!L$4)/('New Product'!L$3-'New Product'!L$4))*'New Product'!N$4),IF(M6>'New Product'!L$5,('New Product'!M$5+((M6-'New Product'!L$5)/('New Product'!L$4-'New Product'!L$5))*'New Product'!N$5),IF(M6>='New Product'!L$6,('New Product'!M$6+((M6-'New Product'!L$6)/('New Product'!L$5-'New Product'!L$6)*'New Product'!N$6)),0))))*$AD$2/10)) -> 1.3902543 | AE6: =IF(N6>='Basket Brand'!L$3,'Basket Brand'!M$3,IF(N6>='Basket Brand'!L$4,('Basket Brand'!M$4+((N6-'Basket Brand'!L$4)/('Basket Brand'!L$3-'Basket Brand'!L$4))*'Basket Brand'!N$4),IF(N6>'Basket Brand'!L$5,('Basket Brand'!M$5+((N6-'Basket Brand'!L$5)/('Basket Brand'!L$4-'Basket Brand'!L$5))*'Basket Brand'!N$5),IF(N6>='Basket Brand'!L$6,('Basket Brand'!M$6+((N6-'Basket Brand'!L$6)/('Basket Brand'!L$5-'Basket Brand'!L$6)*'Basket Brand'!N$6)),0))))*$AE$2/10 -> 3.3795916 | AF6: =IF(O6>='Territory Month'!G$3,'Territory Month'!H$3,IF(O6>='Territory Month'!G$4,('Territory Month'!H$4+((O6-'Territory Month'!G$4)/('Territory Month'!G$3-'Territory Month'!G$4))*'Territory Month'!I$4),IF(O6>'Territory Month'!G$5,('Territory Month'!H$5+((O6-'Territory Month'!G$5)/('Territory Month'!G$4-'Territory Month'!G$5))*'Territory Month'!I$5),IF(O6>='Territory Month'!G$6,('Territory Month'!H$6+((O6-'Territory Month'!G$6)/('Territory Month'!G$5-'Territory Month'!G$6)*'Territory Month'!I$6)),0))))*$AF$2/10 -> 0 | AG6: =IF(P6>='No of Month Ach.'!L$3,'No of Month Ach.'!M$3,IF(P6>='No of Month Ach.'!L$4,('No of Month Ach.'!M$4+((P6-'No of Month Ach.'!L$4)/('No of Month Ach.'!L$3-'No of Month Ach.'!L$4))*'No of Month Ach.'!N$4),IF(P6>'No of Month Ach.'!L$5,('No of Month Ach.'!M$5+((P6-'No of Month Ach.'!L$5)/('No of Month Ach.'!L$4-'No of Month Ach.'!L$5))*'No of Month Ach.'!N$5),IF(P6>='No of Month Ach.'!L$6,('No of Month Ach.'!M$6+((P6-'No of Month Ach.'!L$6)/('No of Month Ach.'!L$5-'No of Month Ach.'!L$6)*'No of Month Ach.'!N$6)),0))))*$AG$2/10 -> 0 | AH6: =IF(Q6>='Portfolio Ach.'!B$3,'Portfolio Ach.'!C$3,IF(Q6>='Portfolio Ach.'!B$4,('Portfolio Ach.'!C$4+((Q6-'Portfolio Ach.'!B$4)/('Portfolio Ach.'!B$3-'Portfolio Ach.'!B$4))*'Portfolio Ach.'!D$4),IF(Q6>'Portfolio Ach.'!B$5,('Portfolio Ach.'!C$5+((Q6-'Portfolio Ach.'!B$5)/('Portfolio Ach.'!B$4-'Portfolio Ach.'!B$5))*'Portfolio Ach.'!D$5),IF(Q6>='Portfolio Ach.'!B$6,('Portfolio Ach.'!C$6+((Q6-'Portfolio Ach.'!B$6)/('Portfolio Ach.'!B$5-'Portfolio Ach.'!B$6)*'Portfolio Ach.'!D$6)),0))))*$AH$2/10 -> 0 | AI6: =IF(R6="","",IF(R6>='Rx Share'!L$3,'Rx Share'!M$3,IF(R6>='Rx Share'!L$4,('Rx Share'!M$4+((R6-'Rx Share'!L$4)/('Rx Share'!L$3-'Rx Share'!L$4))*'Rx Share'!N$4),IF(R6>'Rx Share'!L$5,('Rx Share'!M$5+((R6-'Rx Share'!L$5)/('Rx Share'!L$4-'Rx Share'!L$5))*'Rx Share'!N$5),IF(R6>='Rx Share'!L$6,('Rx Share'!M$6+((R6-'Rx Share'!L$6)/('Rx Share'!L$5-'Rx Share'!L$6)*'Rx Share'!N$6)),0)))))*$AI$1/10 -> 0 | AJ6: =IF(S6="","",IF(S6>='Rx Share'!L$3,'Rx Share'!M$3,IF(S6>='Rx Share'!L$4,('Rx Share'!M$4+((S6-'Rx Share'!L$4)/('Rx Share'!L$3-'Rx Share'!L$4))*'Rx Share'!N$4),IF(S6>'Rx Share'!L$5,('Rx Share'!M$5+((S6-'Rx Share'!L$5)/('Rx Share'!L$4-'Rx Share'!L$5))*'Rx Share'!N$5),IF(S6>='Rx Share'!L$6,('Rx Share'!M$6+((S6-'Rx Share'!L$6)/('Rx Share'!L$5-'Rx Share'!L$6)*'Rx Share'!N$6)),0)))))*$AJ$1/10 -> 4.6124753 | AK6: =IF(T6="","",IF(T6>='Rx Share'!L$3,'Rx Share'!M$3,IF(T6>='Rx Share'!L$4,('Rx Share'!M$4+((T6-'Rx Share'!L$4)/('Rx Share'!L$3-'Rx Share'!L$4))*'Rx Share'!N$4),IF(T6>'Rx Share'!L$5,('Rx Share'!M$5+((T6-'Rx Share'!L$5)/('Rx Share'!L$4-'Rx Share'!L$5))*'Rx Share'!N$5),IF(T6>='Rx Share'!L$6,('Rx Share'!M$6+((T6-'Rx Share'!L$6)/('Rx Share'!L$5-'Rx Share'!L$6)*'Rx Share'!N$6)),0)))))*$AK$1/10 -> 4 | AL6: =IF(U6="","",IF(U6>='Rx Share'!M$3,'Rx Share'!N$3,IF(U6>='Rx Share'!M$4,('Rx Share'!N$4+((U6-'Rx Share'!M$4)/('Rx Share'!M$3-'Rx Share'!M$4))*'Rx Share'!O$4),IF(U6>'Rx Share'!M$5,('Rx Share'!N$5+((U6-'Rx Share'!M$5)/('Rx Share'!M$4-'Rx Share'!M$5))*'Rx Share'!O$5),IF(U6>='Rx Share'!M$6,('Rx Share'!N$6+((U6-'Rx Share'!M$6)/('Rx Share'!M$5-'Rx Share'!M$6)*'Rx Share'!O$6)),0)))))*$AL$1/10 -> 0 | AM6: =IF(V6>='Call Achv'!L$3,'Call Achv'!M$3,IF(V6>='Call Achv'!L$4,('Call Achv'!M$4+((V6-'Call Achv'!L$4)/('Call Achv'!L$3-'Call Achv'!L$4))*'Call Achv'!N$4),IF(V6>'Call Achv'!L$5,('Call Achv'!M$5+((V6-'Call Achv'!L$5)/('Call Achv'!L$4-'Call Achv'!L$5))*'Call Achv'!N$5),IF(V6>='Call Achv'!L$6,('Call Achv'!M$6+((V6-'Call Achv'!L$6)/('Call Achv'!L$5-'Call Achv'!L$6)*'Call Achv'!N$6)),0))))*$AM$2/10 -> 0 | AN6: =IF(W6>='DM Coaching'!G$3,'DM Coaching'!H$3,IF(W6>='DM Coaching'!G$4,('DM Coaching'!H$4+((W6-'DM Coaching'!G$4)/('DM Coaching'!G$3-'DM Coaching'!G$4))*'DM Coaching'!I$4),IF(W6>'DM Coaching'!G$5,('DM Coaching'!H$5+((W6-'DM Coaching'!G$5)/('DM Coaching'!G$4-'DM Coaching'!G$5))*'DM Coaching'!I$5),IF(W6>='DM Coaching'!G$6,('DM Coaching'!H$6+((W6-'DM Coaching'!G$6)/('DM Coaching'!G$5-'DM Coaching'!G$6)*'DM Coaching'!I$6)),0))))*$AN$2/10 -> 2.7607843 | AO6: =IF(X6>='FF-Written'!L$3,'FF-Written'!M$3,IF(X6>='FF-Written'!L$4,('FF-Written'!M$4+((X6-'FF-Written'!L$4)/('FF-Written'!L$3-'FF-Written'!L$4))*'FF-Written'!N$4),IF(X6>'FF-Written'!L$5,('FF-Written'!M$5+((X6-'FF-Written'!L$5)/('FF-Written'!L$4-'FF-Written'!L$5))*'FF-Written'!N$5),IF(X6>='FF-Written'!L$6,('FF-Written'!M$6+((X6-'FF-Written'!L$6)/('FF-Written'!L$5-'FF-Written'!L$6)*'FF-Written'!N$6)),0))))*$AO$2/10 -> 6.0147521 | AP6: =IF(Y6>='FF-Detailing'!L$3,'FF-Detailing'!M$3,IF(Y6>='FF-Detailing'!L$4,('FF-Detailing'!M$4+((Y6-'FF-Detailing'!L$4)/('FF-Detailing'!L$3-'FF-Detailing'!L$4))*'FF-Detailing'!N$4),IF(Y6>'FF-Detailing'!L$5,('FF-Detailing'!M$5+((Y6-'FF-Detailing'!L$5)/('FF-Detailing'!L$4-'FF-Detailing'!L$5))*'FF-Detailing'!N$5),IF(Y6>='FF-Detailing'!L$6,('FF-Detailing'!M$6+((Y6-'FF-Detailing'!L$6)/('FF-Detailing'!L$5-'FF-Detailing'!L$6)*'FF-Detailing'!N$6)),0))))*$AP$2/10 -> 2.5320758 | AQ6: =SUM(AB6:AP6)*100/90 -> 35.239894 | AR6: =_xlfn.RANK.EQ(AQ6,$AQ$4:$AQ$21) -> 13 | AS6: 2.9565217 | AT6: =IFERROR(IF($K6>=99.5,M6,""),"") | AU6: =IFERROR(IF($K6>=99.5,L6,""),"") | AV6: =IFERROR(IF($K6>=99.5,X6,""),"") | AW6: =IFERROR(IF($K6>=99.5,O6,""),"") | AX6: =IFERROR(IF($K6>=99.5,#REF!,""),"") | AY6: =IFERROR(IF($K6>=99.5,_xlfn.RANK.EQ(AS6,AS$4:AS$21),"Disqualified"),"Not eligible") -> Disqualified | AZ6: =IFERROR(IF($K6>=99.5,_xlfn.RANK.EQ(AT6,AT$4:AT$21),"Disqualified"),"Not eligible") -> Disqualified | BA6: =IFERROR(IF($K6>=99.5,_xlfn.RANK.EQ(AU6,AU$4:AU$21),"Disqualified"),"Not eligible") -> Disqualified | BB6: =IFERROR(IF($K6>=99.5,_xlfn.RANK.EQ(AV6,AV$4:AV$21),"Disqualified"),"Not eligible") -> Disqualified | BC6: =IFERROR(IF($K6>=99.5,_xlfn.RANK.EQ(AW6,AW$4:AW$21),"Disqualified"),"Not eligible") -> Disqualified | BD6: =IFERROR(IF($K6>=99.5,_xlfn.RANK.EQ(AX6,AX$4:AX$21),"Disqualified"),"Not eligible") -> Disqualified
B7: 104757 | C7: Shafiqur Rahman | D7: RSM | E7: SYT Rajshahi | F7: SYT Zone | G7: Foundation SD | H7: 38362 | I7: Regular | J7: 9 | K7: 79.976507 | L7: 12.121212 | M7: 65.01286 | N7: 83.051653 | O7: 18.148148 | P7: 0 | Q7: 0 | R7: 23.602033 | S7: 0 | T7: 0 | U7: 108.26592 | V7: 82.563988 | W7: 91.37935 | X7: 65.908205 | Y7: 82.7014 | Z7: 1 | AB7: =IF(K7>='Sales Ach'!L$3,'Sales Ach'!M$3,IF(K7>='Sales Ach'!L$4,('Sales Ach'!M$4+((K7-'Sales Ach'!L$4)/('Sales Ach'!L$3-'Sales Ach'!L$4))*'Sales Ach'!N$4),IF(K7>'Sales Ach'!L$5,('Sales Ach'!M$5+((K7-'Sales Ach'!L$5)/('Sales Ach'!L$4-'Sales Ach'!L$5))*'Sales Ach'!N$5),IF(K7>='Sales Ach'!L$6,('Sales Ach'!M$6+((K7-'Sales Ach'!L$6)/('Sales Ach'!L$5-'Sales Ach'!L$6)*'Sales Ach'!N$6)),0))))*$AB$2/10 -> 6.9953014 | AC7: =IF(L7>=UA!L$3,UA!M$3,IF(L7>=UA!L$4,(UA!M$4+((L7-UA!L$4)/(UA!L$3-UA!L$4))*UA!N$4),IF(L7>UA!L$5,(UA!M$5+((L7-UA!L$5)/(UA!L$4-UA!L$5))*UA!N$5),IF(L7>=UA!L$6,(UA!M$6+((L7-UA!L$6)/(UA!L$5-UA!L$6)*UA!N$6)),0))))*$AC$2/10 -> 0 | AD7: =IF(M7="","",(IF(M7>='New Product'!L$3,'New Product'!M$3,IF(M7>='New Product'!L$4,('New Product'!M$4+((M7-'New Product'!L$4)/('New Product'!L$3-'New Product'!L$4))*'New Product'!N$4),IF(M7>'New Product'!L$5,('New Product'!M$5+((M7-'New Product'!L$5)/('New Product'!L$4-'New Product'!L$5))*'New Product'!N$5),IF(M7>='New Product'!L$6,('New Product'!M$6+((M7-'New Product'!L$6)/('New Product'!L$5-'New Product'!L$6)*'New Product'!N$6)),0))))*$AD$2/10)) -> 1.8820377 | AE7: =IF(N7>='Basket Brand'!L$3,'Basket Brand'!M$3,IF(N7>='Basket Brand'!L$4,('Basket Brand'!M$4+((N7-'Basket Brand'!L$4)/('Basket Brand'!L$3-'Basket Brand'!L$4))*'Basket Brand'!N$4),IF(N7>'Basket Brand'!L$5,('Basket Brand'!M$5+((N7-'Basket Brand'!L$5)/('Basket Brand'!L$4-'Basket Brand'!L$5))*'Basket Brand'!N$5),IF(N7>='Basket Brand'!L$6,('Basket Brand'!M$6+((N7-'Basket Brand'!L$6)/('Basket Brand'!L$5-'Basket Brand'!L$6)*'Basket Brand'!N$6)),0))))*$AE$2/10 -> 3.0441323 | AF7: =IF(O7>='Territory Month'!G$3,'Territory Month'!H$3,IF(O7>='Territory Month'!G$4,('Territory Month'!H$4+((O7-'Territory Month'!G$4)/('Territory Month'!G$3-'Territory Month'!G$4))*'Territory Month'!I$4),IF(O7>'Territory Month'!G$5,('Territory Month'!H$5+((O7-'Territory Month'!G$5)/('Territory Month'!G$4-'Territory Month'!G$5))*'Territory Month'!I$5),IF(O7>='Territory Month'!G$6,('Territory Month'!H$6+((O7-'Territory Month'!G$6)/('Territory Month'!G$5-'Territory Month'!G$6)*'Territory Month'!I$6)),0))))*$AF$2/10 -> 0 | AG7: =IF(P7>='No of Month Ach.'!L$3,'No of Month Ach.'!M$3,IF(P7>='No of Month Ach.'!L$4,('No of Month Ach.'!M$4+((P7-'No of Month Ach.'!L$4)/('No of Month Ach.'!L$3-'No of Month Ach.'!L$4))*'No of Month Ach.'!N$4),IF(P7>'No of Month Ach.'!L$5,('No of Month Ach.'!M$5+((P7-'No of Month Ach.'!L$5)/('No of Month Ach.'!L$4-'No of Month Ach.'!L$5))*'No of Month Ach.'!N$5),IF(P7>='No of Month Ach.'!L$6,('No of Month Ach.'!M$6+((P7-'No of Month Ach.'!L$6)/('No of Month Ach.'!L$5-'No of Month Ach.'!L$6)*'No of Month Ach.'!N$6)),0))))*$AG$2/10 -> 0 | AH7: =IF(Q7>='Portfolio Ach.'!B$3,'Portfolio Ach.'!C$3,IF(Q7>='Portfolio Ach.'!B$4,('Portfolio Ach.'!C$4+((Q7-'Portfolio Ach.'!B$4)/('Portfolio Ach.'!B$3-'Portfolio Ach.'!B$4))*'Portfolio Ach.'!D$4),IF(Q7>'Portfolio Ach.'!B$5,('Portfolio Ach.'!C$5+((Q7-'Portfolio Ach.'!B$5)/('Portfolio Ach.'!B$4-'Portfolio Ach.'!B$5))*'Portfolio Ach.'!D$5),IF(Q7>='Portfolio Ach.'!B$6,('Portfolio Ach.'!C$6+((Q7-'Portfolio Ach.'!B$6)/('Portfolio Ach.'!B$5-'Portfolio Ach.'!B$6)*'Portfolio Ach.'!D$6)),0))))*$AH$2/10 -> 0 | AI7: =IF(R7="","",IF(R7>='Rx Share'!L$3,'Rx Share'!M$3,IF(R7>='Rx Share'!L$4,('Rx Share'!M$4+((R7-'Rx Share'!L$4)/('Rx Share'!L$3-'Rx Share'!L$4))*'Rx Share'!N$4),IF(R7>'Rx Share'!L$5,('Rx Share'!M$5+((R7-'Rx Share'!L$5)/('Rx Share'!L$4-'Rx Share'!L$5))*'Rx Share'!N$5),IF(R7>='Rx Share'!L$6,('Rx Share'!M$6+((R7-'Rx Share'!L$6)/('Rx Share'!L$5-'Rx Share'!L$6)*'Rx Share'!N$6)),0)))))*$AI$1/10 -> 0 | AJ7: =IF(S7="","",IF(S7>='Rx Share'!L$3,'Rx Share'!M$3,IF(S7>='Rx Share'!L$4,('Rx Share'!M$4+((S7-'Rx Share'!L$4)/('Rx Share'!L$3-'Rx Share'!L$4))*'Rx Share'!N$4),IF(S7>'Rx Share'!L$5,('Rx Share'!M$5+((S7-'Rx Share'!L$5)/('Rx Share'!L$4-'Rx Share'!L$5))*'Rx Share'!N$5),IF(S7>='Rx Share'!L$6,('Rx Share'!M$6+((S7-'Rx Share'!L$6)/('Rx Share'!L$5-'Rx Share'!L$6)*'Rx Share'!N$6)),0)))))*$AJ$1/10 -> 0 | AK7: =IF(T7="","",IF(T7>='Rx Share'!L$3,'Rx Share'!M$3,IF(T7>='Rx Share'!L$4,('Rx Share'!M$4+((T7-'Rx Share'!L$4)/('Rx Share'!L$3-'Rx Share'!L$4))*'Rx Share'!N$4),IF(T7>'Rx Share'!L$5,('Rx Share'!M$5+((T7-'Rx Share'!L$5)/('Rx Share'!L$4-'Rx Share'!L$5))*'Rx Share'!N$5),IF(T7>='Rx Share'!L$6,('Rx Share'!M$6+((T7-'Rx Share'!L$6)/('Rx Share'!L$5-'Rx Share'!L$6)*'Rx Share'!N$6)),0)))))*$AK$1/10 -> 0 | AL7: =IF(U7="","",IF(U7>='Rx Share'!M$3,'Rx Share'!N$3,IF(U7>='Rx Share'!M$4,('Rx Share'!N$4+((U7-'Rx Share'!M$4)/('Rx Share'!M$3-'Rx Share'!M$4))*'Rx Share'!O$4),IF(U7>'Rx Share'!M$5,('Rx Share'!N$5+((U7-'Rx Share'!M$5)/('Rx Share'!M$4-'Rx Share'!M$5))*'Rx Share'!O$5),IF(U7>='Rx Share'!M$6,('Rx Share'!N$6+((U7-'Rx Share'!M$6)/('Rx Share'!M$5-'Rx Share'!M$6)*'Rx Share'!O$6)),0)))))*$AL$1/10 -> 0 | AM7: =IF(V7>='Call Achv'!L$3,'Call Achv'!M$3,IF(V7>='Call Achv'!L$4,('Call Achv'!M$4+((V7-'Call Achv'!L$4)/('Call Achv'!L$3-'Call Achv'!L$4))*'Call Achv'!N$4),IF(V7>'Call Achv'!L$5,('Call Achv'!M$5+((V7-'Call Achv'!L$5)/('Call Achv'!L$4-'Call Achv'!L$5))*'Call Achv'!N$5),IF(V7>='Call Achv'!L$6,('Call Achv'!M$6+((V7-'Call Achv'!L$6)/('Call Achv'!L$5-'Call Achv'!L$6)*'Call Achv'!N$6)),0))))*$AM$2/10 -> 0.69869785 | AN7: =IF(W7>='DM Coaching'!G$3,'DM Coaching'!H$3,IF(W7>='DM Coaching'!G$4,('DM Coaching'!H$4+((W7-'DM Coaching'!G$4)/('DM Coaching'!G$3-'DM Coaching'!G$4))*'DM Coaching'!I$4),IF(W7>'DM Coaching'!G$5,('DM Coaching'!H$5+((W7-'DM Coaching'!G$5)/('DM Coaching'!G$4-'DM Coaching'!G$5))*'DM Coaching'!I$5),IF(W7>='DM Coaching'!G$6,('DM Coaching'!H$6+((W7-'DM Coaching'!G$6)/('DM Coaching'!G$5-'DM Coaching'!G$6)*'DM Coaching'!I$6)),0))))*$AN$2/10 -> 3 | AO7: =IF(X7>='FF-Written'!L$3,'FF-Written'!M$3,IF(X7>='FF-Written'!L$4,('FF-Written'!M$4+((X7-'FF-Written'!L$4)/('FF-Written'!L$3-'FF-Written'!L$4))*'FF-Written'!N$4),IF(X7>'FF-Written'!L$5,('FF-Written'!M$5+((X7-'FF-Written'!L$5)/('FF-Written'!L$4-'FF-Written'!L$5))*'FF-Written'!N$5),IF(X7>='FF-Written'!L$6,('FF-Written'!M$6+((X7-'FF-Written'!L$6)/('FF-Written'!L$5-'FF-Written'!L$6)*'FF-Written'!N$6)),0))))*$AO$2/10 -> 4.4542974 | AP7: =IF(Y7>='FF-Detailing'!L$3,'FF-Detailing'!M$3,IF(Y7>='FF-Detailing'!L$4,('FF-Detailing'!M$4+((Y7-'FF-Detailing'!L$4)/('FF-Detailing'!L$3-'FF-Detailing'!L$4))*'FF-Detailing'!N$4),IF(Y7>'FF-Detailing'!L$5,('FF-Detailing'!M$5+((Y7-'FF-Detailing'!L$5)/('FF-Detailing'!L$4-'FF-Detailing'!L$5))*'FF-Detailing'!N$5),IF(Y7>='FF-Detailing'!L$6,('FF-Detailing'!M$6+((Y7-'FF-Detailing'!L$6)/('FF-Detailing'!L$5-'FF-Detailing'!L$6)*'FF-Detailing'!N$6)),0))))*$AP$2/10 -> 2.793126 | AQ7: =SUM(AB7:AP7)*100/90 -> 25.408436 | AR7: =_xlfn.RANK.EQ(AQ7,$AQ$4:$AQ$21) -> 17 | AS7: 2.751974 | AT7: =IFERROR(IF($K7>=99.5,M7,""),"") | AU7: =IFERROR(IF($K7>=99.5,L7,""),"") | AV7: =IFERROR(IF($K7>=99.5,X7,""),"") | AW7: =IFERROR(IF($K7>=99.5,O7,""),"") | AX7: =IFERROR(IF($K7>=99.5,#REF!,""),"") | AY7: =IFERROR(IF($K7>=99.5,_xlfn.RANK.EQ(AS7,AS$4:AS$21),"Disqualified"),"Not eligible") -> Disqualified | AZ7: =IFERROR(IF($K7>=99.5,_xlfn.RANK.EQ(AT7,AT$4:AT$21),"Disqualified"),"Not eligible") -> Disqualified | BA7: =IFERROR(IF($K7>=99.5,_xlfn.RANK.EQ(AU7,AU$4:AU$21),"Disqualified"),"Not eligible") -> Disqualified | BB7: =IFERROR(IF($K7>=99.5,_xlfn.RANK.EQ(AV7,AV$4:AV$21),"Disqualified"),"Not eligible") -> Disqualified | BC7: =IFERROR(IF($K7>=99.5,_xlfn.RANK.EQ(AW7,AW$4:AW$21),"Disqualified"),"Not eligible") -> Disqualified | BD7: =IFERROR(IF($K7>=99.5,_xlfn.RANK.EQ(AX7,AX$4:AX$21),"Disqualified"),"Not eligible") -> Disqualified
B8: 104766 | C8: Amit Kumar Saha | D8: RSM | E8: Chattogram-2 | F8: SYGK Chattogram Zone-3 | G8: Foundation SD | H8: 38518 | I8: Regular | J8: 9 | K8: 83.027512 | L8: 25.802752 | M8: 50.283759 | N8: 95.274568 | O8: 12.946429 | P8: 0 | Q8: 0 | R8: 0 | S8: 109.41858 | T8: 176.73049 | U8: 0 | V8: 77.276861 | W8: 87.801418 | X8: 73.703704 | Y8: 83.403175 | Z8: 1 | AB8: =IF(K8>='Sales Ach'!L$3,'Sales Ach'!M$3,IF(K8>='Sales Ach'!L$4,('Sales Ach'!M$4+((K8-'Sales Ach'!L$4)/('Sales Ach'!L$3-'Sales Ach'!L$4))*'Sales Ach'!N$4),IF(K8>'Sales Ach'!L$5,('Sales Ach'!M$5+((K8-'Sales Ach'!L$5)/('Sales Ach'!L$4-'Sales Ach'!L$5))*'Sales Ach'!N$5),IF(K8>='Sales Ach'!L$6,('Sales Ach'!M$6+((K8-'Sales Ach'!L$6)/('Sales Ach'!L$5-'Sales Ach'!L$6)*'Sales Ach'!N$6)),0))))*$AB$2/10 -> 7.6055024 | AC8: =IF(L8>=UA!L$3,UA!M$3,IF(L8>=UA!L$4,(UA!M$4+((L8-UA!L$4)/(UA!L$3-UA!L$4))*UA!N$4),IF(L8>UA!L$5,(UA!M$5+((L8-UA!L$5)/(UA!L$4-UA!L$5))*UA!N$5),IF(L8>=UA!L$6,(UA!M$6+((L8-UA!L$6)/(UA!L$5-UA!L$6)*UA!N$6)),0))))*$AC$2/10 -> 0 | AD8: =IF(M8="","",(IF(M8>='New Product'!L$3,'New Product'!M$3,IF(M8>='New Product'!L$4,('New Product'!M$4+((M8-'New Product'!L$4)/('New Product'!L$3-'New Product'!L$4))*'New Product'!N$4),IF(M8>'New Product'!L$5,('New Product'!M$5+((M8-'New Product'!L$5)/('New Product'!L$4-'New Product'!L$5))*'New Product'!N$5),IF(M8>='New Product'!L$6,('New Product'!M$6+((M8-'New Product'!L$6)/('New Product'!L$5-'New Product'!L$6)*'New Product'!N$6)),0))))*$AD$2/10)) -> 0.97988026 | AE8: =IF(N8>='Basket Brand'!L$3,'Basket Brand'!M$3,IF(N8>='Basket Brand'!L$4,('Basket Brand'!M$4+((N8-'Basket Brand'!L$4)/('Basket Brand'!L$3-'Basket Brand'!L$4))*'Basket Brand'!N$4),IF(N8>'Basket Brand'!L$5,('Basket Brand'!M$5+((N8-'Basket Brand'!L$5)/('Basket Brand'!L$4-'Basket Brand'!L$5))*'Basket Brand'!N$5),IF(N8>='Basket Brand'!L$6,('Basket Brand'!M$6+((N8-'Basket Brand'!L$6)/('Basket Brand'!L$5-'Basket Brand'!L$6)*'Basket Brand'!N$6)),0))))*$AE$2/10 -> 4.0878617 | AF8: =IF(O8>='Territory Month'!G$3,'Territory Month'!H$3,IF(O8>='Territory Month'!G$4,('Territory Month'!H$4+((O8-'Territory Month'!G$4)/('Territory Month'!G$3-'Territory Month'!G$4))*'Territory Month'!I$4),IF(O8>'Territory Month'!G$5,('Territory Month'!H$5+((O8-'Territory Month'!G$5)/('Territory Month'!G$4-'Territory Month'!G$5))*'Territory Month'!I$5),IF(O8>='Territory Month'!G$6,('Territory Month'!H$6+((O8-'Territory Month'!G$6)/('Territory Month'!G$5-'Territory Month'!G$6)*'Territory Month'!I$6)),0))))*$AF$2/10 -> 0 | AG8: =IF(P8>='No of Month Ach.'!L$3,'No of Month Ach.'!M$3,IF(P8>='No of Month Ach.'!L$4,('No of Month Ach.'!M$4+((P8-'No of Month Ach.'!L$4)/('No of Month Ach.'!L$3-'No of Month Ach.'!L$4))*'No of Month Ach.'!N$4),IF(P8>'No of Month Ach.'!L$5,('No of Month Ach.'!M$5+((P8-'No of Month Ach.'!L$5)/('No of Month Ach.'!L$4-'No of Month Ach.'!L$5))*'No of Month Ach.'!N$5),IF(P8>='No of Month Ach.'!L$6,('No of Month Ach.'!M$6+((P8-'No of Month Ach.'!L$6)/('No of Month Ach.'!L$5-'No of Month Ach.'!L$6)*'No of Month Ach.'!N$6)),0))))*$AG$2/10 -> 0 | AH8: =IF(Q8>='Portfolio Ach.'!B$3,'Portfolio Ach.'!C$3,IF(Q8>='Portfolio Ach.'!B$4,('Portfolio Ach.'!C$4+((Q8-'Portfolio Ach.'!B$4)/('Portfolio Ach.'!B$3-'Portfolio Ach.'!B$4))*'Portfolio Ach.'!D$4),IF(Q8>'Portfolio Ach.'!B$5,('Portfolio Ach.'!C$5+((Q8-'Portfolio Ach.'!B$5)/('Portfolio Ach.'!B$4-'Portfolio Ach.'!B$5))*'Portfolio Ach.'!D$5),IF(Q8>='Portfolio Ach.'!B$6,('Portfolio Ach.'!C$6+((Q8-'Portfolio Ach.'!B$6)/('Portfolio Ach.'!B$5-'Portfolio Ach.'!B$6)*'Portfolio Ach.'!D$6)),0))))*$AH$2/10 -> 0 | AI8: =IF(R8="","",IF(R8>='Rx Share'!L$3,'Rx Share'!M$3,IF(R8>='Rx Share'!L$4,('Rx Share'!M$4+((R8-'Rx Share'!L$4)/('Rx Share'!L$3-'Rx Share'!L$4))*'Rx Share'!N$4),IF(R8>'Rx Share'!L$5,('Rx Share'!M$5+((R8-'Rx Share'!L$5)/('Rx Share'!L$4-'Rx Share'!L$5))*'Rx Share'!N$5),IF(R8>='Rx Share'!L$6,('Rx Share'!M$6+((R8-'Rx Share'!L$6)/('Rx Share'!L$5-'Rx Share'!L$6)*'Rx Share'!N$6)),0)))))*$AI$1/10 -> 0 | AJ8: =IF(S8="","",IF(S8>='Rx Share'!L$3,'Rx Share'!M$3,IF(S8>='Rx Share'!L$4,('Rx Share'!M$4+((S8-'Rx Share'!L$4)/('Rx Share'!L$3-'Rx Share'!L$4))*'Rx Share'!N$4),IF(S8>'Rx Share'!L$5,('Rx Share'!M$5+((S8-'Rx Share'!L$5)/('Rx Share'!L$4-'Rx Share'!L$5))*'Rx Share'!N$5),IF(S8>='Rx Share'!L$6,('Rx Share'!M$6+((S8-'Rx Share'!L$6)/('Rx Share'!L$5-'Rx Share'!L$6)*'Rx Share'!N$6)),0)))))*$AJ$1/10 -> 6 | AK8: =IF(T8="","",IF(T8>='Rx Share'!L$3,'Rx Share'!M$3,IF(T8>='Rx Share'!L$4,('Rx Share'!M$4+((T8-'Rx Share'!L$4)/('Rx Share'!L$3-'Rx Share'!L$4))*'Rx Share'!N$4),IF(T8>'Rx Share'!L$5,('Rx Share'!M$5+((T8-'Rx Share'!L$5)/('Rx Share'!L$4-'Rx Share'!L$5))*'Rx Share'!N$5),IF(T8>='Rx Share'!L$6,('Rx Share'!M$6+((T8-'Rx Share'!L$6)/('Rx Share'!L$5-'Rx Share'!L$6)*'Rx Share'!N$6)),0)))))*$AK$1/10 -> 4 | AL8: =IF(U8="","",IF(U8>='Rx Share'!M$3,'Rx Share'!N$3,IF(U8>='Rx Share'!M$4,('Rx Share'!N$4+((U8-'Rx Share'!M$4)/('Rx Share'!M$3-'Rx Share'!M$4))*'Rx Share'!O$4),IF(U8>'Rx Share'!M$5,('Rx Share'!N$5+((U8-'Rx Share'!M$5)/('Rx Share'!M$4-'Rx Share'!M$5))*'Rx Share'!O$5),IF(U8>='Rx Share'!M$6,('Rx Share'!N$6+((U8-'Rx Share'!M$6)/('Rx Share'!M$5-'Rx Share'!M$6)*'Rx Share'!O$6)),0)))))*$AL$1/10 -> 0 | AM8: =IF(V8>='Call Achv'!L$3,'Call Achv'!M$3,IF(V8>='Call Achv'!L$4,('Call Achv'!M$4+((V8-'Call Achv'!L$4)/('Call Achv'!L$3-'Call Achv'!L$4))*'Call Achv'!N$4),IF(V8>'Call Achv'!L$5,('Call Achv'!M$5+((V8-'Call Achv'!L$5)/('Call Achv'!L$4-'Call Achv'!L$5))*'Call Achv'!N$5),IF(V8>='Call Achv'!L$6,('Call Achv'!M$6+((V8-'Call Achv'!L$6)/('Call Achv'!L$5-'Call Achv'!L$6)*'Call Achv'!N$6)),0))))*$AM$2/10 -> 0 | AN8: =IF(W8>='DM Coaching'!G$3,'DM Coaching'!H$3,IF(W8>='DM Coaching'!G$4,('DM Coaching'!H$4+((W8-'DM Coaching'!G$4)/('DM Coaching'!G$3-'DM Coaching'!G$4))*'DM Coaching'!I$4),IF(W8>'DM Coaching'!G$5,('DM Coaching'!H$5+((W8-'DM Coaching'!G$5)/('DM Coaching'!G$4-'DM Coaching'!G$5))*'DM Coaching'!I$5),IF(W8>='DM Coaching'!G$6,('DM Coaching'!H$6+((W8-'DM Coaching'!G$6)/('DM Coaching'!G$5-'DM Coaching'!G$6)*'DM Coaching'!I$6)),0))))*$AN$2/10 -> 3 | AO8: =IF(X8>='FF-Written'!L$3,'FF-Written'!M$3,IF(X8>='FF-Written'!L$4,('FF-Written'!M$4+((X8-'FF-Written'!L$4)/('FF-Written'!L$3-'FF-Written'!L$4))*'FF-Written'!N$4),IF(X8>'FF-Written'!L$5,('FF-Written'!M$5+((X8-'FF-Written'!L$5)/('FF-Written'!L$4-'FF-Written'!L$5))*'FF-Written'!N$5),IF(X8>='FF-Written'!L$6,('FF-Written'!M$6+((X8-'FF-Written'!L$6)/('FF-Written'!L$5-'FF-Written'!L$6)*'FF-Written'!N$6)),0))))*$AO$2/10 -> 6.1185185 | AP8: =IF(Y8>='FF-Detailing'!L$3,'FF-Detailing'!M$3,IF(Y8>='FF-Detailing'!L$4,('FF-Detailing'!M$4+((Y8-'FF-Detailing'!L$4)/('FF-Detailing'!L$3-'FF-Detailing'!L$4))*'FF-Detailing'!N$4),IF(Y8>'FF-Detailing'!L$5,('FF-Detailing'!M$5+((Y8-'FF-Detailing'!L$5)/('FF-Detailing'!L$4-'FF-Detailing'!L$5))*'FF-Detailing'!N$5),IF(Y8>='FF-Detailing'!L$6,('FF-Detailing'!M$6+((Y8-'FF-Detailing'!L$6)/('FF-Detailing'!L$5-'FF-Detailing'!L$6)*'FF-Detailing'!N$6)),0))))*$AP$2/10 -> 2.8562857 | AQ8: =SUM(AB8:AP8)*100/90 -> 38.497832 | AR8: =_xlfn.RANK.EQ(AQ8,$AQ$4:$AQ$21) -> 10 | AS8: 2.6654638 | AT8: =IFERROR(IF($K8>=99.5,M8,""),"") | AU8: =IFERROR(IF($K8>=99.5,L8,""),"") | AV8: =IFERROR(IF($K8>=99.5,X8,""),"") | AW8: =IFERROR(IF($K8>=99.5,O8,""),"") | AX8: =IFERROR(IF($K8>=99.5,#REF!,""),"") | AY8: =IFERROR(IF($K8>=99.5,_xlfn.RANK.EQ(AS8,AS$4:AS$21),"Disqualified"),"Not eligible") -> Disqualified | AZ8: =IFERROR(IF($K8>=99.5,_xlfn.RANK.EQ(AT8,AT$4:AT$21),"Disqualified"),"Not eligible") -> Disqualified | BA8: =IFERROR(IF($K8>=99.5,_xlfn.RANK.EQ(AU8,AU$4:AU$21),"Disqualified"),"Not eligible") -> Disqualified | BB8: =IFERROR(IF($K8>=99.5,_xlfn.RANK.EQ(AV8,AV$4:AV$21),"Disqualified"),"Not eligible") -> Disqualified | BC8: =IFERROR(IF($K8>=99.5,_xlfn.RANK.EQ(AW8,AW$4:AW$21),"Disqualified"),"Not eligible") -> Disqualified | BD8: =IFERROR(IF($K8>=99.5,_xlfn.RANK.EQ(AX8,AX$4:AX$21),"Disqualified"),"Not eligible") -> Disqualified
B9: 104819 | C9: Pronob Mohanta | D9: RSM | E9: Sylhet | F9: SYGK Dhaka Zone-1 | G9: Foundation SD | H9: 38777 | I9: Regular | J9: 9 | K9: 100.52562 | L9: 37.385321 | M9: 56.201153 | N9: 106.54528 | O9: 60.185185 | P9: 5 | Q9: 4 | R9: 0 | S9: 89.556044 | T9: 247.39583 | U9: 0 | V9: 110.48549 | W9: 66.737589 | X9: 90.155123 | Y9: 80.764069 | Z9: 1 | AB9: =IF(K9>='Sales Ach'!L$3,'Sales Ach'!M$3,IF(K9>='Sales Ach'!L$4,('Sales Ach'!M$4+((K9-'Sales Ach'!L$4)/('Sales Ach'!L$3-'Sales Ach'!L$4))*'Sales Ach'!N$4),IF(K9>'Sales Ach'!L$5,('Sales Ach'!M$5+((K9-'Sales Ach'!L$5)/('Sales Ach'!L$4-'Sales Ach'!L$5))*'Sales Ach'!N$5),IF(K9>='Sales Ach'!L$6,('Sales Ach'!M$6+((K9-'Sales Ach'!L$6)/('Sales Ach'!L$5-'Sales Ach'!L$6)*'Sales Ach'!N$6)),0))))*$AB$2/10 -> 16.210247 | AC9: =IF(L9>=UA!L$3,UA!M$3,IF(L9>=UA!L$4,(UA!M$4+((L9-UA!L$4)/(UA!L$3-UA!L$4))*UA!N$4),IF(L9>UA!L$5,(UA!M$5+((L9-UA!L$5)/(UA!L$4-UA!L$5))*UA!N$5),IF(L9>=UA!L$6,(UA!M$6+((L9-UA!L$6)/(UA!L$5-UA!L$6)*UA!N$6)),0))))*$AC$2/10 -> 4.1724771 | AD9: =IF(M9="","",(IF(M9>='New Product'!L$3,'New Product'!M$3,IF(M9>='New Product'!L$4,('New Product'!M$4+((M9-'New Product'!L$4)/('New Product'!L$3-'New Product'!L$4))*'New Product'!N$4),IF(M9>'New Product'!L$5,('New Product'!M$5+((M9-'New Product'!L$5)/('New Product'!L$4-'New Product'!L$5))*'New Product'!N$5),IF(M9>='New Product'!L$6,('New Product'!M$6+((M9-'New Product'!L$6)/('New Product'!L$5-'New Product'!L$6)*'New Product'!N$6)),0))))*$AD$2/10)) -> 1.3423206 | AE9: =IF(N9>='Basket Brand'!L$3,'Basket Brand'!M$3,IF(N9>='Basket Brand'!L$4,('Basket Brand'!M$4+((N9-'Basket Brand'!L$4)/('Basket Brand'!L$3-'Basket Brand'!L$4))*'Basket Brand'!N$4),IF(N9>'Basket Brand'!L$5,('Basket Brand'!M$5+((N9-'Basket Brand'!L$5)/('Basket Brand'!L$4-'Basket Brand'!L$5))*'Basket Brand'!N$5),IF(N9>='Basket Brand'!L$6,('Basket Brand'!M$6+((N9-'Basket Brand'!L$6)/('Basket Brand'!L$5-'Basket Brand'!L$6)*'Basket Brand'!N$6)),0))))*$AE$2/10 -> 7.4472448 | AF9: =IF(O9>='Territory Month'!G$3,'Territory Month'!H$3,IF(O9>='Territory Month'!G$4,('Territory Month'!H$4+((O9-'Territory Month'!G$4)/('Territory Month'!G$3-'Territory Month'!G$4))*'Territory Month'!I$4),IF(O9>'Territory Month'!G$5,('Territory Month'!H$5+((O9-'Territory Month'!G$5)/('Territory Month'!G$4-'Territory Month'!G$5))*'Territory Month'!I$5),IF(O9>='Territory Month'!G$6,('Territory Month'!H$6+((O9-'Territory Month'!G$6)/('Territory Month'!G$5-'Territory Month'!G$6)*'Territory Month'!I$6)),0))))*$AF$2/10 -> 5 | AG9: =IF(P9>='No of Month Ach.'!L$3,'No of Month Ach.'!M$3,IF(P9>='No of Month Ach.'!L$4,('No of Month Ach.'!M$4+((P9-'No of Month Ach.'!L$4)/('No of Month Ach.'!L$3-'No of Month Ach.'!L$4))*'No of Month Ach.'!N$4),IF(P9>'No of Month Ach.'!L$5,('No of Month Ach.'!M$5+((P9-'No of Month Ach.'!L$5)/('No of Month Ach.'!L$4-'No of Month Ach.'!L$5))*'No of Month Ach.'!N$5),IF(P9>='No of Month Ach.'!L$6,('No of Month Ach.'!M$6+((P9-'No of Month Ach.'!L$6)/('No of Month Ach.'!L$5-'No of Month Ach.'!L$6)*'No of Month Ach.'!N$6)),0))))*$AG$2/10 -> 1.6 | AH9: =IF(Q9>='Portfolio Ach.'!B$3,'Portfolio Ach.'!C$3,IF(Q9>='Portfolio Ach.'!B$4,('Portfolio Ach.'!C$4+((Q9-'Portfolio Ach.'!B$4)/('Portfolio Ach.'!B$3-'Portfolio Ach.'!B$4))*'Portfolio Ach.'!D$4),IF(Q9>'Portfolio Ach.'!B$5,('Portfolio Ach.'!C$5+((Q9-'Portfolio Ach.'!B$5)/('Portfolio Ach.'!B$4-'Portfolio Ach.'!B$5))*'Portfolio Ach.'!D$5),IF(Q9>='Portfolio Ach.'!B$6,('Portfolio Ach.'!C$6+((Q9-'Portfolio Ach.'!B$6)/('Portfolio Ach.'!B$5-'Portfolio Ach.'!B$6)*'Portfolio Ach.'!D$6)),0))))*$AH$2/10 -> 2.2 | AI9: =IF(R9="","",IF(R9>='Rx Share'!L$3,'Rx Share'!M$3,IF(R9>='Rx Share'!L$4,('Rx Share'!M$4+((R9-'Rx Share'!L$4)/('Rx Share'!L$3-'Rx Share'!L$4))*'Rx Share'!N$4),IF(R9>'Rx Share'!L$5,('Rx Share'!M$5+((R9-'Rx Share'!L$5)/('Rx Share'!L$4-'Rx Share'!L$5))*'Rx Share'!N$5),IF(R9>='Rx Share'!L$6,('Rx Share'!M$6+((R9-'Rx Share'!L$6)/('Rx Share'!L$5-'Rx Share'!L$6)*'Rx Share'!N$6)),0)))))*$AI$1/10 -> 0 | AJ9: =IF(S9="","",IF(S9>='Rx Share'!L$3,'Rx Share'!M$3,IF(S9>='Rx Share'!L$4,('Rx Share'!M$4+((S9-'Rx Share'!L$4)/('Rx Share'!L$3-'Rx Share'!L$4))*'Rx Share'!N$4),IF(S9>'Rx Share'!L$5,('Rx Share'!M$5+((S9-'Rx Share'!L$5)/('Rx Share'!L$4-'Rx Share'!L$5))*'Rx Share'!N$5),IF(S9>='Rx Share'!L$6,('Rx Share'!M$6+((S9-'Rx Share'!L$6)/('Rx Share'!L$5-'Rx Share'!L$6)*'Rx Share'!N$6)),0)))))*$AJ$1/10 -> 4.7467253 | AK9: =IF(T9="","",IF(T9>='Rx Share'!L$3,'Rx Share'!M$3,IF(T9>='Rx Share'!L$4,('Rx Share'!M$4+((T9-'Rx Share'!L$4)/('Rx Share'!L$3-'Rx Share'!L$4))*'Rx Share'!N$4),IF(T9>'Rx Share'!L$5,('Rx Share'!M$5+((T9-'Rx Share'!L$5)/('Rx Share'!L$4-'Rx Share'!L$5))*'Rx Share'!N$5),IF(T9>='Rx Share'!L$6,('Rx Share'!M$6+((T9-'Rx Share'!L$6)/('Rx Share'!L$5-'Rx Share'!L$6)*'Rx Share'!N$6)),0)))))*$AK$1/10 -> 4 | AL9: =IF(U9="","",IF(U9>='Rx Share'!M$3,'Rx Share'!N$3,IF(U9>='Rx Share'!M$4,('Rx Share'!N$4+((U9-'Rx Share'!M$4)/('Rx Share'!M$3-'Rx Share'!M$4))*'Rx Share'!O$4),IF(U9>'Rx Share'!M$5,('Rx Share'!N$5+((U9-'Rx Share'!M$5)/('Rx Share'!M$4-'Rx Share'!M$5))*'Rx Share'!O$5),IF(U9>='Rx Share'!M$6,('Rx Share'!N$6+((U9-'Rx Share'!M$6)/('Rx Share'!M$5-'Rx Share'!M$6)*'Rx Share'!O$6)),0)))))*$AL$1/10 -> 0 | AM9: =IF(V9>='Call Achv'!L$3,'Call Achv'!M$3,IF(V9>='Call Achv'!L$4,('Call Achv'!M$4+((V9-'Call Achv'!L$4)/('Call Achv'!L$3-'Call Achv'!L$4))*'Call Achv'!N$4),IF(V9>'Call Achv'!L$5,('Call Achv'!M$5+((V9-'Call Achv'!L$5)/('Call Achv'!L$4-'Call Achv'!L$5))*'Call Achv'!N$5),IF(V9>='Call Achv'!L$6,('Call Achv'!M$6+((V9-'Call Achv'!L$6)/('Call Achv'!L$5-'Call Achv'!L$6)*'Call Achv'!N$6)),0))))*$AM$2/10 -> 5 | AN9: =IF(W9>='DM Coaching'!G$3,'DM Coaching'!H$3,IF(W9>='DM Coaching'!G$4,('DM Coaching'!H$4+((W9-'DM Coaching'!G$4)/('DM Coaching'!G$3-'DM Coaching'!G$4))*'DM Coaching'!I$4),IF(W9>'DM Coaching'!G$5,('DM Coaching'!H$5+((W9-'DM Coaching'!G$5)/('DM Coaching'!G$4-'DM Coaching'!G$5))*'DM Coaching'!I$5),IF(W9>='DM Coaching'!G$6,('DM Coaching'!H$6+((W9-'DM Coaching'!G$6)/('DM Coaching'!G$5-'DM Coaching'!G$6)*'DM Coaching'!I$6)),0))))*$AN$2/10 -> 2.8042553 | AO9: =IF(X9>='FF-Written'!L$3,'FF-Written'!M$3,IF(X9>='FF-Written'!L$4,('FF-Written'!M$4+((X9-'FF-Written'!L$4)/('FF-Written'!L$3-'FF-Written'!L$4))*'FF-Written'!N$4),IF(X9>'FF-Written'!L$5,('FF-Written'!M$5+((X9-'FF-Written'!L$5)/('FF-Written'!L$4-'FF-Written'!L$5))*'FF-Written'!N$5),IF(X9>='FF-Written'!L$6,('FF-Written'!M$6+((X9-'FF-Written'!L$6)/('FF-Written'!L$5-'FF-Written'!L$6)*'FF-Written'!N$6)),0))))*$AO$2/10 -> 7 | AP9: =IF(Y9>='FF-Detailing'!L$3,'FF-Detailing'!M$3,IF(Y9>='FF-Detailing'!L$4,('FF-Detailing'!M$4+((Y9-'FF-Detailing'!L$4)/('FF-Detailing'!L$3-'FF-Detailing'!L$4))*'FF-Detailing'!N$4),IF(Y9>'FF-Detailing'!L$5,('FF-Detailing'!M$5+((Y9-'FF-Detailing'!L$5)/('FF-Detailing'!L$4-'FF-Detailing'!L$5))*'FF-Detailing'!N$5),IF(Y9>='FF-Detailing'!L$6,('FF-Detailing'!M$6+((Y9-'FF-Detailing'!L$6)/('FF-Detailing'!L$5-'FF-Detailing'!L$6)*'FF-Detailing'!N$6)),0))))*$AP$2/10 -> 2.6187662 | AQ9: =SUM(AB9:AP9)*100/90 -> 71.268929 | AR9: =_xlfn.RANK.EQ(AQ9,$AQ$4:$AQ$21) -> 1 | AS9: 3.1961884 | AT9: =IFERROR(IF($K9>=99.5,M9,""),"") -> 56.201153 | AU9: =IFERROR(IF($K9>=99.5,L9,""),"") -> 37.385321 | AV9: =IFERROR(IF($K9>=99.5,X9,""),"") -> 90.155123 | AW9: =IFERROR(IF($K9>=99.5,O9,""),"") -> 60.185185 | AX9: =IFERROR(IF($K9>=99.5,#REF!,""),"") | AY9: =IFERROR(IF($K9>=99.5,_xlfn.RANK.EQ(AS9,AS$4:AS$21),"Disqualified"),"Not eligible") -> 3 | AZ9: =IFERROR(IF($K9>=99.5,_xlfn.RANK.EQ(AT9,AT$4:AT$21),"Disqualified"),"Not eligible") -> 2 | BA9: =IFERROR(IF($K9>=99.5,_xlfn.RANK.EQ(AU9,AU$4:AU$21),"Disqualified"),"Not eligible") -> 2 | BB9: =IFERROR(IF($K9>=99.5,_xlfn.RANK.EQ(AV9,AV$4:AV$21),"Disqualified"),"Not eligible") -> 1 | BC9: =IFERROR(IF($K9>=99.5,_xlfn.RANK.EQ(AW9,AW$4:AW$21),"Disqualified"),"Not eligible") -> 2 | BD9: =IFERROR(IF($K9>=99.5,_xlfn.RANK.EQ(AX9,AX$4:AX$21),"Disqualified"),"Not eligible") -> Not eligible
B10: 104830 | C10: Md Al-Amin Mollik | D10: Sr. RSM | E10: SYI Dhaka North | F10: SYI Zone | G10: Foundation SD | H10: 39153 | I10: Regular | J10: 9 | K10: 92.892975 | L10: 24.657534 | M10: 35.732322 | N10: 94.933704 | O10: 38.611111 | P10: 1 | Q10: 4 | R10: 82.742317 | S10: 0 | T10: 0 | U10: 0 | V10: 88.223864 | W10: 80.185073 | X10: 87.521841 | Y10: 87.912634 | Z10: 1 | AB10: =IF(K10>='Sales Ach'!L$3,'Sales Ach'!M$3,IF(K10>='Sales Ach'!L$4,('Sales Ach'!M$4+((K10-'Sales Ach'!L$4)/('Sales Ach'!L$3-'Sales Ach'!L$4))*'Sales Ach'!N$4),IF(K10>'Sales Ach'!L$5,('Sales Ach'!M$5+((K10-'Sales Ach'!L$5)/('Sales Ach'!L$4-'Sales Ach'!L$5))*'Sales Ach'!N$5),IF(K10>='Sales Ach'!L$6,('Sales Ach'!M$6+((K10-'Sales Ach'!L$6)/('Sales Ach'!L$5-'Sales Ach'!L$6)*'Sales Ach'!N$6)),0))))*$AB$2/10 -> 9.5785949 | AC10: =IF(L10>=UA!L$3,UA!M$3,IF(L10>=UA!L$4,(UA!M$4+((L10-UA!L$4)/(UA!L$3-UA!L$4))*UA!N$4),IF(L10>UA!L$5,(UA!M$5+((L10-UA!L$5)/(UA!L$4-UA!L$5))*UA!N$5),IF(L10>=UA!L$6,(UA!M$6+((L10-UA!L$6)/(UA!L$5-UA!L$6)*UA!N$6)),0))))*$AC$2/10 -> 0 | AD10: =IF(M10="","",(IF(M10>='New Product'!L$3,'New Product'!M$3,IF(M10>='New Product'!L$4,('New Product'!M$4+((M10-'New Product'!L$4)/('New Product'!L$3-'New Product'!L$4))*'New Product'!N$4),IF(M10>'New Product'!L$5,('New Product'!M$5+((M10-'New Product'!L$5)/('New Product'!L$4-'New Product'!L$5))*'New Product'!N$5),IF(M10>='New Product'!L$6,('New Product'!M$6+((M10-'New Product'!L$6)/('New Product'!L$5-'New Product'!L$6)*'New Product'!N$6)),0))))*$AD$2/10)) -> 0 | AE10: =IF(N10>='Basket Brand'!L$3,'Basket Brand'!M$3,IF(N10>='Basket Brand'!L$4,('Basket Brand'!M$4+((N10-'Basket Brand'!L$4)/('Basket Brand'!L$3-'Basket Brand'!L$4))*'Basket Brand'!N$4),IF(N10>'Basket Brand'!L$5,('Basket Brand'!M$5+((N10-'Basket Brand'!L$5)/('Basket Brand'!L$4-'Basket Brand'!L$5))*'Basket Brand'!N$5),IF(N10>='Basket Brand'!L$6,('Basket Brand'!M$6+((N10-'Basket Brand'!L$6)/('Basket Brand'!L$5-'Basket Brand'!L$6)*'Basket Brand'!N$6)),0))))*$AE$2/10 -> 3.9946964 | AF10: =IF(O10>='Territory Month'!G$3,'Territory Month'!H$3,IF(O10>='Territory Month'!G$4,('Territory Month'!H$4+((O10-'Territory Month'!G$4)/('Territory Month'!G$3-'Territory Month'!G$4))*'Territory Month'!I$4),IF(O10>'Territory Month'!G$5,('Territory Month'!H$5+((O10-'Territory Month'!G$5)/('Territory Month'!G$4-'Territory Month'!G$5))*'Territory Month'!I$5),IF(O10>='Territory Month'!G$6,('Territory Month'!H$6+((O10-'Territory Month'!G$6)/('Territory Month'!G$5-'Territory Month'!G$6)*'Territory Month'!I$6)),0))))*$AF$2/10 -> 1.2546296 | AG10: =IF(P10>='No of Month Ach.'!L$3,'No of Month Ach.'!M$3,IF(P10>='No of Month Ach.'!L$4,('No of Month Ach.'!M$4+((P10-'No of Month Ach.'!L$4)/('No of Month Ach.'!L$3-'No of Month Ach.'!L$4))*'No of Month Ach.'!N$4),IF(P10>'No of Month Ach.'!L$5,('No of Month Ach.'!M$5+((P10-'No of Month Ach.'!L$5)/('No of Month Ach.'!L$4-'No of Month Ach.'!L$5))*'No of Month Ach.'!N$5),IF(P10>='No of Month Ach.'!L$6,('No of Month Ach.'!M$6+((P10-'No of Month Ach.'!L$6)/('No of Month Ach.'!L$5-'No of Month Ach.'!L$6)*'No of Month Ach.'!N$6)),0))))*$AG$2/10 -> 0 | AH10: =IF(Q10>='Portfolio Ach.'!B$3,'Portfolio Ach.'!C$3,IF(Q10>='Portfolio Ach.'!B$4,('Portfolio Ach.'!C$4+((Q10-'Portfolio Ach.'!B$4)/('Portfolio Ach.'!B$3-'Portfolio Ach.'!B$4))*'Portfolio Ach.'!D$4),IF(Q10>'Portfolio Ach.'!B$5,('Portfolio Ach.'!C$5+((Q10-'Portfolio Ach.'!B$5)/('Portfolio Ach.'!B$4-'Portfolio Ach.'!B$5))*'Portfolio Ach.'!D$5),IF(Q10>='Portfolio Ach.'!B$6,('Portfolio Ach.'!C$6+((Q10-'Portfolio Ach.'!B$6)/('Portfolio Ach.'!B$5-'Portfolio Ach.'!B$6)*'Portfolio Ach.'!D$6)),0))))*$AH$2/10 -> 2.2 | AI10: =IF(R10="","",IF(R10>='Rx Share'!L$3,'Rx Share'!M$3,IF(R10>='Rx Share'!L$4,('Rx Share'!M$4+((R10-'Rx Share'!L$4)/('Rx Share'!L$3-'Rx Share'!L$4))*'Rx Share'!N$4),IF(R10>'Rx Share'!L$5,('Rx Share'!M$5+((R10-'Rx Share'!L$5)/('Rx Share'!L$4-'Rx Share'!L$5))*'Rx Share'!N$5),IF(R10>='Rx Share'!L$6,('Rx Share'!M$6+((R10-'Rx Share'!L$6)/('Rx Share'!L$5-'Rx Share'!L$6)*'Rx Share'!N$6)),0)))))*$AI$1/10 -> 3.929078 | AJ10: =IF(S10="","",IF(S10>='Rx Share'!L$3,'Rx Share'!M$3,IF(S10>='Rx Share'!L$4,('Rx Share'!M$4+((S10-'Rx Share'!L$4)/('Rx Share'!L$3-'Rx Share'!L$4))*'Rx Share'!N$4),IF(S10>'Rx Share'!L$5,('Rx Share'!M$5+((S10-'Rx Share'!L$5)/('Rx Share'!L$4-'Rx Share'!L$5))*'Rx Share'!N$5),IF(S10>='Rx Share'!L$6,('Rx Share'!M$6+((S10-'Rx Share'!L$6)/('Rx Share'!L$5-'Rx Share'!L$6)*'Rx Share'!N$6)),0)))))*$AJ$1/10 -> 0 | AK10: =IF(T10="","",IF(T10>='Rx Share'!L$3,'Rx Share'!M$3,IF(T10>='Rx Share'!L$4,('Rx Share'!M$4+((T10-'Rx Share'!L$4)/('Rx Share'!L$3-'Rx Share'!L$4))*'Rx Share'!N$4),IF(T10>'Rx Share'!L$5,('Rx Share'!M$5+((T10-'Rx Share'!L$5)/('Rx Share'!L$4-'Rx Share'!L$5))*'Rx Share'!N$5),IF(T10>='Rx Share'!L$6,('Rx Share'!M$6+((T10-'Rx Share'!L$6)/('Rx Share'!L$5-'Rx Share'!L$6)*'Rx Share'!N$6)),0)))))*$AK$1/10 -> 0 | AL10: =IF(U10="","",IF(U10>='Rx Share'!M$3,'Rx Share'!N$3,IF(U10>='Rx Share'!M$4,('Rx Share'!N$4+((U10-'Rx Share'!M$4)/('Rx Share'!M$3-'Rx Share'!M$4))*'Rx Share'!O$4),IF(U10>'Rx Share'!M$5,('Rx Share'!N$5+((U10-'Rx Share'!M$5)/('Rx Share'!M$4-'Rx Share'!M$5))*'Rx Share'!O$5),IF(U10>='Rx Share'!M$6,('Rx Share'!N$6+((U10-'Rx Share'!M$6)/('Rx Share'!M$5-'Rx Share'!M$6)*'Rx Share'!O$6)),0)))))*$AL$1/10 -> 0 | AM10: =IF(V10>='Call Achv'!L$3,'Call Achv'!M$3,IF(V10>='Call Achv'!L$4,('Call Achv'!M$4+((V10-'Call Achv'!L$4)/('Call Achv'!L$3-'Call Achv'!L$4))*'Call Achv'!N$4),IF(V10>'Call Achv'!L$5,('Call Achv'!M$5+((V10-'Call Achv'!L$5)/('Call Achv'!L$4-'Call Achv'!L$5))*'Call Achv'!N$5),IF(V10>='Call Achv'!L$6,('Call Achv'!M$6+((V10-'Call Achv'!L$6)/('Call Achv'!L$5-'Call Achv'!L$6)*'Call Achv'!N$6)),0))))*$AM$2/10 -> 1.6891762 | AN10: =IF(W10>='DM Coaching'!G$3,'DM Coaching'!H$3,IF(W10>='DM Coaching'!G$4,('DM Coaching'!H$4+((W10-'DM Coaching'!G$4)/('DM Coaching'!G$3-'DM Coaching'!G$4))*'DM Coaching'!I$4),IF(W10>'DM Coaching'!G$5,('DM Coaching'!H$5+((W10-'DM Coaching'!G$5)/('DM Coaching'!G$4-'DM Coaching'!G$5))*'DM Coaching'!I$5),IF(W10>='DM Coaching'!G$6,('DM Coaching'!H$6+((W10-'DM Coaching'!G$6)/('DM Coaching'!G$5-'DM Coaching'!G$6)*'DM Coaching'!I$6)),0))))*$AN$2/10 -> 3 | AO10: =IF(X10>='FF-Written'!L$3,'FF-Written'!M$3,IF(X10>='FF-Written'!L$4,('FF-Written'!M$4+((X10-'FF-Written'!L$4)/('FF-Written'!L$3-'FF-Written'!L$4))*'FF-Written'!N$4),IF(X10>'FF-Written'!L$5,('FF-Written'!M$5+((X10-'FF-Written'!L$5)/('FF-Written'!L$4-'FF-Written'!L$5))*'FF-Written'!N$5),IF(X10>='FF-Written'!L$6,('FF-Written'!M$6+((X10-'FF-Written'!L$6)/('FF-Written'!L$5-'FF-Written'!L$6)*'FF-Written'!N$6)),0))))*$AO$2/10 -> 7 | AP10: =IF(Y10>='FF-Detailing'!L$3,'FF-Detailing'!M$3,IF(Y10>='FF-Detailing'!L$4,('FF-Detailing'!M$4+((Y10-'FF-Detailing'!L$4)/('FF-Detailing'!L$3-'FF-Detailing'!L$4))*'FF-Detailing'!N$4),IF(Y10>'FF-Detailing'!L$5,('FF-Detailing'!M$5+((Y10-'FF-Detailing'!L$5)/('FF-Detailing'!L$4-'FF-Detailing'!L$5))*'FF-Detailing'!N$5),IF(Y10>='FF-Detailing'!L$6,('FF-Detailing'!M$6+((Y10-'FF-Detailing'!L$6)/('FF-Detailing'!L$5-'FF-Detailing'!L$6)*'FF-Detailing'!N$6)),0))))*$AP$2/10 -> 3 | AQ10: =SUM(AB10:AP10)*100/90 -> 39.606861 | AR10: =_xlfn.RANK.EQ(AQ10,$AQ$4:$AQ$21) -> 7 | AS10: 2.6528434 | AT10: =IFERROR(IF($K10>=99.5,M10,""),"") | AU10: =IFERROR(IF($K10>=99.5,L10,""),"") | AV10: =IFERROR(IF($K10>=99.5,X10,""),"") | AW10: =IFERROR(IF($K10>=99.5,O10,""),"") | AX10: =IFERROR(IF($K10>=99.5,#REF!,""),"") | AY10: =IFERROR(IF($K10>=99.5,_xlfn.RANK.EQ(AS10,AS$4:AS$21),"Disqualified"),"Not eligible") -> Disqualified | AZ10: =IFERROR(IF($K10>=99.5,_xlfn.RANK.EQ(AT10,AT$4:AT$21),"Disqualified"),"Not eligible") -> Disqualified | BA10: =IFERROR(IF($K10>=99.5,_xlfn.RANK.EQ(AU10,AU$4:AU$21),"Disqualified"),"Not eligible") -> Disqualified | BB10: =IFERROR(IF($K10>=99.5,_xlfn.RANK.EQ(AV10,AV$4:AV$21),"Disqualified"),"Not eligible") -> Disqualified | BC10: =IFERROR(IF($K10>=99.5,_xlfn.RANK.EQ(AW10,AW$4:AW$21),"Disqualified"),"Not eligible") -> Disqualified | BD10: =IFERROR(IF($K10>=99.5,_xlfn.RANK.EQ(AX10,AX$4:AX$21),"Disqualified"),"Not eligible") -> Disqualified
B11: 104873 | C11: Khandaker Muhammad Ziaul Hoque | D11: RSM | E11: Cumilla | F11: SYGK Dhaka Zone-1 | G11: Foundation SD | H11: 40162 | I11: Regular | J11: 9 | K11: 87.976483 | L11: 32.912844 | M11: 79.49769 | N11: 92.440184 | O11: 30.791789 | P11: 1 | Q11: 2 | R11: 0 | S11: 114.71953 | T11: 221.48394 | U11: 0 | V11: 87.459434 | W11: 56.858054 | X11: 74.7024 | Y11: 82.23102 | Z11: 1 | AB11: =IF(K11>='Sales Ach'!L$3,'Sales Ach'!M$3,IF(K11>='Sales Ach'!L$4,('Sales Ach'!M$4+((K11-'Sales Ach'!L$4)/('Sales Ach'!L$3-'Sales Ach'!L$4))*'Sales Ach'!N$4),IF(K11>'Sales Ach'!L$5,('Sales Ach'!M$5+((K11-'Sales Ach'!L$5)/('Sales Ach'!L$4-'Sales Ach'!L$5))*'Sales Ach'!N$5),IF(K11>='Sales Ach'!L$6,('Sales Ach'!M$6+((K11-'Sales Ach'!L$6)/('Sales Ach'!L$5-'Sales Ach'!L$6)*'Sales Ach'!N$6)),0))))*$AB$2/10 -> 8.5952966 | AC11: =IF(L11>=UA!L$3,UA!M$3,IF(L11>=UA!L$4,(UA!M$4+((L11-UA!L$4)/(UA!L$3-UA!L$4))*UA!N$4),IF(L11>UA!L$5,(UA!M$5+((L11-UA!L$5)/(UA!L$4-UA!L$5))*UA!N$5),IF(L11>=UA!L$6,(UA!M$6+((L11-UA!L$6)/(UA!L$5-UA!L$6)*UA!N$6)),0))))*$AC$2/10 -> 3.0990826 | AD11: =IF(M11="","",(IF(M11>='New Product'!L$3,'New Product'!M$3,IF(M11>='New Product'!L$4,('New Product'!M$4+((M11-'New Product'!L$4)/('New Product'!L$3-'New Product'!L$4))*'New Product'!N$4),IF(M11>'New Product'!L$5,('New Product'!M$5+((M11-'New Product'!L$5)/('New Product'!L$4-'New Product'!L$5))*'New Product'!N$5),IF(M11>='New Product'!L$6,('New Product'!M$6+((M11-'New Product'!L$6)/('New Product'!L$5-'New Product'!L$6)*'New Product'!N$6)),0))))*$AD$2/10)) -> 2.7692335 | AE11: =IF(N11>='Basket Brand'!L$3,'Basket Brand'!M$3,IF(N11>='Basket Brand'!L$4,('Basket Brand'!M$4+((N11-'Basket Brand'!L$4)/('Basket Brand'!L$3-'Basket Brand'!L$4))*'Basket Brand'!N$4),IF(N11>'Basket Brand'!L$5,('Basket Brand'!M$5+((N11-'Basket Brand'!L$5)/('Basket Brand'!L$4-'Basket Brand'!L$5))*'Basket Brand'!N$5),IF(N11>='Basket Brand'!L$6,('Basket Brand'!M$6+((N11-'Basket Brand'!L$6)/('Basket Brand'!L$5-'Basket Brand'!L$6)*'Basket Brand'!N$6)),0))))*$AE$2/10 -> 3.7952147 | AF11: =IF(O11>='Territory Month'!G$3,'Territory Month'!H$3,IF(O11>='Territory Month'!G$4,('Territory Month'!H$4+((O11-'Territory Month'!G$4)/('Territory Month'!G$3-'Territory Month'!G$4))*'Territory Month'!I$4),IF(O11>'Territory Month'!G$5,('Territory Month'!H$5+((O11-'Territory Month'!G$5)/('Territory Month'!G$4-'Territory Month'!G$5))*'Territory Month'!I$5),IF(O11>='Territory Month'!G$6,('Territory Month'!H$6+((O11-'Territory Month'!G$6)/('Territory Month'!G$5-'Territory Month'!G$6)*'Territory Month'!I$6)),0))))*$AF$2/10 -> 0.34237537 | AG11: =IF(P11>='No of Month Ach.'!L$3,'No of Month Ach.'!M$3,IF(P11>='No of Month Ach.'!L$4,('No of Month Ach.'!M$4+((P11-'No of Month Ach.'!L$4)/('No of Month Ach.'!L$3-'No of Month Ach.'!L$4))*'No of Month Ach.'!N$4),IF(P11>'No of Month Ach.'!L$5,('No of Month Ach.'!M$5+((P11-'No of Month Ach.'!L$5)/('No of Month Ach.'!L$4-'No of Month Ach.'!L$5))*'No of Month Ach.'!N$5),IF(P11>='No of Month Ach.'!L$6,('No of Month Ach.'!M$6+((P11-'No of Month Ach.'!L$6)/('No of Month Ach.'!L$5-'No of Month Ach.'!L$6)*'No of Month Ach.'!N$6)),0))))*$AG$2/10 -> 0 | AH11: =IF(Q11>='Portfolio Ach.'!B$3,'Portfolio Ach.'!C$3,IF(Q11>='Portfolio Ach.'!B$4,('Portfolio Ach.'!C$4+((Q11-'Portfolio Ach.'!B$4)/('Portfolio Ach.'!B$3-'Portfolio Ach.'!B$4))*'Portfolio Ach.'!D$4),IF(Q11>'Portfolio Ach.'!B$5,('Portfolio Ach.'!C$5+((Q11-'Portfolio Ach.'!B$5)/('Portfolio Ach.'!B$4-'Portfolio Ach.'!B$5))*'Portfolio Ach.'!D$5),IF(Q11>='Portfolio Ach.'!B$6,('Portfolio Ach.'!C$6+((Q11-'Portfolio Ach.'!B$6)/('Portfolio Ach.'!B$5-'Portfolio Ach.'!B$6)*'Portfolio Ach.'!D$6)),0))))*$AH$2/10 -> 0.9 | AI11: =IF(R11="","",IF(R11>='Rx Share'!L$3,'Rx Share'!M$3,IF(R11>='Rx Share'!L$4,('Rx Share'!M$4+((R11-'Rx Share'!L$4)/('Rx Share'!L$3-'Rx Share'!L$4))*'Rx Share'!N$4),IF(R11>'Rx Share'!L$5,('Rx Share'!M$5+((R11-'Rx Share'!L$5)/('Rx Share'!L$4-'Rx Share'!L$5))*'Rx Share'!N$5),IF(R11>='Rx Share'!L$6,('Rx Share'!M$6+((R11-'Rx Share'!L$6)/('Rx Share'!L$5-'Rx Share'!L$6)*'Rx Share'!N$6)),0)))))*$AI$1/10 -> 0 | AJ11: =IF(S11="","",IF(S11>='Rx Share'!L$3,'Rx Share'!M$3,IF(S11>='Rx Share'!L$4,('Rx Share'!M$4+((S11-'Rx Share'!L$4)/('Rx Share'!L$3-'Rx Share'!L$4))*'Rx Share'!N$4),IF(S11>'Rx Share'!L$5,('Rx Share'!M$5+((S11-'Rx Share'!L$5)/('Rx Share'!L$4-'Rx Share'!L$5))*'Rx Share'!N$5),IF(S11>='Rx Share'!L$6,('Rx Share'!M$6+((S11-'Rx Share'!L$6)/('Rx Share'!L$5-'Rx Share'!L$6)*'Rx Share'!N$6)),0)))))*$AJ$1/10 -> 6 | AK11: =IF(T11="","",IF(T11>='Rx Share'!L$3,'Rx Share'!M$3,IF(T11>='Rx Share'!L$4,('Rx Share'!M$4+((T11-'Rx Share'!L$4)/('Rx Share'!L$3-'Rx Share'!L$4))*'Rx Share'!N$4),IF(T11>'Rx Share'!L$5,('Rx Share'!M$5+((T11-'Rx Share'!L$5)/('Rx Share'!L$4-'Rx Share'!L$5))*'Rx Share'!N$5),IF(T11>='Rx Share'!L$6,('Rx Share'!M$6+((T11-'Rx Share'!L$6)/('Rx Share'!L$5-'Rx Share'!L$6)*'Rx Share'!N$6)),0)))))*$AK$1/10 -> 4 | AL11: =IF(U11="","",IF(U11>='Rx Share'!M$3,'Rx Share'!N$3,IF(U11>='Rx Share'!M$4,('Rx Share'!N$4+((U11-'Rx Share'!M$4)/('Rx Share'!M$3-'Rx Share'!M$4))*'Rx Share'!O$4),IF(U11>'Rx Share'!M$5,('Rx Share'!N$5+((U11-'Rx Share'!M$5)/('Rx Share'!M$4-'Rx Share'!M$5))*'Rx Share'!O$5),IF(U11>='Rx Share'!M$6,('Rx Share'!N$6+((U11-'Rx Share'!M$6)/('Rx Share'!M$5-'Rx Share'!M$6)*'Rx Share'!O$6)),0)))))*$AL$1/10 -> 0 | AM11: =IF(V11>='Call Achv'!L$3,'Call Achv'!M$3,IF(V11>='Call Achv'!L$4,('Call Achv'!M$4+((V11-'Call Achv'!L$4)/('Call Achv'!L$3-'Call Achv'!L$4))*'Call Achv'!N$4),IF(V11>'Call Achv'!L$5,('Call Achv'!M$5+((V11-'Call Achv'!L$5)/('Call Achv'!L$4-'Call Achv'!L$5))*'Call Achv'!N$5),IF(V11>='Call Achv'!L$6,('Call Achv'!M$6+((V11-'Call Achv'!L$6)/('Call Achv'!L$5-'Call Achv'!L$6)*'Call Achv'!N$6)),0))))*$AM$2/10 -> 1.5554009 | AN11: =IF(W11>='DM Coaching'!G$3,'DM Coaching'!H$3,IF(W11>='DM Coaching'!G$4,('DM Coaching'!H$4+((W11-'DM Coaching'!G$4)/('DM Coaching'!G$3-'DM Coaching'!G$4))*'DM Coaching'!I$4),IF(W11>'DM Coaching'!G$5,('DM Coaching'!H$5+((W11-'DM Coaching'!G$5)/('DM Coaching'!G$4-'DM Coaching'!G$5))*'DM Coaching'!I$5),IF(W11>='DM Coaching'!G$6,('DM Coaching'!H$6+((W11-'DM Coaching'!G$6)/('DM Coaching'!G$5-'DM Coaching'!G$6)*'DM Coaching'!I$6)),0))))*$AN$2/10 -> 2.0229665 | AO11: =IF(X11>='FF-Written'!L$3,'FF-Written'!M$3,IF(X11>='FF-Written'!L$4,('FF-Written'!M$4+((X11-'FF-Written'!L$4)/('FF-Written'!L$3-'FF-Written'!L$4))*'FF-Written'!N$4),IF(X11>'FF-Written'!L$5,('FF-Written'!M$5+((X11-'FF-Written'!L$5)/('FF-Written'!L$4-'FF-Written'!L$5))*'FF-Written'!N$5),IF(X11>='FF-Written'!L$6,('FF-Written'!M$6+((X11-'FF-Written'!L$6)/('FF-Written'!L$5-'FF-Written'!L$6)*'FF-Written'!N$6)),0))))*$AO$2/10 -> 6.258336 | AP11: =IF(Y11>='FF-Detailing'!L$3,'FF-Detailing'!M$3,IF(Y11>='FF-Detailing'!L$4,('FF-Detailing'!M$4+((Y11-'FF-Detailing'!L$4)/('FF-Detailing'!L$3-'FF-Detailing'!L$4))*'FF-Detailing'!N$4),IF(Y11>'FF-Detailing'!L$5,('FF-Detailing'!M$5+((Y11-'FF-Detailing'!L$5)/('FF-Detailing'!L$4-'FF-Detailing'!L$5))*'FF-Detailing'!N$5),IF(Y11>='FF-Detailing'!L$6,('FF-Detailing'!M$6+((Y11-'FF-Detailing'!L$6)/('FF-Detailing'!L$5-'FF-Detailing'!L$6)*'FF-Detailing'!N$6)),0))))*$AP$2/10 -> 2.7507918 | AQ11: =SUM(AB11:AP11)*100/90 -> 46.76522 | AR11: =_xlfn.RANK.EQ(AQ11,$AQ$4:$AQ$21) -> 4 | AS11: 2.5506242 | AT11: =IFERROR(IF($K11>=99.5,M11,""),"") | AU11: =IFERROR(IF($K11>=99.5,L11,""),"") | AV11: =IFERROR(IF($K11>=99.5,X11,""),"") | AW11: =IFERROR(IF($K11>=99.5,O11,""),"") | AX11: =IFERROR(IF($K11>=99.5,#REF!,""),"") | AY11: =IFERROR(IF($K11>=99.5,_xlfn.RANK.EQ(AS11,AS$4:AS$21),"Disqualified"),"Not eligible") -> Disqualified | AZ11: =IFERROR(IF($K11>=99.5,_xlfn.RANK.EQ(AT11,AT$4:AT$21),"Disqualified"),"Not eligible") -> Disqualified | BA11: =IFERROR(IF($K11>=99.5,_xlfn.RANK.EQ(AU11,AU$4:AU$21),"Disqualified"),"Not eligible") -> Disqualified | BB11: =IFERROR(IF($K11>=99.5,_xlfn.RANK.EQ(AV11,AV$4:AV$21),"Disqualified"),"Not eligible") -> Disqualified | BC11: =IFERROR(IF($K11>=99.5,_xlfn.RANK.EQ(AW11,AW$4:AW$21),"Disqualified"),"Not eligible") -> Disqualified | BD11: =IFERROR(IF($K11>=99.5,_xlfn.RANK.EQ(AX11,AX$4:AX$21),"Disqualified"),"Not eligible") -> Disqualified
B12: 104888 | C12: Md. Rashidul Hasan | D12: RSM | E12: SYI Dhaka South | F12: SYI Zone | G12: Foundation SD | H12: 40614 | I12: Regular | J12: 9 | K12: 96.301683 | L12: 47.945205 | M12: 32.686482 | N12: 98.450723 | O12: 47.509579 | P12: 5 | Q12: 5 | R12: 86.206897 | S12: 0 | T12: 0 | U12: 0 | V12: 90.982408 | W12: 71.822695 | X12: 84.371981 | Y12: 83.055556 | Z12: 1 | AB12: =IF(K12>='Sales Ach'!L$3,'Sales Ach'!M$3,IF(K12>='Sales Ach'!L$4,('Sales Ach'!M$4+((K12-'Sales Ach'!L$4)/('Sales Ach'!L$3-'Sales Ach'!L$4))*'Sales Ach'!N$4),IF(K12>'Sales Ach'!L$5,('Sales Ach'!M$5+((K12-'Sales Ach'!L$5)/('Sales Ach'!L$4-'Sales Ach'!L$5))*'Sales Ach'!N$5),IF(K12>='Sales Ach'!L$6,('Sales Ach'!M$6+((K12-'Sales Ach'!L$6)/('Sales Ach'!L$5-'Sales Ach'!L$6)*'Sales Ach'!N$6)),0))))*$AB$2/10 -> 11.041346 | AC12: =IF(L12>=UA!L$3,UA!M$3,IF(L12>=UA!L$4,(UA!M$4+((L12-UA!L$4)/(UA!L$3-UA!L$4))*UA!N$4),IF(L12>UA!L$5,(UA!M$5+((L12-UA!L$5)/(UA!L$4-UA!L$5))*UA!N$5),IF(L12>=UA!L$6,(UA!M$6+((L12-UA!L$6)/(UA!L$5-UA!L$6)*UA!N$6)),0))))*$AC$2/10 -> 7.3424658 | AD12: =IF(M12="","",(IF(M12>='New Product'!L$3,'New Product'!M$3,IF(M12>='New Product'!L$4,('New Product'!M$4+((M12-'New Product'!L$4)/('New Product'!L$3-'New Product'!L$4))*'New Product'!N$4),IF(M12>'New Product'!L$5,('New Product'!M$5+((M12-'New Product'!L$5)/('New Product'!L$4-'New Product'!L$5))*'New Product'!N$5),IF(M12>='New Product'!L$6,('New Product'!M$6+((M12-'New Product'!L$6)/('New Product'!L$5-'New Product'!L$6)*'New Product'!N$6)),0))))*$AD$2/10)) -> 0 | AE12: =IF(N12>='Basket Brand'!L$3,'Basket Brand'!M$3,IF(N12>='Basket Brand'!L$4,('Basket Brand'!M$4+((N12-'Basket Brand'!L$4)/('Basket Brand'!L$3-'Basket Brand'!L$4))*'Basket Brand'!N$4),IF(N12>'Basket Brand'!L$5,('Basket Brand'!M$5+((N12-'Basket Brand'!L$5)/('Basket Brand'!L$4-'Basket Brand'!L$5))*'Basket Brand'!N$5),IF(N12>='Basket Brand'!L$6,('Basket Brand'!M$6+((N12-'Basket Brand'!L$6)/('Basket Brand'!L$5-'Basket Brand'!L$6)*'Basket Brand'!N$6)),0))))*$AE$2/10 -> 5.1042313 | AF12: =IF(O12>='Territory Month'!G$3,'Territory Month'!H$3,IF(O12>='Territory Month'!G$4,('Territory Month'!H$4+((O12-'Territory Month'!G$4)/('Territory Month'!G$3-'Territory Month'!G$4))*'Territory Month'!I$4),IF(O12>'Territory Month'!G$5,('Territory Month'!H$5+((O12-'Territory Month'!G$5)/('Territory Month'!G$4-'Territory Month'!G$5))*'Territory Month'!I$5),IF(O12>='Territory Month'!G$6,('Territory Month'!H$6+((O12-'Territory Month'!G$6)/('Territory Month'!G$5-'Territory Month'!G$6)*'Territory Month'!I$6)),0))))*$AF$2/10 -> 2.5019157 | AG12: =IF(P12>='No of Month Ach.'!L$3,'No of Month Ach.'!M$3,IF(P12>='No of Month Ach.'!L$4,('No of Month Ach.'!M$4+((P12-'No of Month Ach.'!L$4)/('No of Month Ach.'!L$3-'No of Month Ach.'!L$4))*'No of Month Ach.'!N$4),IF(P12>'No of Month Ach.'!L$5,('No of Month Ach.'!M$5+((P12-'No of Month Ach.'!L$5)/('No of Month Ach.'!L$4-'No of Month Ach.'!L$5))*'No of Month Ach.'!N$5),IF(P12>='No of Month Ach.'!L$6,('No of Month Ach.'!M$6+((P12-'No of Month Ach.'!L$6)/('No of Month Ach.'!L$5-'No of Month Ach.'!L$6)*'No of Month Ach.'!N$6)),0))))*$AG$2/10 -> 1.6 | AH12: =IF(Q12>='Portfolio Ach.'!B$3,'Portfolio Ach.'!C$3,IF(Q12>='Portfolio Ach.'!B$4,('Portfolio Ach.'!C$4+((Q12-'Portfolio Ach.'!B$4)/('Portfolio Ach.'!B$3-'Portfolio Ach.'!B$4))*'Portfolio Ach.'!D$4),IF(Q12>'Portfolio Ach.'!B$5,('Portfolio Ach.'!C$5+((Q12-'Portfolio Ach.'!B$5)/('Portfolio Ach.'!B$4-'Portfolio Ach.'!B$5))*'Portfolio Ach.'!D$5),IF(Q12>='Portfolio Ach.'!B$6,('Portfolio Ach.'!C$6+((Q12-'Portfolio Ach.'!B$6)/('Portfolio Ach.'!B$5-'Portfolio Ach.'!B$6)*'Portfolio Ach.'!D$6)),0))))*$AH$2/10 -> 2.8 | AI12: =IF(R12="","",IF(R12>='Rx Share'!L$3,'Rx Share'!M$3,IF(R12>='Rx Share'!L$4,('Rx Share'!M$4+((R12-'Rx Share'!L$4)/('Rx Share'!L$3-'Rx Share'!L$4))*'Rx Share'!N$4),IF(R12>'Rx Share'!L$5,('Rx Share'!M$5+((R12-'Rx Share'!L$5)/('Rx Share'!L$4-'Rx Share'!L$5))*'Rx Share'!N$5),IF(R12>='Rx Share'!L$6,('Rx Share'!M$6+((R12-'Rx Share'!L$6)/('Rx Share'!L$5-'Rx Share'!L$6)*'Rx Share'!N$6)),0)))))*$AI$1/10 -> 4.3448276 | AJ12: =IF(S12="","",IF(S12>='Rx Share'!L$3,'Rx Share'!M$3,IF(S12>='Rx Share'!L$4,('Rx Share'!M$4+((S12-'Rx Share'!L$4)/('Rx Share'!L$3-'Rx Share'!L$4))*'Rx Share'!N$4),IF(S12>'Rx Share'!L$5,('Rx Share'!M$5+((S12-'Rx Share'!L$5)/('Rx Share'!L$4-'Rx Share'!L$5))*'Rx Share'!N$5),IF(S12>='Rx Share'!L$6,('Rx Share'!M$6+((S12-'Rx Share'!L$6)/('Rx Share'!L$5-'Rx Share'!L$6)*'Rx Share'!N$6)),0)))))*$AJ$1/10 -> 0 | AK12: =IF(T12="","",IF(T12>='Rx Share'!L$3,'Rx Share'!M$3,IF(T12>='Rx Share'!L$4,('Rx Share'!M$4+((T12-'Rx Share'!L$4)/('Rx Share'!L$3-'Rx Share'!L$4))*'Rx Share'!N$4),IF(T12>'Rx Share'!L$5,('Rx Share'!M$5+((T12-'Rx Share'!L$5)/('Rx Share'!L$4-'Rx Share'!L$5))*'Rx Share'!N$5),IF(T12>='Rx Share'!L$6,('Rx Share'!M$6+((T12-'Rx Share'!L$6)/('Rx Share'!L$5-'Rx Share'!L$6)*'Rx Share'!N$6)),0)))))*$AK$1/10 -> 0 | AL12: =IF(U12="","",IF(U12>='Rx Share'!M$3,'Rx Share'!N$3,IF(U12>='Rx Share'!M$4,('Rx Share'!N$4+((U12-'Rx Share'!M$4)/('Rx Share'!M$3-'Rx Share'!M$4))*'Rx Share'!O$4),IF(U12>'Rx Share'!M$5,('Rx Share'!N$5+((U12-'Rx Share'!M$5)/('Rx Share'!M$4-'Rx Share'!M$5))*'Rx Share'!O$5),IF(U12>='Rx Share'!M$6,('Rx Share'!N$6+((U12-'Rx Share'!M$6)/('Rx Share'!M$5-'Rx Share'!M$6)*'Rx Share'!O$6)),0)))))*$AL$1/10 -> 0 | AM12: =IF(V12>='Call Achv'!L$3,'Call Achv'!M$3,IF(V12>='Call Achv'!L$4,('Call Achv'!M$4+((V12-'Call Achv'!L$4)/('Call Achv'!L$3-'Call Achv'!L$4))*'Call Achv'!N$4),IF(V12>'Call Achv'!L$5,('Call Achv'!M$5+((V12-'Call Achv'!L$5)/('Call Achv'!L$4-'Call Achv'!L$5))*'Call Achv'!N$5),IF(V12>='Call Achv'!L$6,('Call Achv'!M$6+((V12-'Call Achv'!L$6)/('Call Achv'!L$5-'Call Achv'!L$6)*'Call Achv'!N$6)),0))))*$AM$2/10 -> 2.1964815 | AN12: =IF(W12>='DM Coaching'!G$3,'DM Coaching'!H$3,IF(W12>='DM Coaching'!G$4,('DM Coaching'!H$4+((W12-'DM Coaching'!G$4)/('DM Coaching'!G$3-'DM Coaching'!G$4))*'DM Coaching'!I$4),IF(W12>'DM Coaching'!G$5,('DM Coaching'!H$5+((W12-'DM Coaching'!G$5)/('DM Coaching'!G$4-'DM Coaching'!G$5))*'DM Coaching'!I$5),IF(W12>='DM Coaching'!G$6,('DM Coaching'!H$6+((W12-'DM Coaching'!G$6)/('DM Coaching'!G$5-'DM Coaching'!G$6)*'DM Coaching'!I$6)),0))))*$AN$2/10 -> 3 | AO12: =IF(X12>='FF-Written'!L$3,'FF-Written'!M$3,IF(X12>='FF-Written'!L$4,('FF-Written'!M$4+((X12-'FF-Written'!L$4)/('FF-Written'!L$3-'FF-Written'!L$4))*'FF-Written'!N$4),IF(X12>'FF-Written'!L$5,('FF-Written'!M$5+((X12-'FF-Written'!L$5)/('FF-Written'!L$4-'FF-Written'!L$5))*'FF-Written'!N$5),IF(X12>='FF-Written'!L$6,('FF-Written'!M$6+((X12-'FF-Written'!L$6)/('FF-Written'!L$5-'FF-Written'!L$6)*'FF-Written'!N$6)),0))))*$AO$2/10 -> 7 | AP12: =IF(Y12>='FF-Detailing'!L$3,'FF-Detailing'!M$3,IF(Y12>='FF-Detailing'!L$4,('FF-Detailing'!M$4+((Y12-'FF-Detailing'!L$4)/('FF-Detailing'!L$3-'FF-Detailing'!L$4))*'FF-Detailing'!N$4),IF(Y12>'FF-Detailing'!L$5,('FF-Detailing'!M$5+((Y12-'FF-Detailing'!L$5)/('FF-Detailing'!L$4-'FF-Detailing'!L$5))*'FF-Detailing'!N$5),IF(Y12>='FF-Detailing'!L$6,('FF-Detailing'!M$6+((Y12-'FF-Detailing'!L$6)/('FF-Detailing'!L$5-'FF-Detailing'!L$6)*'FF-Detailing'!N$6)),0))))*$AP$2/10 -> 2.825 | AQ12: =SUM(AB12:AP12)*100/90 -> 55.284742 | AR12: =_xlfn.RANK.EQ(AQ12,$AQ$4:$AQ$21) -> 3 | AS12: 1.537478 | AT12: =IFERROR(IF($K12>=99.5,M12,""),"") | AU12: =IFERROR(IF($K12>=99.5,L12,""),"") | AV12: =IFERROR(IF($K12>=99.5,X12,""),"") | AW12: =IFERROR(IF($K12>=99.5,O12,""),"") | AX12: =IFERROR(IF($K12>=99.5,#REF!,""),"") | AY12: =IFERROR(IF($K12>=99.5,_xlfn.RANK.EQ(AS12,AS$4:AS$21),"Disqualified"),"Not eligible") -> Disqualified | AZ12: =IFERROR(IF($K12>=99.5,_xlfn.RANK.EQ(AT12,AT$4:AT$21),"Disqualified"),"Not eligible") -> Disqualified | BA12: =IFERROR(IF($K12>=99.5,_xlfn.RANK.EQ(AU12,AU$4:AU$21),"Disqualified"),"Not eligible") -> Disqualified | BB12: =IFERROR(IF($K12>=99.5,_xlfn.RANK.EQ(AV12,AV$4:AV$21),"Disqualified"),"Not eligible") -> Disqualified | BC12: =IFERROR(IF($K12>=99.5,_xlfn.RANK.EQ(AW12,AW$4:AW$21),"Disqualified"),"Not eligible") -> Disqualified | BD12: =IFERROR(IF($K12>=99.5,_xlfn.RANK.EQ(AX12,AX$4:AX$21),"Disqualified"),"Not eligible") -> Disqualified
B13: 104900 | C13: Muhammad Osman Ghani | D13: Sr. RSM | E13: Syncovax Dhaka 1 | F13: Syncovax | G13: Syncovax | H13: 40857 | I13: Regular | J13: 7 | K13: 106.03251 | L13: 55.11811 | M13: 84.463095 | N13: 111.48245 | O13: 67.647059 | P13: 7 | Q13: 5 | R13: 0 | S13: 0 | T13: 0 | U13: 0 | V13: 130.50447 | W13: 61.030534 | X13: 57.16092 | Y13: 46.317241 | Z13: 1 | AB13: =IF(K13>='Sales Ach'!L$3,'Sales Ach'!M$3,IF(K13>='Sales Ach'!L$4,('Sales Ach'!M$4+((K13-'Sales Ach'!L$4)/('Sales Ach'!L$3-'Sales Ach'!L$4))*'Sales Ach'!N$4),IF(K13>'Sales Ach'!L$5,('Sales Ach'!M$5+((K13-'Sales Ach'!L$5)/('Sales Ach'!L$4-'Sales Ach'!L$5))*'Sales Ach'!N$5),IF(K13>='Sales Ach'!L$6,('Sales Ach'!M$6+((K13-'Sales Ach'!L$6)/('Sales Ach'!L$5-'Sales Ach'!L$6)*'Sales Ach'!N$6)),0))))*$AB$2/10 -> 18.413003 | AC13: =IF(L13>=UA!L$3,UA!M$3,IF(L13>=UA!L$4,(UA!M$4+((L13-UA!L$4)/(UA!L$3-UA!L$4))*UA!N$4),IF(L13>UA!L$5,(UA!M$5+((L13-UA!L$5)/(UA!L$4-UA!L$5))*UA!N$5),IF(L13>=UA!L$6,(UA!M$6+((L13-UA!L$6)/(UA!L$5-UA!L$6)*UA!N$6)),0))))*$AC$2/10 -> 8 | AD13: =IF(M13="","",(IF(M13>='New Product'!L$3,'New Product'!M$3,IF(M13>='New Product'!L$4,('New Product'!M$4+((M13-'New Product'!L$4)/('New Product'!L$3-'New Product'!L$4))*'New Product'!N$4),IF(M13>'New Product'!L$5,('New Product'!M$5+((M13-'New Product'!L$5)/('New Product'!L$4-'New Product'!L$5))*'New Product'!N$5),IF(M13>='New Product'!L$6,('New Product'!M$6+((M13-'New Product'!L$6)/('New Product'!L$5-'New Product'!L$6)*'New Product'!N$6)),0))))*$AD$2/10)) -> 3.4248332 | AE13: =IF(N13>='Basket Brand'!L$3,'Basket Brand'!M$3,IF(N13>='Basket Brand'!L$4,('Basket Brand'!M$4+((N13-'Basket Brand'!L$4)/('Basket Brand'!L$3-'Basket Brand'!L$4))*'Basket Brand'!N$4),IF(N13>'Basket Brand'!L$5,('Basket Brand'!M$5+((N13-'Basket Brand'!L$5)/('Basket Brand'!L$4-'Basket Brand'!L$5))*'Basket Brand'!N$5),IF(N13>='Basket Brand'!L$6,('Basket Brand'!M$6+((N13-'Basket Brand'!L$6)/('Basket Brand'!L$5-'Basket Brand'!L$6)*'Basket Brand'!N$6)),0))))*$AE$2/10 -> 8 | AF13: =IF(O13>='Territory Month'!G$3,'Territory Month'!H$3,IF(O13>='Territory Month'!G$4,('Territory Month'!H$4+((O13-'Territory Month'!G$4)/('Territory Month'!G$3-'Territory Month'!G$4))*'Territory Month'!I$4),IF(O13>'Territory Month'!G$5,('Territory Month'!H$5+((O13-'Territory Month'!G$5)/('Territory Month'!G$4-'Territory Month'!G$5))*'Territory Month'!I$5),IF(O13>='Territory Month'!G$6,('Territory Month'!H$6+((O13-'Territory Month'!G$6)/('Territory Month'!G$5-'Territory Month'!G$6)*'Territory Month'!I$6)),0))))*$AF$2/10 -> 5 | AG13: =IF(P13>='No of Month Ach.'!L$3,'No of Month Ach.'!M$3,IF(P13>='No of Month Ach.'!L$4,('No of Month Ach.'!M$4+((P13-'No of Month Ach.'!L$4)/('No of Month Ach.'!L$3-'No of Month Ach.'!L$4))*'No of Month Ach.'!N$4),IF(P13>'No of Month Ach.'!L$5,('No of Month Ach.'!M$5+((P13-'No of Month Ach.'!L$5)/('No of Month Ach.'!L$4-'No of Month Ach.'!L$5))*'No of Month Ach.'!N$5),IF(P13>='No of Month Ach.'!L$6,('No of Month Ach.'!M$6+((P13-'No of Month Ach.'!L$6)/('No of Month Ach.'!L$5-'No of Month Ach.'!L$6)*'No of Month Ach.'!N$6)),0))))*$AG$2/10 -> 2.8 | AH13: =IF(Q13>='Portfolio Ach.'!B$3,'Portfolio Ach.'!C$3,IF(Q13>='Portfolio Ach.'!B$4,('Portfolio Ach.'!C$4+((Q13-'Portfolio Ach.'!B$4)/('Portfolio Ach.'!B$3-'Portfolio Ach.'!B$4))*'Portfolio Ach.'!D$4),IF(Q13>'Portfolio Ach.'!B$5,('Portfolio Ach.'!C$5+((Q13-'Portfolio Ach.'!B$5)/('Portfolio Ach.'!B$4-'Portfolio Ach.'!B$5))*'Portfolio Ach.'!D$5),IF(Q13>='Portfolio Ach.'!B$6,('Portfolio Ach.'!C$6+((Q13-'Portfolio Ach.'!B$6)/('Portfolio Ach.'!B$5-'Portfolio Ach.'!B$6)*'Portfolio Ach.'!D$6)),0))))*$AH$2/10 -> 2.8 | AI13: =IF(R13="","",IF(R13>='Rx Share'!L$3,'Rx Share'!M$3,IF(R13>='Rx Share'!L$4,('Rx Share'!M$4+((R13-'Rx Share'!L$4)/('Rx Share'!L$3-'Rx Share'!L$4))*'Rx Share'!N$4),IF(R13>'Rx Share'!L$5,('Rx Share'!M$5+((R13-'Rx Share'!L$5)/('Rx Share'!L$4-'Rx Share'!L$5))*'Rx Share'!N$5),IF(R13>='Rx Share'!L$6,('Rx Share'!M$6+((R13-'Rx Share'!L$6)/('Rx Share'!L$5-'Rx Share'!L$6)*'Rx Share'!N$6)),0)))))*$AI$1/10 -> 0 | AJ13: =IF(S13="","",IF(S13>='Rx Share'!L$3,'Rx Share'!M$3,IF(S13>='Rx Share'!L$4,('Rx Share'!M$4+((S13-'Rx Share'!L$4)/('Rx Share'!L$3-'Rx Share'!L$4))*'Rx Share'!N$4),IF(S13>'Rx Share'!L$5,('Rx Share'!M$5+((S13-'Rx Share'!L$5)/('Rx Share'!L$4-'Rx Share'!L$5))*'Rx Share'!N$5),IF(S13>='Rx Share'!L$6,('Rx Share'!M$6+((S13-'Rx Share'!L$6)/('Rx Share'!L$5-'Rx Share'!L$6)*'Rx Share'!N$6)),0)))))*$AJ$1/10 -> 0 | AK13: =IF(T13="","",IF(T13>='Rx Share'!L$3,'Rx Share'!M$3,IF(T13>='Rx Share'!L$4,('Rx Share'!M$4+((T13-'Rx Share'!L$4)/('Rx Share'!L$3-'Rx Share'!L$4))*'Rx Share'!N$4),IF(T13>'Rx Share'!L$5,('Rx Share'!M$5+((T13-'Rx Share'!L$5)/('Rx Share'!L$4-'Rx Share'!L$5))*'Rx Share'!N$5),IF(T13>='Rx Share'!L$6,('Rx Share'!M$6+((T13-'Rx Share'!L$6)/('Rx Share'!L$5-'Rx Share'!L$6)*'Rx Share'!N$6)),0)))))*$AK$1/10 -> 0 | AL13: =IF(U13="","",IF(U13>='Rx Share'!M$3,'Rx Share'!N$3,IF(U13>='Rx Share'!M$4,('Rx Share'!N$4+((U13-'Rx Share'!M$4)/('Rx Share'!M$3-'Rx Share'!M$4))*'Rx Share'!O$4),IF(U13>'Rx Share'!M$5,('Rx Share'!N$5+((U13-'Rx Share'!M$5)/('Rx Share'!M$4-'Rx Share'!M$5))*'Rx Share'!O$5),IF(U13>='Rx Share'!M$6,('Rx Share'!N$6+((U13-'Rx Share'!M$6)/('Rx Share'!M$5-'Rx Share'!M$6)*'Rx Share'!O$6)),0)))))*$AL$1/10 -> 0 | AM13: =IF(V13>='Call Achv'!L$3,'Call Achv'!M$3,IF(V13>='Call Achv'!L$4,('Call Achv'!M$4+((V13-'Call Achv'!L$4)/('Call Achv'!L$3-'Call Achv'!L$4))*'Call Achv'!N$4),IF(V13>'Call Achv'!L$5,('Call Achv'!M$5+((V13-'Call Achv'!L$5)/('Call Achv'!L$4-'Call Achv'!L$5))*'Call Achv'!N$5),IF(V13>='Call Achv'!L$6,('Call Achv'!M$6+((V13-'Call Achv'!L$6)/('Call Achv'!L$5-'Call Achv'!L$6)*'Call Achv'!N$6)),0))))*$AM$2/10 -> 5 | AN13: =IF(W13>='DM Coaching'!G$3,'DM Coaching'!H$3,IF(W13>='DM Coaching'!G$4,('DM Coaching'!H$4+((W13-'DM Coaching'!G$4)/('DM Coaching'!G$3-'DM Coaching'!G$4))*'DM Coaching'!I$4),IF(W13>'DM Coaching'!G$5,('DM Coaching'!H$5+((W13-'DM Coaching'!G$5)/('DM Coaching'!G$4-'DM Coaching'!G$5))*'DM Coaching'!I$5),IF(W13>='DM Coaching'!G$6,('DM Coaching'!H$6+((W13-'DM Coaching'!G$6)/('DM Coaching'!G$5-'DM Coaching'!G$6)*'DM Coaching'!I$6)),0))))*$AN$2/10 -> 2.4618321 | AO13: =IF(X13>='FF-Written'!L$3,'FF-Written'!M$3,IF(X13>='FF-Written'!L$4,('FF-Written'!M$4+((X13-'FF-Written'!L$4)/('FF-Written'!L$3-'FF-Written'!L$4))*'FF-Written'!N$4),IF(X13>'FF-Written'!L$5,('FF-Written'!M$5+((X13-'FF-Written'!L$5)/('FF-Written'!L$4-'FF-Written'!L$5))*'FF-Written'!N$5),IF(X13>='FF-Written'!L$6,('FF-Written'!M$6+((X13-'FF-Written'!L$6)/('FF-Written'!L$5-'FF-Written'!L$6)*'FF-Written'!N$6)),0))))*$AO$2/10 -> 2.1044253 | AP13: =IF(Y13>='FF-Detailing'!L$3,'FF-Detailing'!M$3,IF(Y13>='FF-Detailing'!L$4,('FF-Detailing'!M$4+((Y13-'FF-Detailing'!L$4)/('FF-Detailing'!L$3-'FF-Detailing'!L$4))*'FF-Detailing'!N$4),IF(Y13>'FF-Detailing'!L$5,('FF-Detailing'!M$5+((Y13-'FF-Detailing'!L$5)/('FF-Detailing'!L$4-'FF-Detailing'!L$5))*'FF-Detailing'!N$5),IF(Y13>='FF-Detailing'!L$6,('FF-Detailing'!M$6+((Y13-'FF-Detailing'!L$6)/('FF-Detailing'!L$5-'FF-Detailing'!L$6)*'FF-Detailing'!N$6)),0))))*$AP$2/10 -> 0 | AQ13: =SUM(AB13:AP13)*100/90 -> 64.448993 | AR13: =_xlfn.RANK.EQ(AQ13,$AQ$4:$AQ$21) -> 2 | AS13: 2.1519764 | AT13: =IFERROR(IF($K13>=99.5,M13,""),"") -> 84.463095 | AU13: =IFERROR(IF($K13>=99.5,L13,""),"") -> 55.11811 | AV13: =IFERROR(IF($K13>=99.5,X13,""),"") -> 57.16092 | AW13: =IFERROR(IF($K13>=99.5,O13,""),"") -> 67.647059 | AX13: =IFERROR(IF($K13>=99.5,#REF!,""),"") | AY13: =IFERROR(IF($K13>=99.5,_xlfn.RANK.EQ(AS13,AS$4:AS$21),"Disqualified"),"Not eligible") -> 14 | AZ13: =IFERROR(IF($K13>=99.5,_xlfn.RANK.EQ(AT13,AT$4:AT$21),"Disqualified"),"Not eligible") -> 1 | BA13: =IFERROR(IF($K13>=99.5,_xlfn.RANK.EQ(AU13,AU$4:AU$21),"Disqualified"),"Not eligible") -> 1 | BB13: =IFERROR(IF($K13>=99.5,_xlfn.RANK.EQ(AV13,AV$4:AV$21),"Disqualified"),"Not eligible") -> 2 | BC13: =IFERROR(IF($K13>=99.5,_xlfn.RANK.EQ(AW13,AW$4:AW$21),"Disqualified"),"Not eligible") -> 1 | BD13: =IFERROR(IF($K13>=99.5,_xlfn.RANK.EQ(AX13,AX$4:AX$21),"Disqualified"),"Not eligible") -> Not eligible
B14: 104933 | C14: Abu Raihan Mohammed Jakaria | D14: RSM | E14: Bogura | F14: SYGK Bogura Zone-4 | G14: Foundation SD | H14: 41679 | I14: Regular | J14: 9 | K14: 81.402147 | L14: 20.642202 | M14: 59.296579 | N14: 86.063321 | O14: 14.117647 | P14: 0 | Q14: 0 | R14: 0 | S14: 105.99508 | T14: 173.21016 | U14: 0 | V14: 71.047294 | W14: 78.439716 | X14: 80.431217 | Y14: 85.914286 | Z14: 1 | AB14: =IF(K14>='Sales Ach'!L$3,'Sales Ach'!M$3,IF(K14>='Sales Ach'!L$4,('Sales Ach'!M$4+((K14-'Sales Ach'!L$4)/('Sales Ach'!L$3-'Sales Ach'!L$4))*'Sales Ach'!N$4),IF(K14>'Sales Ach'!L$5,('Sales Ach'!M$5+((K14-'Sales Ach'!L$5)/('Sales Ach'!L$4-'Sales Ach'!L$5))*'Sales Ach'!N$5),IF(K14>='Sales Ach'!L$6,('Sales Ach'!M$6+((K14-'Sales Ach'!L$6)/('Sales Ach'!L$5-'Sales Ach'!L$6)*'Sales Ach'!N$6)),0))))*$AB$2/10 -> 7.2804295 | AC14: =IF(L14>=UA!L$3,UA!M$3,IF(L14>=UA!L$4,(UA!M$4+((L14-UA!L$4)/(UA!L$3-UA!L$4))*UA!N$4),IF(L14>UA!L$5,(UA!M$5+((L14-UA!L$5)/(UA!L$4-UA!L$5))*UA!N$5),IF(L14>=UA!L$6,(UA!M$6+((L14-UA!L$6)/(UA!L$5-UA!L$6)*UA!N$6)),0))))*$AC$2/10 -> 0 | AD14: =IF(M14="","",(IF(M14>='New Product'!L$3,'New Product'!M$3,IF(M14>='New Product'!L$4,('New Product'!M$4+((M14-'New Product'!L$4)/('New Product'!L$3-'New Product'!L$4))*'New Product'!N$4),IF(M14>'New Product'!L$5,('New Product'!M$5+((M14-'New Product'!L$5)/('New Product'!L$4-'New Product'!L$5))*'New Product'!N$5),IF(M14>='New Product'!L$6,('New Product'!M$6+((M14-'New Product'!L$6)/('New Product'!L$5-'New Product'!L$6)*'New Product'!N$6)),0))))*$AD$2/10)) -> 1.5319155 | AE14: =IF(N14>='Basket Brand'!L$3,'Basket Brand'!M$3,IF(N14>='Basket Brand'!L$4,('Basket Brand'!M$4+((N14-'Basket Brand'!L$4)/('Basket Brand'!L$3-'Basket Brand'!L$4))*'Basket Brand'!N$4),IF(N14>'Basket Brand'!L$5,('Basket Brand'!M$5+((N14-'Basket Brand'!L$5)/('Basket Brand'!L$4-'Basket Brand'!L$5))*'Basket Brand'!N$5),IF(N14>='Basket Brand'!L$6,('Basket Brand'!M$6+((N14-'Basket Brand'!L$6)/('Basket Brand'!L$5-'Basket Brand'!L$6)*'Basket Brand'!N$6)),0))))*$AE$2/10 -> 3.2850657 | AF14: =IF(O14>='Territory Month'!G$3,'Territory Month'!H$3,IF(O14>='Territory Month'!G$4,('Territory Month'!H$4+((O14-'Territory Month'!G$4)/('Territory Month'!G$3-'Territory Month'!G$4))*'Territory Month'!I$4),IF(O14>'Territory Month'!G$5,('Territory Month'!H$5+((O14-'Territory Month'!G$5)/('Territory Month'!G$4-'Territory Month'!G$5))*'Territory Month'!I$5),IF(O14>='Territory Month'!G$6,('Territory Month'!H$6+((O14-'Territory Month'!G$6)/('Territory Month'!G$5-'Territory Month'!G$6)*'Territory Month'!I$6)),0))))*$AF$2/10 -> 0 | AG14: =IF(P14>='No of Month Ach.'!L$3,'No of Month Ach.'!M$3,IF(P14>='No of Month Ach.'!L$4,('No of Month Ach.'!M$4+((P14-'No of Month Ach.'!L$4)/('No of Month Ach.'!L$3-'No of Month Ach.'!L$4))*'No of Month Ach.'!N$4),IF(P14>'No of Month Ach.'!L$5,('No of Month Ach.'!M$5+((P14-'No of Month Ach.'!L$5)/('No of Month Ach.'!L$4-'No of Month Ach.'!L$5))*'No of Month Ach.'!N$5),IF(P14>='No of Month Ach.'!L$6,('No of Month Ach.'!M$6+((P14-'No of Month Ach.'!L$6)/('No of Month Ach.'!L$5-'No of Month Ach.'!L$6)*'No of Month Ach.'!N$6)),0))))*$AG$2/10 -> 0 | AH14: =IF(Q14>='Portfolio Ach.'!B$3,'Portfolio Ach.'!C$3,IF(Q14>='Portfolio Ach.'!B$4,('Portfolio Ach.'!C$4+((Q14-'Portfolio Ach.'!B$4)/('Portfolio Ach.'!B$3-'Portfolio Ach.'!B$4))*'Portfolio Ach.'!D$4),IF(Q14>'Portfolio Ach.'!B$5,('Portfolio Ach.'!C$5+((Q14-'Portfolio Ach.'!B$5)/('Portfolio Ach.'!B$4-'Portfolio Ach.'!B$5))*'Portfolio Ach.'!D$5),IF(Q14>='Portfolio Ach.'!B$6,('Portfolio Ach.'!C$6+((Q14-'Portfolio Ach.'!B$6)/('Portfolio Ach.'!B$5-'Portfolio Ach.'!B$6)*'Portfolio Ach.'!D$6)),0))))*$AH$2/10 -> 0 | AI14: =IF(R14="","",IF(R14>='Rx Share'!L$3,'Rx Share'!M$3,IF(R14>='Rx Share'!L$4,('Rx Share'!M$4+((R14-'Rx Share'!L$4)/('Rx Share'!L$3-'Rx Share'!L$4))*'Rx Share'!N$4),IF(R14>'Rx Share'!L$5,('Rx Share'!M$5+((R14-'Rx Share'!L$5)/('Rx Share'!L$4-'Rx Share'!L$5))*'Rx Share'!N$5),IF(R14>='Rx Share'!L$6,('Rx Share'!M$6+((R14-'Rx Share'!L$6)/('Rx Share'!L$5-'Rx Share'!L$6)*'Rx Share'!N$6)),0)))))*$AI$1/10 -> 0 | AJ14: =IF(S14="","",IF(S14>='Rx Share'!L$3,'Rx Share'!M$3,IF(S14>='Rx Share'!L$4,('Rx Share'!M$4+((S14-'Rx Share'!L$4)/('Rx Share'!L$3-'Rx Share'!L$4))*'Rx Share'!N$4),IF(S14>'Rx Share'!L$5,('Rx Share'!M$5+((S14-'Rx Share'!L$5)/('Rx Share'!L$4-'Rx Share'!L$5))*'Rx Share'!N$5),IF(S14>='Rx Share'!L$6,('Rx Share'!M$6+((S14-'Rx Share'!L$6)/('Rx Share'!L$5-'Rx Share'!L$6)*'Rx Share'!N$6)),0)))))*$AJ$1/10 -> 6 | AK14: =IF(T14="","",IF(T14>='Rx Share'!L$3,'Rx Share'!M$3,IF(T14>='Rx Share'!L$4,('Rx Share'!M$4+((T14-'Rx Share'!L$4)/('Rx Share'!L$3-'Rx Share'!L$4))*'Rx Share'!N$4),IF(T14>'Rx Share'!L$5,('Rx Share'!M$5+((T14-'Rx Share'!L$5)/('Rx Share'!L$4-'Rx Share'!L$5))*'Rx Share'!N$5),IF(T14>='Rx Share'!L$6,('Rx Share'!M$6+((T14-'Rx Share'!L$6)/('Rx Share'!L$5-'Rx Share'!L$6)*'Rx Share'!N$6)),0)))))*$AK$1/10 -> 4 | AL14: =IF(U14="","",IF(U14>='Rx Share'!M$3,'Rx Share'!N$3,IF(U14>='Rx Share'!M$4,('Rx Share'!N$4+((U14-'Rx Share'!M$4)/('Rx Share'!M$3-'Rx Share'!M$4))*'Rx Share'!O$4),IF(U14>'Rx Share'!M$5,('Rx Share'!N$5+((U14-'Rx Share'!M$5)/('Rx Share'!M$4-'Rx Share'!M$5))*'Rx Share'!O$5),IF(U14>='Rx Share'!M$6,('Rx Share'!N$6+((U14-'Rx Share'!M$6)/('Rx Share'!M$5-'Rx Share'!M$6)*'Rx Share'!O$6)),0)))))*$AL$1/10 -> 0 | AM14: =IF(V14>='Call Achv'!L$3,'Call Achv'!M$3,IF(V14>='Call Achv'!L$4,('Call Achv'!M$4+((V14-'Call Achv'!L$4)/('Call Achv'!L$3-'Call Achv'!L$4))*'Call Achv'!N$4),IF(V14>'Call Achv'!L$5,('Call Achv'!M$5+((V14-'Call Achv'!L$5)/('Call Achv'!L$4-'Call Achv'!L$5))*'Call Achv'!N$5),IF(V14>='Call Achv'!L$6,('Call Achv'!M$6+((V14-'Call Achv'!L$6)/('Call Achv'!L$5-'Call Achv'!L$6)*'Call Achv'!N$6)),0))))*$AM$2/10 -> 0 | AN14: =IF(W14>='DM Coaching'!G$3,'DM Coaching'!H$3,IF(W14>='DM Coaching'!G$4,('DM Coaching'!H$4+((W14-'DM Coaching'!G$4)/('DM Coaching'!G$3-'DM Coaching'!G$4))*'DM Coaching'!I$4),IF(W14>'DM Coaching'!G$5,('DM Coaching'!H$5+((W14-'DM Coaching'!G$5)/('DM Coaching'!G$4-'DM Coaching'!G$5))*'DM Coaching'!I$5),IF(W14>='DM Coaching'!G$6,('DM Coaching'!H$6+((W14-'DM Coaching'!G$6)/('DM Coaching'!G$5-'DM Coaching'!G$6)*'DM Coaching'!I$6)),0))))*$AN$2/10 -> 3 | AO14: =IF(X14>='FF-Written'!L$3,'FF-Written'!M$3,IF(X14>='FF-Written'!L$4,('FF-Written'!M$4+((X14-'FF-Written'!L$4)/('FF-Written'!L$3-'FF-Written'!L$4))*'FF-Written'!N$4),IF(X14>'FF-Written'!L$5,('FF-Written'!M$5+((X14-'FF-Written'!L$5)/('FF-Written'!L$4-'FF-Written'!L$5))*'FF-Written'!N$5),IF(X14>='FF-Written'!L$6,('FF-Written'!M$6+((X14-'FF-Written'!L$6)/('FF-Written'!L$5-'FF-Written'!L$6)*'FF-Written'!N$6)),0))))*$AO$2/10 -> 7 | AP14: =IF(Y14>='FF-Detailing'!L$3,'FF-Detailing'!M$3,IF(Y14>='FF-Detailing'!L$4,('FF-Detailing'!M$4+((Y14-'FF-Detailing'!L$4)/('FF-Detailing'!L$3-'FF-Detailing'!L$4))*'FF-Detailing'!N$4),IF(Y14>'FF-Detailing'!L$5,('FF-Detailing'!M$5+((Y14-'FF-Detailing'!L$5)/('FF-Detailing'!L$4-'FF-Detailing'!L$5))*'FF-Detailing'!N$5),IF(Y14>='FF-Detailing'!L$6,('FF-Detailing'!M$6+((Y14-'FF-Detailing'!L$6)/('FF-Detailing'!L$5-'FF-Detailing'!L$6)*'FF-Detailing'!N$6)),0))))*$AP$2/10 -> 3 | AQ14: =SUM(AB14:AP14)*100/90 -> 38.997123 | AR14: =_xlfn.RANK.EQ(AQ14,$AQ$4:$AQ$21) -> 8 | AS14: 2.0934862 | AT14: =IFERROR(IF($K14>=99.5,M14,""),"") | AU14: =IFERROR(IF($K14>=99.5,L14,""),"") | AV14: =IFERROR(IF($K14>=99.5,X14,""),"") | AW14: =IFERROR(IF($K14>=99.5,O14,""),"") | AX14: =IFERROR(IF($K14>=99.5,#REF!,""),"") | AY14: =IFERROR(IF($K14>=99.5,_xlfn.RANK.EQ(AS14,AS$4:AS$21),"Disqualified"),"Not eligible") -> Disqualified | AZ14: =IFERROR(IF($K14>=99.5,_xlfn.RANK.EQ(AT14,AT$4:AT$21),"Disqualified"),"Not eligible") -> Disqualified | BA14: =IFERROR(IF($K14>=99.5,_xlfn.RANK.EQ(AU14,AU$4:AU$21),"Disqualified"),"Not eligible") -> Disqualified | BB14: =IFERROR(IF($K14>=99.5,_xlfn.RANK.EQ(AV14,AV$4:AV$21),"Disqualified"),"Not eligible") -> Disqualified | BC14: =IFERROR(IF($K14>=99.5,_xlfn.RANK.EQ(AW14,AW$4:AW$21),"Disqualified"),"Not eligible") -> Disqualified | BD14: =IFERROR(IF($K14>=99.5,_xlfn.RANK.EQ(AX14,AX$4:AX$21),"Disqualified"),"Not eligible") -> Disqualified
B15: 104951 | C15: Ariful Islam | D15: RSM | E15: Faridpur | F15: SYGK Bogura Zone-4 | G15: Foundation SD | H15: 42004 | I15: Regular | J15: 9 | K15: 89.354442 | L15: 28.284024 | M15: 67.918813 | N15: 93.824321 | O15: 31.330472 | P15: 2 | Q15: 0 | R15: 0 | S15: 72.921049 | T15: 137.71518 | U15: 0 | V15: 96.732267 | W15: 86.255319 | X15: 76.063952 | Y15: 83.384058 | Z15: 1 | AB15: =IF(K15>='Sales Ach'!L$3,'Sales Ach'!M$3,IF(K15>='Sales Ach'!L$4,('Sales Ach'!M$4+((K15-'Sales Ach'!L$4)/('Sales Ach'!L$3-'Sales Ach'!L$4))*'Sales Ach'!N$4),IF(K15>'Sales Ach'!L$5,('Sales Ach'!M$5+((K15-'Sales Ach'!L$5)/('Sales Ach'!L$4-'Sales Ach'!L$5))*'Sales Ach'!N$5),IF(K15>='Sales Ach'!L$6,('Sales Ach'!M$6+((K15-'Sales Ach'!L$6)/('Sales Ach'!L$5-'Sales Ach'!L$6)*'Sales Ach'!N$6)),0))))*$AB$2/10 -> 8.8708883 | AC15: =IF(L15>=UA!L$3,UA!M$3,IF(L15>=UA!L$4,(UA!M$4+((L15-UA!L$4)/(UA!L$3-UA!L$4))*UA!N$4),IF(L15>UA!L$5,(UA!M$5+((L15-UA!L$5)/(UA!L$4-UA!L$5))*UA!N$5),IF(L15>=UA!L$6,(UA!M$6+((L15-UA!L$6)/(UA!L$5-UA!L$6)*UA!N$6)),0))))*$AC$2/10 -> 0 | AD15: =IF(M15="","",(IF(M15>='New Product'!L$3,'New Product'!M$3,IF(M15>='New Product'!L$4,('New Product'!M$4+((M15-'New Product'!L$4)/('New Product'!L$3-'New Product'!L$4))*'New Product'!N$4),IF(M15>'New Product'!L$5,('New Product'!M$5+((M15-'New Product'!L$5)/('New Product'!L$4-'New Product'!L$5))*'New Product'!N$5),IF(M15>='New Product'!L$6,('New Product'!M$6+((M15-'New Product'!L$6)/('New Product'!L$5-'New Product'!L$6)*'New Product'!N$6)),0))))*$AD$2/10)) -> 2.0600273 | AE15: =IF(N15>='Basket Brand'!L$3,'Basket Brand'!M$3,IF(N15>='Basket Brand'!L$4,('Basket Brand'!M$4+((N15-'Basket Brand'!L$4)/('Basket Brand'!L$3-'Basket Brand'!L$4))*'Basket Brand'!N$4),IF(N15>'Basket Brand'!L$5,('Basket Brand'!M$5+((N15-'Basket Brand'!L$5)/('Basket Brand'!L$4-'Basket Brand'!L$5))*'Basket Brand'!N$5),IF(N15>='Basket Brand'!L$6,('Basket Brand'!M$6+((N15-'Basket Brand'!L$6)/('Basket Brand'!L$5-'Basket Brand'!L$6)*'Basket Brand'!N$6)),0))))*$AE$2/10 -> 3.9059457 | AF15: =IF(O15>='Territory Month'!G$3,'Territory Month'!H$3,IF(O15>='Territory Month'!G$4,('Territory Month'!H$4+((O15-'Territory Month'!G$4)/('Territory Month'!G$3-'Territory Month'!G$4))*'Territory Month'!I$4),IF(O15>'Territory Month'!G$5,('Territory Month'!H$5+((O15-'Territory Month'!G$5)/('Territory Month'!G$4-'Territory Month'!G$5))*'Territory Month'!I$5),IF(O15>='Territory Month'!G$6,('Territory Month'!H$6+((O15-'Territory Month'!G$6)/('Territory Month'!G$5-'Territory Month'!G$6)*'Territory Month'!I$6)),0))))*$AF$2/10 -> 0.40522175 | AG15: =IF(P15>='No of Month Ach.'!L$3,'No of Month Ach.'!M$3,IF(P15>='No of Month Ach.'!L$4,('No of Month Ach.'!M$4+((P15-'No of Month Ach.'!L$4)/('No of Month Ach.'!L$3-'No of Month Ach.'!L$4))*'No of Month Ach.'!N$4),IF(P15>'No of Month Ach.'!L$5,('No of Month Ach.'!M$5+((P15-'No of Month Ach.'!L$5)/('No of Month Ach.'!L$4-'No of Month Ach.'!L$5))*'No of Month Ach.'!N$5),IF(P15>='No of Month Ach.'!L$6,('No of Month Ach.'!M$6+((P15-'No of Month Ach.'!L$6)/('No of Month Ach.'!L$5-'No of Month Ach.'!L$6)*'No of Month Ach.'!N$6)),0))))*$AG$2/10 -> 0 | AH15: =IF(Q15>='Portfolio Ach.'!B$3,'Portfolio Ach.'!C$3,IF(Q15>='Portfolio Ach.'!B$4,('Portfolio Ach.'!C$4+((Q15-'Portfolio Ach.'!B$4)/('Portfolio Ach.'!B$3-'Portfolio Ach.'!B$4))*'Portfolio Ach.'!D$4),IF(Q15>'Portfolio Ach.'!B$5,('Portfolio Ach.'!C$5+((Q15-'Portfolio Ach.'!B$5)/('Portfolio Ach.'!B$4-'Portfolio Ach.'!B$5))*'Portfolio Ach.'!D$5),IF(Q15>='Portfolio Ach.'!B$6,('Portfolio Ach.'!C$6+((Q15-'Portfolio Ach.'!B$6)/('Portfolio Ach.'!B$5-'Portfolio Ach.'!B$6)*'Portfolio Ach.'!D$6)),0))))*$AH$2/10 -> 0 | AI15: =IF(R15="","",IF(R15>='Rx Share'!L$3,'Rx Share'!M$3,IF(R15>='Rx Share'!L$4,('Rx Share'!M$4+((R15-'Rx Share'!L$4)/('Rx Share'!L$3-'Rx Share'!L$4))*'Rx Share'!N$4),IF(R15>'Rx Share'!L$5,('Rx Share'!M$5+((R15-'Rx Share'!L$5)/('Rx Share'!L$4-'Rx Share'!L$5))*'Rx Share'!N$5),IF(R15>='Rx Share'!L$6,('Rx Share'!M$6+((R15-'Rx Share'!L$6)/('Rx Share'!L$5-'Rx Share'!L$6)*'Rx Share'!N$6)),0)))))*$AI$1/10 -> 0 | AJ15: =IF(S15="","",IF(S15>='Rx Share'!L$3,'Rx Share'!M$3,IF(S15>='Rx Share'!L$4,('Rx Share'!M$4+((S15-'Rx Share'!L$4)/('Rx Share'!L$3-'Rx Share'!L$4))*'Rx Share'!N$4),IF(S15>'Rx Share'!L$5,('Rx Share'!M$5+((S15-'Rx Share'!L$5)/('Rx Share'!L$4-'Rx Share'!L$5))*'Rx Share'!N$5),IF(S15>='Rx Share'!L$6,('Rx Share'!M$6+((S15-'Rx Share'!L$6)/('Rx Share'!L$5-'Rx Share'!L$6)*'Rx Share'!N$6)),0)))))*$AJ$1/10 -> 2.7505259 | AK15: =IF(T15="","",IF(T15>='Rx Share'!L$3,'Rx Share'!M$3,IF(T15>='Rx Share'!L$4,('Rx Share'!M$4+((T15-'Rx Share'!L$4)/('Rx Share'!L$3-'Rx Share'!L$4))*'Rx Share'!N$4),IF(T15>'Rx Share'!L$5,('Rx Share'!M$5+((T15-'Rx Share'!L$5)/('Rx Share'!L$4-'Rx Share'!L$5))*'Rx Share'!N$5),IF(T15>='Rx Share'!L$6,('Rx Share'!M$6+((T15-'Rx Share'!L$6)/('Rx Share'!L$5-'Rx Share'!L$6)*'Rx Share'!N$6)),0)))))*$AK$1/10 -> 4 | AL15: =IF(U15="","",IF(U15>='Rx Share'!M$3,'Rx Share'!N$3,IF(U15>='Rx Share'!M$4,('Rx Share'!N$4+((U15-'Rx Share'!M$4)/('Rx Share'!M$3-'Rx Share'!M$4))*'Rx Share'!O$4),IF(U15>'Rx Share'!M$5,('Rx Share'!N$5+((U15-'Rx Share'!M$5)/('Rx Share'!M$4-'Rx Share'!M$5))*'Rx Share'!O$5),IF(U15>='Rx Share'!M$6,('Rx Share'!N$6+((U15-'Rx Share'!M$6)/('Rx Share'!M$5-'Rx Share'!M$6)*'Rx Share'!O$6)),0)))))*$AL$1/10 -> 0 | AM15: =IF(V15>='Call Achv'!L$3,'Call Achv'!M$3,IF(V15>='Call Achv'!L$4,('Call Achv'!M$4+((V15-'Call Achv'!L$4)/('Call Achv'!L$3-'Call Achv'!L$4))*'Call Achv'!N$4),IF(V15>'Call Achv'!L$5,('Call Achv'!M$5+((V15-'Call Achv'!L$5)/('Call Achv'!L$4-'Call Achv'!L$5))*'Call Achv'!N$5),IF(V15>='Call Achv'!L$6,('Call Achv'!M$6+((V15-'Call Achv'!L$6)/('Call Achv'!L$5-'Call Achv'!L$6)*'Call Achv'!N$6)),0))))*$AM$2/10 -> 4.01968 | AN15: =IF(W15>='DM Coaching'!G$3,'DM Coaching'!H$3,IF(W15>='DM Coaching'!G$4,('DM Coaching'!H$4+((W15-'DM Coaching'!G$4)/('DM Coaching'!G$3-'DM Coaching'!G$4))*'DM Coaching'!I$4),IF(W15>'DM Coaching'!G$5,('DM Coaching'!H$5+((W15-'DM Coaching'!G$5)/('DM Coaching'!G$4-'DM Coaching'!G$5))*'DM Coaching'!I$5),IF(W15>='DM Coaching'!G$6,('DM Coaching'!H$6+((W15-'DM Coaching'!G$6)/('DM Coaching'!G$5-'DM Coaching'!G$6)*'DM Coaching'!I$6)),0))))*$AN$2/10 -> 3 | AO15: =IF(X15>='FF-Written'!L$3,'FF-Written'!M$3,IF(X15>='FF-Written'!L$4,('FF-Written'!M$4+((X15-'FF-Written'!L$4)/('FF-Written'!L$3-'FF-Written'!L$4))*'FF-Written'!N$4),IF(X15>'FF-Written'!L$5,('FF-Written'!M$5+((X15-'FF-Written'!L$5)/('FF-Written'!L$4-'FF-Written'!L$5))*'FF-Written'!N$5),IF(X15>='FF-Written'!L$6,('FF-Written'!M$6+((X15-'FF-Written'!L$6)/('FF-Written'!L$5-'FF-Written'!L$6)*'FF-Written'!N$6)),0))))*$AO$2/10 -> 6.4489533 | AP15: =IF(Y15>='FF-Detailing'!L$3,'FF-Detailing'!M$3,IF(Y15>='FF-Detailing'!L$4,('FF-Detailing'!M$4+((Y15-'FF-Detailing'!L$4)/('FF-Detailing'!L$3-'FF-Detailing'!L$4))*'FF-Detailing'!N$4),IF(Y15>'FF-Detailing'!L$5,('FF-Detailing'!M$5+((Y15-'FF-Detailing'!L$5)/('FF-Detailing'!L$4-'FF-Detailing'!L$5))*'FF-Detailing'!N$5),IF(Y15>='FF-Detailing'!L$6,('FF-Detailing'!M$6+((Y15-'FF-Detailing'!L$6)/('FF-Detailing'!L$5-'FF-Detailing'!L$6)*'FF-Detailing'!N$6)),0))))*$AP$2/10 -> 2.8545652 | AQ15: =SUM(AB15:AP15)*100/90 -> 42.573119 | AR15: =_xlfn.RANK.EQ(AQ15,$AQ$4:$AQ$21) -> 5 | AS15: 4.9660441 | AT15: =IFERROR(IF($K15>=99.5,M15,""),"") | AU15: =IFERROR(IF($K15>=99.5,L15,""),"") | AV15: =IFERROR(IF($K15>=99.5,X15,""),"") | AW15: =IFERROR(IF($K15>=99.5,O15,""),"") | AX15: =IFERROR(IF($K15>=99.5,#REF!,""),"") | AY15: =IFERROR(IF($K15>=99.5,_xlfn.RANK.EQ(AS15,AS$4:AS$21),"Disqualified"),"Not eligible") -> Disqualified | AZ15: =IFERROR(IF($K15>=99.5,_xlfn.RANK.EQ(AT15,AT$4:AT$21),"Disqualified"),"Not eligible") -> Disqualified | BA15: =IFERROR(IF($K15>=99.5,_xlfn.RANK.EQ(AU15,AU$4:AU$21),"Disqualified"),"Not eligible") -> Disqualified | BB15: =IFERROR(IF($K15>=99.5,_xlfn.RANK.EQ(AV15,AV$4:AV$21),"Disqualified"),"Not eligible") -> Disqualified | BC15: =IFERROR(IF($K15>=99.5,_xlfn.RANK.EQ(AW15,AW$4:AW$21),"Disqualified"),"Not eligible") -> Disqualified | BD15: =IFERROR(IF($K15>=99.5,_xlfn.RANK.EQ(AX15,AX$4:AX$21),"Disqualified"),"Not eligible") -> Disqualified
B16: 104958 | C16: Md. Humayoun Kabir | D16: RSM | E16: Syncovax Dhaka 2 | F16: Syncovax | G16: Syncovax | H16: 42082 | I16: Regular | J16: 5 | K16: 94.769499 | L16: 44.247788 | M16: 80.495479 | N16: 97.832113 | O16: 63.888889 | P16: 3 | Q16: 1 | R16: 0 | S16: 0 | T16: 0 | U16: 0 | V16: 116.08103 | W16: 39.56044 | X16: 38.944444 | Y16: 28.166667 | Z16: 1 | AB16: =IF(K16>='Sales Ach'!L$3,'Sales Ach'!M$3,IF(K16>='Sales Ach'!L$4,('Sales Ach'!M$4+((K16-'Sales Ach'!L$4)/('Sales Ach'!L$3-'Sales Ach'!L$4))*'Sales Ach'!N$4),IF(K16>'Sales Ach'!L$5,('Sales Ach'!M$5+((K16-'Sales Ach'!L$5)/('Sales Ach'!L$4-'Sales Ach'!L$5))*'Sales Ach'!N$5),IF(K16>='Sales Ach'!L$6,('Sales Ach'!M$6+((K16-'Sales Ach'!L$6)/('Sales Ach'!L$5-'Sales Ach'!L$6)*'Sales Ach'!N$6)),0))))*$AB$2/10 -> 9.9538998 | AC16: =IF(L16>=UA!L$3,UA!M$3,IF(L16>=UA!L$4,(UA!M$4+((L16-UA!L$4)/(UA!L$3-UA!L$4))*UA!N$4),IF(L16>UA!L$5,(UA!M$5+((L16-UA!L$5)/(UA!L$4-UA!L$5))*UA!N$5),IF(L16>=UA!L$6,(UA!M$6+((L16-UA!L$6)/(UA!L$5-UA!L$6)*UA!N$6)),0))))*$AC$2/10 -> 6.159292 | AD16: =IF(M16="","",(IF(M16>='New Product'!L$3,'New Product'!M$3,IF(M16>='New Product'!L$4,('New Product'!M$4+((M16-'New Product'!L$4)/('New Product'!L$3-'New Product'!L$4))*'New Product'!N$4),IF(M16>'New Product'!L$5,('New Product'!M$5+((M16-'New Product'!L$5)/('New Product'!L$4-'New Product'!L$5))*'New Product'!N$5),IF(M16>='New Product'!L$6,('New Product'!M$6+((M16-'New Product'!L$6)/('New Product'!L$5-'New Product'!L$6)*'New Product'!N$6)),0))))*$AD$2/10)) -> 2.869367 | AE16: =IF(N16>='Basket Brand'!L$3,'Basket Brand'!M$3,IF(N16>='Basket Brand'!L$4,('Basket Brand'!M$4+((N16-'Basket Brand'!L$4)/('Basket Brand'!L$3-'Basket Brand'!L$4))*'Basket Brand'!N$4),IF(N16>'Basket Brand'!L$5,('Basket Brand'!M$5+((N16-'Basket Brand'!L$5)/('Basket Brand'!L$4-'Basket Brand'!L$5))*'Basket Brand'!N$5),IF(N16>='Basket Brand'!L$6,('Basket Brand'!M$6+((N16-'Basket Brand'!L$6)/('Basket Brand'!L$5-'Basket Brand'!L$6)*'Basket Brand'!N$6)),0))))*$AE$2/10 -> 4.9062761 | AF16: =IF(O16>='Territory Month'!G$3,'Territory Month'!H$3,IF(O16>='Territory Month'!G$4,('Territory Month'!H$4+((O16-'Territory Month'!G$4)/('Territory Month'!G$3-'Territory Month'!G$4))*'Territory Month'!I$4),IF(O16>'Territory Month'!G$5,('Territory Month'!H$5+((O16-'Territory Month'!G$5)/('Territory Month'!G$4-'Territory Month'!G$5))*'Territory Month'!I$5),IF(O16>='Territory Month'!G$6,('Territory Month'!H$6+((O16-'Territory Month'!G$6)/('Territory Month'!G$5-'Territory Month'!G$6)*'Territory Month'!I$6)),0))))*$AF$2/10 -> 5 | AG16: =IF(P16>='No of Month Ach.'!L$3,'No of Month Ach.'!M$3,IF(P16>='No of Month Ach.'!L$4,('No of Month Ach.'!M$4+((P16-'No of Month Ach.'!L$4)/('No of Month Ach.'!L$3-'No of Month Ach.'!L$4))*'No of Month Ach.'!N$4),IF(P16>'No of Month Ach.'!L$5,('No of Month Ach.'!M$5+((P16-'No of Month Ach.'!L$5)/('No of Month Ach.'!L$4-'No of Month Ach.'!L$5))*'No of Month Ach.'!N$5),IF(P16>='No of Month Ach.'!L$6,('No of Month Ach.'!M$6+((P16-'No of Month Ach.'!L$6)/('No of Month Ach.'!L$5-'No of Month Ach.'!L$6)*'No of Month Ach.'!N$6)),0))))*$AG$2/10 -> 0.2 | AH16: =IF(Q16>='Portfolio Ach.'!B$3,'Portfolio Ach.'!C$3,IF(Q16>='Portfolio Ach.'!B$4,('Portfolio Ach.'!C$4+((Q16-'Portfolio Ach.'!B$4)/('Portfolio Ach.'!B$3-'Portfolio Ach.'!B$4))*'Portfolio Ach.'!D$4),IF(Q16>'Portfolio Ach.'!B$5,('Portfolio Ach.'!C$5+((Q16-'Portfolio Ach.'!B$5)/('Portfolio Ach.'!B$4-'Portfolio Ach.'!B$5))*'Portfolio Ach.'!D$5),IF(Q16>='Portfolio Ach.'!B$6,('Portfolio Ach.'!C$6+((Q16-'Portfolio Ach.'!B$6)/('Portfolio Ach.'!B$5-'Portfolio Ach.'!B$6)*'Portfolio Ach.'!D$6)),0))))*$AH$2/10 -> 0.2 | AI16: =IF(R16="","",IF(R16>='Rx Share'!L$3,'Rx Share'!M$3,IF(R16>='Rx Share'!L$4,('Rx Share'!M$4+((R16-'Rx Share'!L$4)/('Rx Share'!L$3-'Rx Share'!L$4))*'Rx Share'!N$4),IF(R16>'Rx Share'!L$5,('Rx Share'!M$5+((R16-'Rx Share'!L$5)/('Rx Share'!L$4-'Rx Share'!L$5))*'Rx Share'!N$5),IF(R16>='Rx Share'!L$6,('Rx Share'!M$6+((R16-'Rx Share'!L$6)/('Rx Share'!L$5-'Rx Share'!L$6)*'Rx Share'!N$6)),0)))))*$AI$1/10 -> 0 | AJ16: =IF(S16="","",IF(S16>='Rx Share'!L$3,'Rx Share'!M$3,IF(S16>='Rx Share'!L$4,('Rx Share'!M$4+((S16-'Rx Share'!L$4)/('Rx Share'!L$3-'Rx Share'!L$4))*'Rx Share'!N$4),IF(S16>'Rx Share'!L$5,('Rx Share'!M$5+((S16-'Rx Share'!L$5)/('Rx Share'!L$4-'Rx Share'!L$5))*'Rx Share'!N$5),IF(S16>='Rx Share'!L$6,('Rx Share'!M$6+((S16-'Rx Share'!L$6)/('Rx Share'!L$5-'Rx Share'!L$6)*'Rx Share'!N$6)),0)))))*$AJ$1/10 -> 0 | AK16: =IF(T16="","",IF(T16>='Rx Share'!L$3,'Rx Share'!M$3,IF(T16>='Rx Share'!L$4,('Rx Share'!M$4+((T16-'Rx Share'!L$4)/('Rx Share'!L$3-'Rx Share'!L$4))*'Rx Share'!N$4),IF(T16>'Rx Share'!L$5,('Rx Share'!M$5+((T16-'Rx Share'!L$5)/('Rx Share'!L$4-'Rx Share'!L$5))*'Rx Share'!N$5),IF(T16>='Rx Share'!L$6,('Rx Share'!M$6+((T16-'Rx Share'!L$6)/('Rx Share'!L$5-'Rx Share'!L$6)*'Rx Share'!N$6)),0)))))*$AK$1/10 -> 0 | AL16: =IF(U16="","",IF(U16>='Rx Share'!M$3,'Rx Share'!N$3,IF(U16>='Rx Share'!M$4,('Rx Share'!N$4+((U16-'Rx Share'!M$4)/('Rx Share'!M$3-'Rx Share'!M$4))*'Rx Share'!O$4),IF(U16>'Rx Share'!M$5,('Rx Share'!N$5+((U16-'Rx Share'!M$5)/('Rx Share'!M$4-'Rx Share'!M$5))*'Rx Share'!O$5),IF(U16>='Rx Share'!M$6,('Rx Share'!N$6+((U16-'Rx Share'!M$6)/('Rx Share'!M$5-'Rx Share'!M$6)*'Rx Share'!O$6)),0)))))*$AL$1/10 -> 0 | AM16: =IF(V16>='Call Achv'!L$3,'Call Achv'!M$3,IF(V16>='Call Achv'!L$4,('Call Achv'!M$4+((V16-'Call Achv'!L$4)/('Call Achv'!L$3-'Call Achv'!L$4))*'Call Achv'!N$4),IF(V16>'Call Achv'!L$5,('Call Achv'!M$5+((V16-'Call Achv'!L$5)/('Call Achv'!L$4-'Call Achv'!L$5))*'Call Achv'!N$5),IF(V16>='Call Achv'!L$6,('Call Achv'!M$6+((V16-'Call Achv'!L$6)/('Call Achv'!L$5-'Call Achv'!L$6)*'Call Achv'!N$6)),0))))*$AM$2/10 -> 5 | AN16: =IF(W16>='DM Coaching'!G$3,'DM Coaching'!H$3,IF(W16>='DM Coaching'!G$4,('DM Coaching'!H$4+((W16-'DM Coaching'!G$4)/('DM Coaching'!G$3-'DM Coaching'!G$4))*'DM Coaching'!I$4),IF(W16>'DM Coaching'!G$5,('DM Coaching'!H$5+((W16-'DM Coaching'!G$5)/('DM Coaching'!G$4-'DM Coaching'!G$5))*'DM Coaching'!I$5),IF(W16>='DM Coaching'!G$6,('DM Coaching'!H$6+((W16-'DM Coaching'!G$6)/('DM Coaching'!G$5-'DM Coaching'!G$6)*'DM Coaching'!I$6)),0))))*$AN$2/10 -> 0 | AO16: =IF(X16>='FF-Written'!L$3,'FF-Written'!M$3,IF(X16>='FF-Written'!L$4,('FF-Written'!M$4+((X16-'FF-Written'!L$4)/('FF-Written'!L$3-'FF-Written'!L$4))*'FF-Written'!N$4),IF(X16>'FF-Written'!L$5,('FF-Written'!M$5+((X16-'FF-Written'!L$5)/('FF-Written'!L$4-'FF-Written'!L$5))*'FF-Written'!N$5),IF(X16>='FF-Written'!L$6,('FF-Written'!M$6+((X16-'FF-Written'!L$6)/('FF-Written'!L$5-'FF-Written'!L$6)*'FF-Written'!N$6)),0))))*$AO$2/10 -> 0 | AP16: =IF(Y16>='FF-Detailing'!L$3,'FF-Detailing'!M$3,IF(Y16>='FF-Detailing'!L$4,('FF-Detailing'!M$4+((Y16-'FF-Detailing'!L$4)/('FF-Detailing'!L$3-'FF-Detailing'!L$4))*'FF-Detailing'!N$4),IF(Y16>'FF-Detailing'!L$5,('FF-Detailing'!M$5+((Y16-'FF-Detailing'!L$5)/('FF-Detailing'!L$4-'FF-Detailing'!L$5))*'FF-Detailing'!N$5),IF(Y16>='FF-Detailing'!L$6,('FF-Detailing'!M$6+((Y16-'FF-Detailing'!L$6)/('FF-Detailing'!L$5-'FF-Detailing'!L$6)*'FF-Detailing'!N$6)),0))))*$AP$2/10 -> 0 | AQ16: =SUM(AB16:AP16)*100/90 -> 38.098706 | AR16: =_xlfn.RANK.EQ(AQ16,$AQ$4:$AQ$21) -> 11 | AS16: 3.5696517 | AT16: =IFERROR(IF($K16>=99.5,M16,""),"") | AU16: =IFERROR(IF($K16>=99.5,L16,""),"") | AV16: =IFERROR(IF($K16>=99.5,X16,""),"") | AW16: =IFERROR(IF($K16>=99.5,O16,""),"") | AX16: =IFERROR(IF($K16>=99.5,#REF!,""),"") | AY16: =IFERROR(IF($K16>=99.5,_xlfn.RANK.EQ(AS16,AS$4:AS$21),"Disqualified"),"Not eligible") -> Disqualified | AZ16: =IFERROR(IF($K16>=99.5,_xlfn.RANK.EQ(AT16,AT$4:AT$21),"Disqualified"),"Not eligible") -> Disqualified | BA16: =IFERROR(IF($K16>=99.5,_xlfn.RANK.EQ(AU16,AU$4:AU$21),"Disqualified"),"Not eligible") -> Disqualified | BB16: =IFERROR(IF($K16>=99.5,_xlfn.RANK.EQ(AV16,AV$4:AV$21),"Disqualified"),"Not eligible") -> Disqualified | BC16: =IFERROR(IF($K16>=99.5,_xlfn.RANK.EQ(AW16,AW$4:AW$21),"Disqualified"),"Not eligible") -> Disqualified | BD16: =IFERROR(IF($K16>=99.5,_xlfn.RANK.EQ(AX16,AX$4:AX$21),"Disqualified"),"Not eligible") -> Disqualified
B17: 105235 | C17: Md. Helal Uddin | D17: RSM | I17: Transfer | J17: 7 | K17: 87.865995 | L17: 33.333333 | M17: 55.681045 | N17: 94.476369 | O17: 20.720721 | P17: 0 | Q17: 1 | R17: 0 | S17: 81.102362 | T17: 109.99804 | U17: 0 | V17: 81.368988 | W17: 76.811594 | X17: 65.285354 | Y17: 86.267424 | Z17: 1 | AB17: =IF(K17>='Sales Ach'!L$3,'Sales Ach'!M$3,IF(K17>='Sales Ach'!L$4,('Sales Ach'!M$4+((K17-'Sales Ach'!L$4)/('Sales Ach'!L$3-'Sales Ach'!L$4))*'Sales Ach'!N$4),IF(K17>'Sales Ach'!L$5,('Sales Ach'!M$5+((K17-'Sales Ach'!L$5)/('Sales Ach'!L$4-'Sales Ach'!L$5))*'Sales Ach'!N$5),IF(K17>='Sales Ach'!L$6,('Sales Ach'!M$6+((K17-'Sales Ach'!L$6)/('Sales Ach'!L$5-'Sales Ach'!L$6)*'Sales Ach'!N$6)),0))))*$AB$2/10 -> 8.5731989 | AC17: =IF(L17>=UA!L$3,UA!M$3,IF(L17>=UA!L$4,(UA!M$4+((L17-UA!L$4)/(UA!L$3-UA!L$4))*UA!N$4),IF(L17>UA!L$5,(UA!M$5+((L17-UA!L$5)/(UA!L$4-UA!L$5))*UA!N$5),IF(L17>=UA!L$6,(UA!M$6+((L17-UA!L$6)/(UA!L$5-UA!L$6)*UA!N$6)),0))))*$AC$2/10 -> 3.2 | AD17: =IF(M17="","",(IF(M17>='New Product'!L$3,'New Product'!M$3,IF(M17>='New Product'!L$4,('New Product'!M$4+((M17-'New Product'!L$4)/('New Product'!L$3-'New Product'!L$4))*'New Product'!N$4),IF(M17>'New Product'!L$5,('New Product'!M$5+((M17-'New Product'!L$5)/('New Product'!L$4-'New Product'!L$5))*'New Product'!N$5),IF(M17>='New Product'!L$6,('New Product'!M$6+((M17-'New Product'!L$6)/('New Product'!L$5-'New Product'!L$6)*'New Product'!N$6)),0))))*$AD$2/10)) -> 1.310464 | AE17: =IF(N17>='Basket Brand'!L$3,'Basket Brand'!M$3,IF(N17>='Basket Brand'!L$4,('Basket Brand'!M$4+((N17-'Basket Brand'!L$4)/('Basket Brand'!L$3-'Basket Brand'!L$4))*'Basket Brand'!N$4),IF(N17>'Basket Brand'!L$5,('Basket Brand'!M$5+((N17-'Basket Brand'!L$5)/('Basket Brand'!L$4-'Basket Brand'!L$5))*'Basket Brand'!N$5),IF(N17>='Basket Brand'!L$6,('Basket Brand'!M$6+((N17-'Basket Brand'!L$6)/('Basket Brand'!L$5-'Basket Brand'!L$6)*'Basket Brand'!N$6)),0))))*$AE$2/10 -> 3.9581095 | AF17: =IF(O17>='Territory Month'!G$3,'Territory Month'!H$3,IF(O17>='Territory Month'!G$4,('Territory Month'!H$4+((O17-'Territory Month'!G$4)/('Territory Month'!G$3-'Territory Month'!G$4))*'Territory Month'!I$4),IF(O17>'Territory Month'!G$5,('Territory Month'!H$5+((O17-'Territory Month'!G$5)/('Territory Month'!G$4-'Territory Month'!G$5))*'Territory Month'!I$5),IF(O17>='Territory Month'!G$6,('Territory Month'!H$6+((O17-'Territory Month'!G$6)/('Territory Month'!G$5-'Territory Month'!G$6)*'Territory Month'!I$6)),0))))*$AF$2/10 -> 0 | AG17: =IF(P17>='No of Month Ach.'!L$3,'No of Month Ach.'!M$3,IF(P17>='No of Month Ach.'!L$4,('No of Month Ach.'!M$4+((P17-'No of Month Ach.'!L$4)/('No of Month Ach.'!L$3-'No of Month Ach.'!L$4))*'No of Month Ach.'!N$4),IF(P17>'No of Month Ach.'!L$5,('No of Month Ach.'!M$5+((P17-'No of Month Ach.'!L$5)/('No of Month Ach.'!L$4-'No of Month Ach.'!L$5))*'No of Month Ach.'!N$5),IF(P17>='No of Month Ach.'!L$6,('No of Month Ach.'!M$6+((P17-'No of Month Ach.'!L$6)/('No of Month Ach.'!L$5-'No of Month Ach.'!L$6)*'No of Month Ach.'!N$6)),0))))*$AG$2/10 -> 0 | AH17: =IF(Q17>='Portfolio Ach.'!B$3,'Portfolio Ach.'!C$3,IF(Q17>='Portfolio Ach.'!B$4,('Portfolio Ach.'!C$4+((Q17-'Portfolio Ach.'!B$4)/('Portfolio Ach.'!B$3-'Portfolio Ach.'!B$4))*'Portfolio Ach.'!D$4),IF(Q17>'Portfolio Ach.'!B$5,('Portfolio Ach.'!C$5+((Q17-'Portfolio Ach.'!B$5)/('Portfolio Ach.'!B$4-'Portfolio Ach.'!B$5))*'Portfolio Ach.'!D$5),IF(Q17>='Portfolio Ach.'!B$6,('Portfolio Ach.'!C$6+((Q17-'Portfolio Ach.'!B$6)/('Portfolio Ach.'!B$5-'Portfolio Ach.'!B$6)*'Portfolio Ach.'!D$6)),0))))*$AH$2/10 -> 0.2 | AI17: =IF(R17="","",IF(R17>='Rx Share'!L$3,'Rx Share'!M$3,IF(R17>='Rx Share'!L$4,('Rx Share'!M$4+((R17-'Rx Share'!L$4)/('Rx Share'!L$3-'Rx Share'!L$4))*'Rx Share'!N$4),IF(R17>'Rx Share'!L$5,('Rx Share'!M$5+((R17-'Rx Share'!L$5)/('Rx Share'!L$4-'Rx Share'!L$5))*'Rx Share'!N$5),IF(R17>='Rx Share'!L$6,('Rx Share'!M$6+((R17-'Rx Share'!L$6)/('Rx Share'!L$5-'Rx Share'!L$6)*'Rx Share'!N$6)),0)))))*$AI$1/10 -> 0 | AJ17: =IF(S17="","",IF(S17>='Rx Share'!L$3,'Rx Share'!M$3,IF(S17>='Rx Share'!L$4,('Rx Share'!M$4+((S17-'Rx Share'!L$4)/('Rx Share'!L$3-'Rx Share'!L$4))*'Rx Share'!N$4),IF(S17>'Rx Share'!L$5,('Rx Share'!M$5+((S17-'Rx Share'!L$5)/('Rx Share'!L$4-'Rx Share'!L$5))*'Rx Share'!N$5),IF(S17>='Rx Share'!L$6,('Rx Share'!M$6+((S17-'Rx Share'!L$6)/('Rx Share'!L$5-'Rx Share'!L$6)*'Rx Share'!N$6)),0)))))*$AJ$1/10 -> 3.7322835 | AK17: =IF(T17="","",IF(T17>='Rx Share'!L$3,'Rx Share'!M$3,IF(T17>='Rx Share'!L$4,('Rx Share'!M$4+((T17-'Rx Share'!L$4)/('Rx Share'!L$3-'Rx Share'!L$4))*'Rx Share'!N$4),IF(T17>'Rx Share'!L$5,('Rx Share'!M$5+((T17-'Rx Share'!L$5)/('Rx Share'!L$4-'Rx Share'!L$5))*'Rx Share'!N$5),IF(T17>='Rx Share'!L$6,('Rx Share'!M$6+((T17-'Rx Share'!L$6)/('Rx Share'!L$5-'Rx Share'!L$6)*'Rx Share'!N$6)),0)))))*$AK$1/10 -> 4 | AL17: =IF(U17="","",IF(U17>='Rx Share'!M$3,'Rx Share'!N$3,IF(U17>='Rx Share'!M$4,('Rx Share'!N$4+((U17-'Rx Share'!M$4)/('Rx Share'!M$3-'Rx Share'!M$4))*'Rx Share'!O$4),IF(U17>'Rx Share'!M$5,('Rx Share'!N$5+((U17-'Rx Share'!M$5)/('Rx Share'!M$4-'Rx Share'!M$5))*'Rx Share'!O$5),IF(U17>='Rx Share'!M$6,('Rx Share'!N$6+((U17-'Rx Share'!M$6)/('Rx Share'!M$5-'Rx Share'!M$6)*'Rx Share'!O$6)),0)))))*$AL$1/10 -> 0 | AM17: =IF(V17>='Call Achv'!L$3,'Call Achv'!M$3,IF(V17>='Call Achv'!L$4,('Call Achv'!M$4+((V17-'Call Achv'!L$4)/('Call Achv'!L$3-'Call Achv'!L$4))*'Call Achv'!N$4),IF(V17>'Call Achv'!L$5,('Call Achv'!M$5+((V17-'Call Achv'!L$5)/('Call Achv'!L$4-'Call Achv'!L$5))*'Call Achv'!N$5),IF(V17>='Call Achv'!L$6,('Call Achv'!M$6+((V17-'Call Achv'!L$6)/('Call Achv'!L$5-'Call Achv'!L$6)*'Call Achv'!N$6)),0))))*$AM$2/10 -> 0.48957294 | AN17: =IF(W17>='DM Coaching'!G$3,'DM Coaching'!H$3,IF(W17>='DM Coaching'!G$4,('DM Coaching'!H$4+((W17-'DM Coaching'!G$4)/('DM Coaching'!G$3-'DM Coaching'!G$4))*'DM Coaching'!I$4),IF(W17>'DM Coaching'!G$5,('DM Coaching'!H$5+((W17-'DM Coaching'!G$5)/('DM Coaching'!G$4-'DM Coaching'!G$5))*'DM Coaching'!I$5),IF(W17>='DM Coaching'!G$6,('DM Coaching'!H$6+((W17-'DM Coaching'!G$6)/('DM Coaching'!G$5-'DM Coaching'!G$6)*'DM Coaching'!I$6)),0))))*$AN$2/10 -> 3 | AO17: =IF(X17>='FF-Written'!L$3,'FF-Written'!M$3,IF(X17>='FF-Written'!L$4,('FF-Written'!M$4+((X17-'FF-Written'!L$4)/('FF-Written'!L$3-'FF-Written'!L$4))*'FF-Written'!N$4),IF(X17>'FF-Written'!L$5,('FF-Written'!M$5+((X17-'FF-Written'!L$5)/('FF-Written'!L$4-'FF-Written'!L$5))*'FF-Written'!N$5),IF(X17>='FF-Written'!L$6,('FF-Written'!M$6+((X17-'FF-Written'!L$6)/('FF-Written'!L$5-'FF-Written'!L$6)*'FF-Written'!N$6)),0))))*$AO$2/10 -> 4.279899 | AP17: =IF(Y17>='FF-Detailing'!L$3,'FF-Detailing'!M$3,IF(Y17>='FF-Detailing'!L$4,('FF-Detailing'!M$4+((Y17-'FF-Detailing'!L$4)/('FF-Detailing'!L$3-'FF-Detailing'!L$4))*'FF-Detailing'!N$4),IF(Y17>'FF-Detailing'!L$5,('FF-Detailing'!M$5+((Y17-'FF-Detailing'!L$5)/('FF-Detailing'!L$4-'FF-Detailing'!L$5))*'FF-Detailing'!N$5),IF(Y17>='FF-Detailing'!L$6,('FF-Detailing'!M$6+((Y17-'FF-Detailing'!L$6)/('FF-Detailing'!L$5-'FF-Detailing'!L$6)*'FF-Detailing'!N$6)),0))))*$AP$2/10 -> 3 | AQ17: =SUM(AB17:AP17)*100/90 -> 39.715031 | AR17: =_xlfn.RANK.EQ(AQ17,$AQ$4:$AQ$21) -> 6 | AS17: 2.4400981 | AT17: =IFERROR(IF($K17>=99.5,M17,""),"") | AU17: =IFERROR(IF($K17>=99.5,L17,""),"") | AV17: =IFERROR(IF($K17>=99.5,X17,""),"") | AW17: =IFERROR(IF($K17>=99.5,O17,""),"") | AX17: =IFERROR(IF($K17>=99.5,#REF!,""),"") | AY17: =IFERROR(IF($K17>=99.5,_xlfn.RANK.EQ(AS17,AS$4:AS$21),"Disqualified"),"Not eligible") -> Disqualified | AZ17: =IFERROR(IF($K17>=99.5,_xlfn.RANK.EQ(AT17,AT$4:AT$21),"Disqualified"),"Not eligible") -> Disqualified | BA17: =IFERROR(IF($K17>=99.5,_xlfn.RANK.EQ(AU17,AU$4:AU$21),"Disqualified"),"Not eligible") -> Disqualified | BB17: =IFERROR(IF($K17>=99.5,_xlfn.RANK.EQ(AV17,AV$4:AV$21),"Disqualified"),"Not eligible") -> Disqualified | BC17: =IFERROR(IF($K17>=99.5,_xlfn.RANK.EQ(AW17,AW$4:AW$21),"Disqualified"),"Not eligible") -> Disqualified | BD17: =IFERROR(IF($K17>=99.5,_xlfn.RANK.EQ(AX17,AX$4:AX$21),"Disqualified"),"Not eligible") -> Disqualified
B18: 105236 | C18: S K M Majibul Alam | D18: Sr. RSM | E18: Dhaka-1 | F18: SYGK Dhaka Zone-1 | G18: Foundation SD | H18: 44593 | I18: Regular | J18: 9 | K18: 83.261919 | L18: 21.444954 | M18: 59.532815 | N18: 80.667779 | O18: 27.1777 | P18: 0 | Q18: 0 | R18: 0 | S18: 56.919643 | T18: 119.58146 | U18: 0 | V18: 80.525983 | W18: 102.12766 | X18: 77.944718 | Y18: 83.844828 | Z18: 1 | AB18: =IF(K18>='Sales Ach'!L$3,'Sales Ach'!M$3,IF(K18>='Sales Ach'!L$4,('Sales Ach'!M$4+((K18-'Sales Ach'!L$4)/('Sales Ach'!L$3-'Sales Ach'!L$4))*'Sales Ach'!N$4),IF(K18>'Sales Ach'!L$5,('Sales Ach'!M$5+((K18-'Sales Ach'!L$5)/('Sales Ach'!L$4-'Sales Ach'!L$5))*'Sales Ach'!N$5),IF(K18>='Sales Ach'!L$6,('Sales Ach'!M$6+((K18-'Sales Ach'!L$6)/('Sales Ach'!L$5-'Sales Ach'!L$6)*'Sales Ach'!N$6)),0))))*$AB$2/10 -> 7.6523838 | AC18: =IF(L18>=UA!L$3,UA!M$3,IF(L18>=UA!L$4,(UA!M$4+((L18-UA!L$4)/(UA!L$3-UA!L$4))*UA!N$4),IF(L18>UA!L$5,(UA!M$5+((L18-UA!L$5)/(UA!L$4-UA!L$5))*UA!N$5),IF(L18>=UA!L$6,(UA!M$6+((L18-UA!L$6)/(UA!L$5-UA!L$6)*UA!N$6)),0))))*$AC$2/10 -> 0 | AD18: =IF(M18="","",(IF(M18>='New Product'!L$3,'New Product'!M$3,IF(M18>='New Product'!L$4,('New Product'!M$4+((M18-'New Product'!L$4)/('New Product'!L$3-'New Product'!L$4))*'New Product'!N$4),IF(M18>'New Product'!L$5,('New Product'!M$5+((M18-'New Product'!L$5)/('New Product'!L$4-'New Product'!L$5))*'New Product'!N$5),IF(M18>='New Product'!L$6,('New Product'!M$6+((M18-'New Product'!L$6)/('New Product'!L$5-'New Product'!L$6)*'New Product'!N$6)),0))))*$AD$2/10)) -> 1.5463849 | AE18: =IF(N18>='Basket Brand'!L$3,'Basket Brand'!M$3,IF(N18>='Basket Brand'!L$4,('Basket Brand'!M$4+((N18-'Basket Brand'!L$4)/('Basket Brand'!L$3-'Basket Brand'!L$4))*'Basket Brand'!N$4),IF(N18>'Basket Brand'!L$5,('Basket Brand'!M$5+((N18-'Basket Brand'!L$5)/('Basket Brand'!L$4-'Basket Brand'!L$5))*'Basket Brand'!N$5),IF(N18>='Basket Brand'!L$6,('Basket Brand'!M$6+((N18-'Basket Brand'!L$6)/('Basket Brand'!L$5-'Basket Brand'!L$6)*'Basket Brand'!N$6)),0))))*$AE$2/10 -> 2.8534223 | AF18: =IF(O18>='Territory Month'!G$3,'Territory Month'!H$3,IF(O18>='Territory Month'!G$4,('Territory Month'!H$4+((O18-'Territory Month'!G$4)/('Territory Month'!G$3-'Territory Month'!G$4))*'Territory Month'!I$4),IF(O18>'Territory Month'!G$5,('Territory Month'!H$5+((O18-'Territory Month'!G$5)/('Territory Month'!G$4-'Territory Month'!G$5))*'Territory Month'!I$5),IF(O18>='Territory Month'!G$6,('Territory Month'!H$6+((O18-'Territory Month'!G$6)/('Territory Month'!G$5-'Territory Month'!G$6)*'Territory Month'!I$6)),0))))*$AF$2/10 -> 0 | AG18: =IF(P18>='No of Month Ach.'!L$3,'No of Month Ach.'!M$3,IF(P18>='No of Month Ach.'!L$4,('No of Month Ach.'!M$4+((P18-'No of Month Ach.'!L$4)/('No of Month Ach.'!L$3-'No of Month Ach.'!L$4))*'No of Month Ach.'!N$4),IF(P18>'No of Month Ach.'!L$5,('No of Month Ach.'!M$5+((P18-'No of Month Ach.'!L$5)/('No of Month Ach.'!L$4-'No of Month Ach.'!L$5))*'No of Month Ach.'!N$5),IF(P18>='No of Month Ach.'!L$6,('No of Month Ach.'!M$6+((P18-'No of Month Ach.'!L$6)/('No of Month Ach.'!L$5-'No of Month Ach.'!L$6)*'No of Month Ach.'!N$6)),0))))*$AG$2/10 -> 0 | AH18: =IF(Q18>='Portfolio Ach.'!B$3,'Portfolio Ach.'!C$3,IF(Q18>='Portfolio Ach.'!B$4,('Portfolio Ach.'!C$4+((Q18-'Portfolio Ach.'!B$4)/('Portfolio Ach.'!B$3-'Portfolio Ach.'!B$4))*'Portfolio Ach.'!D$4),IF(Q18>'Portfolio Ach.'!B$5,('Portfolio Ach.'!C$5+((Q18-'Portfolio Ach.'!B$5)/('Portfolio Ach.'!B$4-'Portfolio Ach.'!B$5))*'Portfolio Ach.'!D$5),IF(Q18>='Portfolio Ach.'!B$6,('Portfolio Ach.'!C$6+((Q18-'Portfolio Ach.'!B$6)/('Portfolio Ach.'!B$5-'Portfolio Ach.'!B$6)*'Portfolio Ach.'!D$6)),0))))*$AH$2/10 -> 0 | AI18: =IF(R18="","",IF(R18>='Rx Share'!L$3,'Rx Share'!M$3,IF(R18>='Rx Share'!L$4,('Rx Share'!M$4+((R18-'Rx Share'!L$4)/('Rx Share'!L$3-'Rx Share'!L$4))*'Rx Share'!N$4),IF(R18>'Rx Share'!L$5,('Rx Share'!M$5+((R18-'Rx Share'!L$5)/('Rx Share'!L$4-'Rx Share'!L$5))*'Rx Share'!N$5),IF(R18>='Rx Share'!L$6,('Rx Share'!M$6+((R18-'Rx Share'!L$6)/('Rx Share'!L$5-'Rx Share'!L$6)*'Rx Share'!N$6)),0)))))*$AI$1/10 -> 0 | AJ18: =IF(S18="","",IF(S18>='Rx Share'!L$3,'Rx Share'!M$3,IF(S18>='Rx Share'!L$4,('Rx Share'!M$4+((S18-'Rx Share'!L$4)/('Rx Share'!L$3-'Rx Share'!L$4))*'Rx Share'!N$4),IF(S18>'Rx Share'!L$5,('Rx Share'!M$5+((S18-'Rx Share'!L$5)/('Rx Share'!L$4-'Rx Share'!L$5))*'Rx Share'!N$5),IF(S18>='Rx Share'!L$6,('Rx Share'!M$6+((S18-'Rx Share'!L$6)/('Rx Share'!L$5-'Rx Share'!L$6)*'Rx Share'!N$6)),0)))))*$AJ$1/10 -> 1.0265625 | AK18: =IF(T18="","",IF(T18>='Rx Share'!L$3,'Rx Share'!M$3,IF(T18>='Rx Share'!L$4,('Rx Share'!M$4+((T18-'Rx Share'!L$4)/('Rx Share'!L$3-'Rx Share'!L$4))*'Rx Share'!N$4),IF(T18>'Rx Share'!L$5,('Rx Share'!M$5+((T18-'Rx Share'!L$5)/('Rx Share'!L$4-'Rx Share'!L$5))*'Rx Share'!N$5),IF(T18>='Rx Share'!L$6,('Rx Share'!M$6+((T18-'Rx Share'!L$6)/('Rx Share'!L$5-'Rx Share'!L$6)*'Rx Share'!N$6)),0)))))*$AK$1/10 -> 4 | AL18: =IF(U18="","",IF(U18>='Rx Share'!M$3,'Rx Share'!N$3,IF(U18>='Rx Share'!M$4,('Rx Share'!N$4+((U18-'Rx Share'!M$4)/('Rx Share'!M$3-'Rx Share'!M$4))*'Rx Share'!O$4),IF(U18>'Rx Share'!M$5,('Rx Share'!N$5+((U18-'Rx Share'!M$5)/('Rx Share'!M$4-'Rx Share'!M$5))*'Rx Share'!O$5),IF(U18>='Rx Share'!M$6,('Rx Share'!N$6+((U18-'Rx Share'!M$6)/('Rx Share'!M$5-'Rx Share'!M$6)*'Rx Share'!O$6)),0)))))*$AL$1/10 -> 0 | AM18: =IF(V18>='Call Achv'!L$3,'Call Achv'!M$3,IF(V18>='Call Achv'!L$4,('Call Achv'!M$4+((V18-'Call Achv'!L$4)/('Call Achv'!L$3-'Call Achv'!L$4))*'Call Achv'!N$4),IF(V18>'Call Achv'!L$5,('Call Achv'!M$5+((V18-'Call Achv'!L$5)/('Call Achv'!L$4-'Call Achv'!L$5))*'Call Achv'!N$5),IF(V18>='Call Achv'!L$6,('Call Achv'!M$6+((V18-'Call Achv'!L$6)/('Call Achv'!L$5-'Call Achv'!L$6)*'Call Achv'!N$6)),0))))*$AM$2/10 -> 0.34204704 | AN18: =IF(W18>='DM Coaching'!G$3,'DM Coaching'!H$3,IF(W18>='DM Coaching'!G$4,('DM Coaching'!H$4+((W18-'DM Coaching'!G$4)/('DM Coaching'!G$3-'DM Coaching'!G$4))*'DM Coaching'!I$4),IF(W18>'DM Coaching'!G$5,('DM Coaching'!H$5+((W18-'DM Coaching'!G$5)/('DM Coaching'!G$4-'DM Coaching'!G$5))*'DM Coaching'!I$5),IF(W18>='DM Coaching'!G$6,('DM Coaching'!H$6+((W18-'DM Coaching'!G$6)/('DM Coaching'!G$5-'DM Coaching'!G$6)*'DM Coaching'!I$6)),0))))*$AN$2/10 -> 3 | AO18: =IF(X18>='FF-Written'!L$3,'FF-Written'!M$3,IF(X18>='FF-Written'!L$4,('FF-Written'!M$4+((X18-'FF-Written'!L$4)/('FF-Written'!L$3-'FF-Written'!L$4))*'FF-Written'!N$4),IF(X18>'FF-Written'!L$5,('FF-Written'!M$5+((X18-'FF-Written'!L$5)/('FF-Written'!L$4-'FF-Written'!L$5))*'FF-Written'!N$5),IF(X18>='FF-Written'!L$6,('FF-Written'!M$6+((X18-'FF-Written'!L$6)/('FF-Written'!L$5-'FF-Written'!L$6)*'FF-Written'!N$6)),0))))*$AO$2/10 -> 6.7122605 | AP18: =IF(Y18>='FF-Detailing'!L$3,'FF-Detailing'!M$3,IF(Y18>='FF-Detailing'!L$4,('FF-Detailing'!M$4+((Y18-'FF-Detailing'!L$4)/('FF-Detailing'!L$3-'FF-Detailing'!L$4))*'FF-Detailing'!N$4),IF(Y18>'FF-Detailing'!L$5,('FF-Detailing'!M$5+((Y18-'FF-Detailing'!L$5)/('FF-Detailing'!L$4-'FF-Detailing'!L$5))*'FF-Detailing'!N$5),IF(Y18>='FF-Detailing'!L$6,('FF-Detailing'!M$6+((Y18-'FF-Detailing'!L$6)/('FF-Detailing'!L$5-'FF-Detailing'!L$6)*'FF-Detailing'!N$6)),0))))*$AP$2/10 -> 2.8960345 | AQ18: =SUM(AB18:AP18)*100/90 -> 33.365662 | AR18: =_xlfn.RANK.EQ(AQ18,$AQ$4:$AQ$21) -> 16 | AS18: 1.7927911 | AT18: =IFERROR(IF($K18>=99.5,M18,""),"") | AU18: =IFERROR(IF($K18>=99.5,L18,""),"") | AV18: =IFERROR(IF($K18>=99.5,X18,""),"") | AW18: =IFERROR(IF($K18>=99.5,O18,""),"") | AX18: =IFERROR(IF($K18>=99.5,#REF!,""),"") | AY18: =IFERROR(IF($K18>=99.5,_xlfn.RANK.EQ(AS18,AS$4:AS$21),"Disqualified"),"Not eligible") -> Disqualified | AZ18: =IFERROR(IF($K18>=99.5,_xlfn.RANK.EQ(AT18,AT$4:AT$21),"Disqualified"),"Not eligible") -> Disqualified | BA18: =IFERROR(IF($K18>=99.5,_xlfn.RANK.EQ(AU18,AU$4:AU$21),"Disqualified"),"Not eligible") -> Disqualified | BB18: =IFERROR(IF($K18>=99.5,_xlfn.RANK.EQ(AV18,AV$4:AV$21),"Disqualified"),"Not eligible") -> Disqualified | BC18: =IFERROR(IF($K18>=99.5,_xlfn.RANK.EQ(AW18,AW$4:AW$21),"Disqualified"),"Not eligible") -> Disqualified | BD18: =IFERROR(IF($K18>=99.5,_xlfn.RANK.EQ(AX18,AX$4:AX$21),"Disqualified"),"Not eligible") -> Disqualified
B19: 105361 | C19: Md. Zohurul Haque | D19: Sr. RSM | E19: Barishal | F19: SYGK Dhaka Zone-2 | G19: Foundation SD | H19: 44652 | I19: Regular | J19: 9 | K19: 84.118109 | L19: 32.432432 | M19: 56.599805 | N19: 82.160648 | O19: 25.531915 | P19: 0 | Q19: 0 | R19: 0 | S19: 82.177709 | T19: 215.311 | U19: 0 | V19: 69.900492 | W19: 68.899522 | X19: 76.876543 | Y19: 77.448148 | Z19: 1 | AB19: =IF(K19>='Sales Ach'!L$3,'Sales Ach'!M$3,IF(K19>='Sales Ach'!L$4,('Sales Ach'!M$4+((K19-'Sales Ach'!L$4)/('Sales Ach'!L$3-'Sales Ach'!L$4))*'Sales Ach'!N$4),IF(K19>'Sales Ach'!L$5,('Sales Ach'!M$5+((K19-'Sales Ach'!L$5)/('Sales Ach'!L$4-'Sales Ach'!L$5))*'Sales Ach'!N$5),IF(K19>='Sales Ach'!L$6,('Sales Ach'!M$6+((K19-'Sales Ach'!L$6)/('Sales Ach'!L$5-'Sales Ach'!L$6)*'Sales Ach'!N$6)),0))))*$AB$2/10 -> 7.8236218 | AC19: =IF(L19>=UA!L$3,UA!M$3,IF(L19>=UA!L$4,(UA!M$4+((L19-UA!L$4)/(UA!L$3-UA!L$4))*UA!N$4),IF(L19>UA!L$5,(UA!M$5+((L19-UA!L$5)/(UA!L$4-UA!L$5))*UA!N$5),IF(L19>=UA!L$6,(UA!M$6+((L19-UA!L$6)/(UA!L$5-UA!L$6)*UA!N$6)),0))))*$AC$2/10 -> 2.9837838 | AD19: =IF(M19="","",(IF(M19>='New Product'!L$3,'New Product'!M$3,IF(M19>='New Product'!L$4,('New Product'!M$4+((M19-'New Product'!L$4)/('New Product'!L$3-'New Product'!L$4))*'New Product'!N$4),IF(M19>'New Product'!L$5,('New Product'!M$5+((M19-'New Product'!L$5)/('New Product'!L$4-'New Product'!L$5))*'New Product'!N$5),IF(M19>='New Product'!L$6,('New Product'!M$6+((M19-'New Product'!L$6)/('New Product'!L$5-'New Product'!L$6)*'New Product'!N$6)),0))))*$AD$2/10)) -> 1.3667381 | AE19: =IF(N19>='Basket Brand'!L$3,'Basket Brand'!M$3,IF(N19>='Basket Brand'!L$4,('Basket Brand'!M$4+((N19-'Basket Brand'!L$4)/('Basket Brand'!L$3-'Basket Brand'!L$4))*'Basket Brand'!N$4),IF(N19>'Basket Brand'!L$5,('Basket Brand'!M$5+((N19-'Basket Brand'!L$5)/('Basket Brand'!L$4-'Basket Brand'!L$5))*'Basket Brand'!N$5),IF(N19>='Basket Brand'!L$6,('Basket Brand'!M$6+((N19-'Basket Brand'!L$6)/('Basket Brand'!L$5-'Basket Brand'!L$6)*'Basket Brand'!N$6)),0))))*$AE$2/10 -> 2.9728518 | AF19: =IF(O19>='Territory Month'!G$3,'Territory Month'!H$3,IF(O19>='Territory Month'!G$4,('Territory Month'!H$4+((O19-'Territory Month'!G$4)/('Territory Month'!G$3-'Territory Month'!G$4))*'Territory Month'!I$4),IF(O19>'Territory Month'!G$5,('Territory Month'!H$5+((O19-'Territory Month'!G$5)/('Territory Month'!G$4-'Territory Month'!G$5))*'Territory Month'!I$5),IF(O19>='Territory Month'!G$6,('Territory Month'!H$6+((O19-'Territory Month'!G$6)/('Territory Month'!G$5-'Territory Month'!G$6)*'Territory Month'!I$6)),0))))*$AF$2/10 -> 0 | AG19: =IF(P19>='No of Month Ach.'!L$3,'No of Month Ach.'!M$3,IF(P19>='No of Month Ach.'!L$4,('No of Month Ach.'!M$4+((P19-'No of Month Ach.'!L$4)/('No of Month Ach.'!L$3-'No of Month Ach.'!L$4))*'No of Month Ach.'!N$4),IF(P19>'No of Month Ach.'!L$5,('No of Month Ach.'!M$5+((P19-'No of Month Ach.'!L$5)/('No of Month Ach.'!L$4-'No of Month Ach.'!L$5))*'No of Month Ach.'!N$5),IF(P19>='No of Month Ach.'!L$6,('No of Month Ach.'!M$6+((P19-'No of Month Ach.'!L$6)/('No of Month Ach.'!L$5-'No of Month Ach.'!L$6)*'No of Month Ach.'!N$6)),0))))*$AG$2/10 -> 0 | AH19: =IF(Q19>='Portfolio Ach.'!B$3,'Portfolio Ach.'!C$3,IF(Q19>='Portfolio Ach.'!B$4,('Portfolio Ach.'!C$4+((Q19-'Portfolio Ach.'!B$4)/('Portfolio Ach.'!B$3-'Portfolio Ach.'!B$4))*'Portfolio Ach.'!D$4),IF(Q19>'Portfolio Ach.'!B$5,('Portfolio Ach.'!C$5+((Q19-'Portfolio Ach.'!B$5)/('Portfolio Ach.'!B$4-'Portfolio Ach.'!B$5))*'Portfolio Ach.'!D$5),IF(Q19>='Portfolio Ach.'!B$6,('Portfolio Ach.'!C$6+((Q19-'Portfolio Ach.'!B$6)/('Portfolio Ach.'!B$5-'Portfolio Ach.'!B$6)*'Portfolio Ach.'!D$6)),0))))*$AH$2/10 -> 0 | AI19: =IF(R19="","",IF(R19>='Rx Share'!L$3,'Rx Share'!M$3,IF(R19>='Rx Share'!L$4,('Rx Share'!M$4+((R19-'Rx Share'!L$4)/('Rx Share'!L$3-'Rx Share'!L$4))*'Rx Share'!N$4),IF(R19>'Rx Share'!L$5,('Rx Share'!M$5+((R19-'Rx Share'!L$5)/('Rx Share'!L$4-'Rx Share'!L$5))*'Rx Share'!N$5),IF(R19>='Rx Share'!L$6,('Rx Share'!M$6+((R19-'Rx Share'!L$6)/('Rx Share'!L$5-'Rx Share'!L$6)*'Rx Share'!N$6)),0)))))*$AI$1/10 -> 0 | AJ19: =IF(S19="","",IF(S19>='Rx Share'!L$3,'Rx Share'!M$3,IF(S19>='Rx Share'!L$4,('Rx Share'!M$4+((S19-'Rx Share'!L$4)/('Rx Share'!L$3-'Rx Share'!L$4))*'Rx Share'!N$4),IF(S19>'Rx Share'!L$5,('Rx Share'!M$5+((S19-'Rx Share'!L$5)/('Rx Share'!L$4-'Rx Share'!L$5))*'Rx Share'!N$5),IF(S19>='Rx Share'!L$6,('Rx Share'!M$6+((S19-'Rx Share'!L$6)/('Rx Share'!L$5-'Rx Share'!L$6)*'Rx Share'!N$6)),0)))))*$AJ$1/10 -> 3.8613251 | AK19: =IF(T19="","",IF(T19>='Rx Share'!L$3,'Rx Share'!M$3,IF(T19>='Rx Share'!L$4,('Rx Share'!M$4+((T19-'Rx Share'!L$4)/('Rx Share'!L$3-'Rx Share'!L$4))*'Rx Share'!N$4),IF(T19>'Rx Share'!L$5,('Rx Share'!M$5+((T19-'Rx Share'!L$5)/('Rx Share'!L$4-'Rx Share'!L$5))*'Rx Share'!N$5),IF(T19>='Rx Share'!L$6,('Rx Share'!M$6+((T19-'Rx Share'!L$6)/('Rx Share'!L$5-'Rx Share'!L$6)*'Rx Share'!N$6)),0)))))*$AK$1/10 -> 4 | AL19: =IF(U19="","",IF(U19>='Rx Share'!M$3,'Rx Share'!N$3,IF(U19>='Rx Share'!M$4,('Rx Share'!N$4+((U19-'Rx Share'!M$4)/('Rx Share'!M$3-'Rx Share'!M$4))*'Rx Share'!O$4),IF(U19>'Rx Share'!M$5,('Rx Share'!N$5+((U19-'Rx Share'!M$5)/('Rx Share'!M$4-'Rx Share'!M$5))*'Rx Share'!O$5),IF(U19>='Rx Share'!M$6,('Rx Share'!N$6+((U19-'Rx Share'!M$6)/('Rx Share'!M$5-'Rx Share'!M$6)*'Rx Share'!O$6)),0)))))*$AL$1/10 -> 0 | AM19: =IF(V19>='Call Achv'!L$3,'Call Achv'!M$3,IF(V19>='Call Achv'!L$4,('Call Achv'!M$4+((V19-'Call Achv'!L$4)/('Call Achv'!L$3-'Call Achv'!L$4))*'Call Achv'!N$4),IF(V19>'Call Achv'!L$5,('Call Achv'!M$5+((V19-'Call Achv'!L$5)/('Call Achv'!L$4-'Call Achv'!L$5))*'Call Achv'!N$5),IF(V19>='Call Achv'!L$6,('Call Achv'!M$6+((V19-'Call Achv'!L$6)/('Call Achv'!L$5-'Call Achv'!L$6)*'Call Achv'!N$6)),0))))*$AM$2/10 -> 0 | AN19: =IF(W19>='DM Coaching'!G$3,'DM Coaching'!H$3,IF(W19>='DM Coaching'!G$4,('DM Coaching'!H$4+((W19-'DM Coaching'!G$4)/('DM Coaching'!G$3-'DM Coaching'!G$4))*'DM Coaching'!I$4),IF(W19>'DM Coaching'!G$5,('DM Coaching'!H$5+((W19-'DM Coaching'!G$5)/('DM Coaching'!G$4-'DM Coaching'!G$5))*'DM Coaching'!I$5),IF(W19>='DM Coaching'!G$6,('DM Coaching'!H$6+((W19-'DM Coaching'!G$6)/('DM Coaching'!G$5-'DM Coaching'!G$6)*'DM Coaching'!I$6)),0))))*$AN$2/10 -> 2.9339713 | AO19: =IF(X19>='FF-Written'!L$3,'FF-Written'!M$3,IF(X19>='FF-Written'!L$4,('FF-Written'!M$4+((X19-'FF-Written'!L$4)/('FF-Written'!L$3-'FF-Written'!L$4))*'FF-Written'!N$4),IF(X19>'FF-Written'!L$5,('FF-Written'!M$5+((X19-'FF-Written'!L$5)/('FF-Written'!L$4-'FF-Written'!L$5))*'FF-Written'!N$5),IF(X19>='FF-Written'!L$6,('FF-Written'!M$6+((X19-'FF-Written'!L$6)/('FF-Written'!L$5-'FF-Written'!L$6)*'FF-Written'!N$6)),0))))*$AO$2/10 -> 6.562716 | AP19: =IF(Y19>='FF-Detailing'!L$3,'FF-Detailing'!M$3,IF(Y19>='FF-Detailing'!L$4,('FF-Detailing'!M$4+((Y19-'FF-Detailing'!L$4)/('FF-Detailing'!L$3-'FF-Detailing'!L$4))*'FF-Detailing'!N$4),IF(Y19>'FF-Detailing'!L$5,('FF-Detailing'!M$5+((Y19-'FF-Detailing'!L$5)/('FF-Detailing'!L$4-'FF-Detailing'!L$5))*'FF-Detailing'!N$5),IF(Y19>='FF-Detailing'!L$6,('FF-Detailing'!M$6+((Y19-'FF-Detailing'!L$6)/('FF-Detailing'!L$5-'FF-Detailing'!L$6)*'FF-Detailing'!N$6)),0))))*$AP$2/10 -> 2.3203333 | AQ19: =SUM(AB19:AP19)*100/90 -> 38.694824 | AR19: =_xlfn.RANK.EQ(AQ19,$AQ$4:$AQ$21) -> 9 | AS19: 2.7130852 | AT19: =IFERROR(IF($K19>=99.5,M19,""),"") | AU19: =IFERROR(IF($K19>=99.5,L19,""),"") | AV19: =IFERROR(IF($K19>=99.5,X19,""),"") | AW19: =IFERROR(IF($K19>=99.5,O19,""),"") | AX19: =IFERROR(IF($K19>=99.5,#REF!,""),"") | AY19: =IFERROR(IF($K19>=99.5,_xlfn.RANK.EQ(AS19,AS$4:AS$21),"Disqualified"),"Not eligible") -> Disqualified | AZ19: =IFERROR(IF($K19>=99.5,_xlfn.RANK.EQ(AT19,AT$4:AT$21),"Disqualified"),"Not eligible") -> Disqualified | BA19: =IFERROR(IF($K19>=99.5,_xlfn.RANK.EQ(AU19,AU$4:AU$21),"Disqualified"),"Not eligible") -> Disqualified | BB19: =IFERROR(IF($K19>=99.5,_xlfn.RANK.EQ(AV19,AV$4:AV$21),"Disqualified"),"Not eligible") -> Disqualified | BC19: =IFERROR(IF($K19>=99.5,_xlfn.RANK.EQ(AW19,AW$4:AW$21),"Disqualified"),"Not eligible") -> Disqualified | BD19: =IFERROR(IF($K19>=99.5,_xlfn.RANK.EQ(AX19,AX$4:AX$21),"Disqualified"),"Not eligible") -> Disqualified
B20: 105365 | C20: S M Mamun | D20: RSM | E20: Noakhali | F20: SYGK Chattogram Zone-3 | G20: Foundation SD | H20: 44652 | I20: Regular | J20: 2 | K20: 78.740068 | L20: 25.252525 | M20: 44.373939 | N20: 89.498225 | O20: 12.891986 | P20: 0 | Q20: 0 | R20: 0 | S20: 15.559013 | T20: 16.823324 | U20: 0 | V20: 41.505319 | X20: 0 | Y20: 0 | Z20: 1 | AB20: =IF(K20>='Sales Ach'!L$3,'Sales Ach'!M$3,IF(K20>='Sales Ach'!L$4,('Sales Ach'!M$4+((K20-'Sales Ach'!L$4)/('Sales Ach'!L$3-'Sales Ach'!L$4))*'Sales Ach'!N$4),IF(K20>'Sales Ach'!L$5,('Sales Ach'!M$5+((K20-'Sales Ach'!L$5)/('Sales Ach'!L$4-'Sales Ach'!L$5))*'Sales Ach'!N$5),IF(K20>='Sales Ach'!L$6,('Sales Ach'!M$6+((K20-'Sales Ach'!L$6)/('Sales Ach'!L$5-'Sales Ach'!L$6)*'Sales Ach'!N$6)),0))))*$AB$2/10 -> 6.7480136 | AC20: =IF(L20>=UA!L$3,UA!M$3,IF(L20>=UA!L$4,(UA!M$4+((L20-UA!L$4)/(UA!L$3-UA!L$4))*UA!N$4),IF(L20>UA!L$5,(UA!M$5+((L20-UA!L$5)/(UA!L$4-UA!L$5))*UA!N$5),IF(L20>=UA!L$6,(UA!M$6+((L20-UA!L$6)/(UA!L$5-UA!L$6)*UA!N$6)),0))))*$AC$2/10 -> 0 | AD20: =IF(M20="","",(IF(M20>='New Product'!L$3,'New Product'!M$3,IF(M20>='New Product'!L$4,('New Product'!M$4+((M20-'New Product'!L$4)/('New Product'!L$3-'New Product'!L$4))*'New Product'!N$4),IF(M20>'New Product'!L$5,('New Product'!M$5+((M20-'New Product'!L$5)/('New Product'!L$4-'New Product'!L$5))*'New Product'!N$5),IF(M20>='New Product'!L$6,('New Product'!M$6+((M20-'New Product'!L$6)/('New Product'!L$5-'New Product'!L$6)*'New Product'!N$6)),0))))*$AD$2/10)) -> 0.61790377 | AE20: =IF(N20>='Basket Brand'!L$3,'Basket Brand'!M$3,IF(N20>='Basket Brand'!L$4,('Basket Brand'!M$4+((N20-'Basket Brand'!L$4)/('Basket Brand'!L$3-'Basket Brand'!L$4))*'Basket Brand'!N$4),IF(N20>'Basket Brand'!L$5,('Basket Brand'!M$5+((N20-'Basket Brand'!L$5)/('Basket Brand'!L$4-'Basket Brand'!L$5))*'Basket Brand'!N$5),IF(N20>='Basket Brand'!L$6,('Basket Brand'!M$6+((N20-'Basket Brand'!L$6)/('Basket Brand'!L$5-'Basket Brand'!L$6)*'Basket Brand'!N$6)),0))))*$AE$2/10 -> 3.559858 | AF20: =IF(O20>='Territory Month'!G$3,'Territory Month'!H$3,IF(O20>='Territory Month'!G$4,('Territory Month'!H$4+((O20-'Territory Month'!G$4)/('Territory Month'!G$3-'Territory Month'!G$4))*'Territory Month'!I$4),IF(O20>'Territory Month'!G$5,('Territory Month'!H$5+((O20-'Territory Month'!G$5)/('Territory Month'!G$4-'Territory Month'!G$5))*'Territory Month'!I$5),IF(O20>='Territory Month'!G$6,('Territory Month'!H$6+((O20-'Territory Month'!G$6)/('Territory Month'!G$5-'Territory Month'!G$6)*'Territory Month'!I$6)),0))))*$AF$2/10 -> 0 | AG20: =IF(P20>='No of Month Ach.'!L$3,'No of Month Ach.'!M$3,IF(P20>='No of Month Ach.'!L$4,('No of Month Ach.'!M$4+((P20-'No of Month Ach.'!L$4)/('No of Month Ach.'!L$3-'No of Month Ach.'!L$4))*'No of Month Ach.'!N$4),IF(P20>'No of Month Ach.'!L$5,('No of Month Ach.'!M$5+((P20-'No of Month Ach.'!L$5)/('No of Month Ach.'!L$4-'No of Month Ach.'!L$5))*'No of Month Ach.'!N$5),IF(P20>='No of Month Ach.'!L$6,('No of Month Ach.'!M$6+((P20-'No of Month Ach.'!L$6)/('No of Month Ach.'!L$5-'No of Month Ach.'!L$6)*'No of Month Ach.'!N$6)),0))))*$AG$2/10 -> 0 | AH20: =IF(Q20>='Portfolio Ach.'!B$3,'Portfolio Ach.'!C$3,IF(Q20>='Portfolio Ach.'!B$4,('Portfolio Ach.'!C$4+((Q20-'Portfolio Ach.'!B$4)/('Portfolio Ach.'!B$3-'Portfolio Ach.'!B$4))*'Portfolio Ach.'!D$4),IF(Q20>'Portfolio Ach.'!B$5,('Portfolio Ach.'!C$5+((Q20-'Portfolio Ach.'!B$5)/('Portfolio Ach.'!B$4-'Portfolio Ach.'!B$5))*'Portfolio Ach.'!D$5),IF(Q20>='Portfolio Ach.'!B$6,('Portfolio Ach.'!C$6+((Q20-'Portfolio Ach.'!B$6)/('Portfolio Ach.'!B$5-'Portfolio Ach.'!B$6)*'Portfolio Ach.'!D$6)),0))))*$AH$2/10 -> 0 | AI20: =IF(R20="","",IF(R20>='Rx Share'!L$3,'Rx Share'!M$3,IF(R20>='Rx Share'!L$4,('Rx Share'!M$4+((R20-'Rx Share'!L$4)/('Rx Share'!L$3-'Rx Share'!L$4))*'Rx Share'!N$4),IF(R20>'Rx Share'!L$5,('Rx Share'!M$5+((R20-'Rx Share'!L$5)/('Rx Share'!L$4-'Rx Share'!L$5))*'Rx Share'!N$5),IF(R20>='Rx Share'!L$6,('Rx Share'!M$6+((R20-'Rx Share'!L$6)/('Rx Share'!L$5-'Rx Share'!L$6)*'Rx Share'!N$6)),0)))))*$AI$1/10 -> 0 | AJ20: =IF(S20="","",IF(S20>='Rx Share'!L$3,'Rx Share'!M$3,IF(S20>='Rx Share'!L$4,('Rx Share'!M$4+((S20-'Rx Share'!L$4)/('Rx Share'!L$3-'Rx Share'!L$4))*'Rx Share'!N$4),IF(S20>'Rx Share'!L$5,('Rx Share'!M$5+((S20-'Rx Share'!L$5)/('Rx Share'!L$4-'Rx Share'!L$5))*'Rx Share'!N$5),IF(S20>='Rx Share'!L$6,('Rx Share'!M$6+((S20-'Rx Share'!L$6)/('Rx Share'!L$5-'Rx Share'!L$6)*'Rx Share'!N$6)),0)))))*$AJ$1/10 -> 0 | AK20: =IF(T20="","",IF(T20>='Rx Share'!L$3,'Rx Share'!M$3,IF(T20>='Rx Share'!L$4,('Rx Share'!M$4+((T20-'Rx Share'!L$4)/('Rx Share'!L$3-'Rx Share'!L$4))*'Rx Share'!N$4),IF(T20>'Rx Share'!L$5,('Rx Share'!M$5+((T20-'Rx Share'!L$5)/('Rx Share'!L$4-'Rx Share'!L$5))*'Rx Share'!N$5),IF(T20>='Rx Share'!L$6,('Rx Share'!M$6+((T20-'Rx Share'!L$6)/('Rx Share'!L$5-'Rx Share'!L$6)*'Rx Share'!N$6)),0)))))*$AK$1/10 -> 0 | AL20: =IF(U20="","",IF(U20>='Rx Share'!M$3,'Rx Share'!N$3,IF(U20>='Rx Share'!M$4,('Rx Share'!N$4+((U20-'Rx Share'!M$4)/('Rx Share'!M$3-'Rx Share'!M$4))*'Rx Share'!O$4),IF(U20>'Rx Share'!M$5,('Rx Share'!N$5+((U20-'Rx Share'!M$5)/('Rx Share'!M$4-'Rx Share'!M$5))*'Rx Share'!O$5),IF(U20>='Rx Share'!M$6,('Rx Share'!N$6+((U20-'Rx Share'!M$6)/('Rx Share'!M$5-'Rx Share'!M$6)*'Rx Share'!O$6)),0)))))*$AL$1/10 -> 0 | AM20: =IF(V20>='Call Achv'!L$3,'Call Achv'!M$3,IF(V20>='Call Achv'!L$4,('Call Achv'!M$4+((V20-'Call Achv'!L$4)/('Call Achv'!L$3-'Call Achv'!L$4))*'Call Achv'!N$4),IF(V20>'Call Achv'!L$5,('Call Achv'!M$5+((V20-'Call Achv'!L$5)/('Call Achv'!L$4-'Call Achv'!L$5))*'Call Achv'!N$5),IF(V20>='Call Achv'!L$6,('Call Achv'!M$6+((V20-'Call Achv'!L$6)/('Call Achv'!L$5-'Call Achv'!L$6)*'Call Achv'!N$6)),0))))*$AM$2/10 -> 0 | AN20: =IF(W20>='DM Coaching'!G$3,'DM Coaching'!H$3,IF(W20>='DM Coaching'!G$4,('DM Coaching'!H$4+((W20-'DM Coaching'!G$4)/('DM Coaching'!G$3-'DM Coaching'!G$4))*'DM Coaching'!I$4),IF(W20>'DM Coaching'!G$5,('DM Coaching'!H$5+((W20-'DM Coaching'!G$5)/('DM Coaching'!G$4-'DM Coaching'!G$5))*'DM Coaching'!I$5),IF(W20>='DM Coaching'!G$6,('DM Coaching'!H$6+((W20-'DM Coaching'!G$6)/('DM Coaching'!G$5-'DM Coaching'!G$6)*'DM Coaching'!I$6)),0))))*$AN$2/10 -> 3 | AO20: =IF(X20>='FF-Written'!L$3,'FF-Written'!M$3,IF(X20>='FF-Written'!L$4,('FF-Written'!M$4+((X20-'FF-Written'!L$4)/('FF-Written'!L$3-'FF-Written'!L$4))*'FF-Written'!N$4),IF(X20>'FF-Written'!L$5,('FF-Written'!M$5+((X20-'FF-Written'!L$5)/('FF-Written'!L$4-'FF-Written'!L$5))*'FF-Written'!N$5),IF(X20>='FF-Written'!L$6,('FF-Written'!M$6+((X20-'FF-Written'!L$6)/('FF-Written'!L$5-'FF-Written'!L$6)*'FF-Written'!N$6)),0))))*$AO$2/10 -> 0 | AP20: =IF(Y20>='FF-Detailing'!L$3,'FF-Detailing'!M$3,IF(Y20>='FF-Detailing'!L$4,('FF-Detailing'!M$4+((Y20-'FF-Detailing'!L$4)/('FF-Detailing'!L$3-'FF-Detailing'!L$4))*'FF-Detailing'!N$4),IF(Y20>'FF-Detailing'!L$5,('FF-Detailing'!M$5+((Y20-'FF-Detailing'!L$5)/('FF-Detailing'!L$4-'FF-Detailing'!L$5))*'FF-Detailing'!N$5),IF(Y20>='FF-Detailing'!L$6,('FF-Detailing'!M$6+((Y20-'FF-Detailing'!L$6)/('FF-Detailing'!L$5-'FF-Detailing'!L$6)*'FF-Detailing'!N$6)),0))))*$AP$2/10 -> 0 | AQ20: =SUM(AB20:AP20)*100/90 -> 15.473084 | AR20: =_xlfn.RANK.EQ(AQ20,$AQ$4:$AQ$21) -> 18 | AS20: 2.9350918 | AT20: =IFERROR(IF($K20>=99.5,M20,""),"") | AU20: =IFERROR(IF($K20>=99.5,L20,""),"") | AV20: =IFERROR(IF($K20>=99.5,X20,""),"") | AW20: =IFERROR(IF($K20>=99.5,O20,""),"") | AX20: =IFERROR(IF($K20>=99.5,#REF!,""),"") | AY20: =IFERROR(IF($K20>=99.5,_xlfn.RANK.EQ(AS20,AS$4:AS$21),"Disqualified"),"Not eligible") -> Disqualified | AZ20: =IFERROR(IF($K20>=99.5,_xlfn.RANK.EQ(AT20,AT$4:AT$21),"Disqualified"),"Not eligible") -> Disqualified | BA20: =IFERROR(IF($K20>=99.5,_xlfn.RANK.EQ(AU20,AU$4:AU$21),"Disqualified"),"Not eligible") -> Disqualified | BB20: =IFERROR(IF($K20>=99.5,_xlfn.RANK.EQ(AV20,AV$4:AV$21),"Disqualified"),"Not eligible") -> Disqualified | BC20: =IFERROR(IF($K20>=99.5,_xlfn.RANK.EQ(AW20,AW$4:AW$21),"Disqualified"),"Not eligible") -> Disqualified | BD20: =IFERROR(IF($K20>=99.5,_xlfn.RANK.EQ(AX20,AX$4:AX$21),"Disqualified"),"Not eligible") -> Disqualified
B21: 106580 | C21: Mohammad Wahid Hasan | D21: RSM | E21: Chattogram-1 | F21: SYGK Chattogram Zone-3 | G21: Foundation SD | H21: 45108 | I21: Regular | J21: 9 | K21: 83.114923 | L21: 26 | M21: 52.651767 | N21: 96.696389 | O21: 15.879828 | P21: 0 | Q21: 0 | R21: 0 | S21: 74.553436 | T21: 175.4386 | U21: 0 | V21: 54.265368 | W21: 49.122807 | X21: 77.912077 | Y21: 82.487826 | Z21: 1 | AB21: =IF(K21>='Sales Ach'!L$3,'Sales Ach'!M$3,IF(K21>='Sales Ach'!L$4,('Sales Ach'!M$4+((K21-'Sales Ach'!L$4)/('Sales Ach'!L$3-'Sales Ach'!L$4))*'Sales Ach'!N$4),IF(K21>'Sales Ach'!L$5,('Sales Ach'!M$5+((K21-'Sales Ach'!L$5)/('Sales Ach'!L$4-'Sales Ach'!L$5))*'Sales Ach'!N$5),IF(K21>='Sales Ach'!L$6,('Sales Ach'!M$6+((K21-'Sales Ach'!L$6)/('Sales Ach'!L$5-'Sales Ach'!L$6)*'Sales Ach'!N$6)),0))))*$AB$2/10 -> 7.6229846 | AC21: =IF(L21>=UA!L$3,UA!M$3,IF(L21>=UA!L$4,(UA!M$4+((L21-UA!L$4)/(UA!L$3-UA!L$4))*UA!N$4),IF(L21>UA!L$5,(UA!M$5+((L21-UA!L$5)/(UA!L$4-UA!L$5))*UA!N$5),IF(L21>=UA!L$6,(UA!M$6+((L21-UA!L$6)/(UA!L$5-UA!L$6)*UA!N$6)),0))))*$AC$2/10 -> 0 | AD21: =IF(M21="","",(IF(M21>='New Product'!L$3,'New Product'!M$3,IF(M21>='New Product'!L$4,('New Product'!M$4+((M21-'New Product'!L$4)/('New Product'!L$3-'New Product'!L$4))*'New Product'!N$4),IF(M21>'New Product'!L$5,('New Product'!M$5+((M21-'New Product'!L$5)/('New Product'!L$4-'New Product'!L$5))*'New Product'!N$5),IF(M21>='New Product'!L$6,('New Product'!M$6+((M21-'New Product'!L$6)/('New Product'!L$5-'New Product'!L$6)*'New Product'!N$6)),0))))*$AD$2/10)) -> 1.1249207 | AE21: =IF(N21>='Basket Brand'!L$3,'Basket Brand'!M$3,IF(N21>='Basket Brand'!L$4,('Basket Brand'!M$4+((N21-'Basket Brand'!L$4)/('Basket Brand'!L$3-'Basket Brand'!L$4))*'Basket Brand'!N$4),IF(N21>'Basket Brand'!L$5,('Basket Brand'!M$5+((N21-'Basket Brand'!L$5)/('Basket Brand'!L$4-'Basket Brand'!L$5))*'Basket Brand'!N$5),IF(N21>='Basket Brand'!L$6,('Basket Brand'!M$6+((N21-'Basket Brand'!L$6)/('Basket Brand'!L$5-'Basket Brand'!L$6)*'Basket Brand'!N$6)),0))))*$AE$2/10 -> 4.5428446 | AF21: =IF(O21>='Territory Month'!G$3,'Territory Month'!H$3,IF(O21>='Territory Month'!G$4,('Territory Month'!H$4+((O21-'Territory Month'!G$4)/('Territory Month'!G$3-'Territory Month'!G$4))*'Territory Month'!I$4),IF(O21>'Territory Month'!G$5,('Territory Month'!H$5+((O21-'Territory Month'!G$5)/('Territory Month'!G$4-'Territory Month'!G$5))*'Territory Month'!I$5),IF(O21>='Territory Month'!G$6,('Territory Month'!H$6+((O21-'Territory Month'!G$6)/('Territory Month'!G$5-'Territory Month'!G$6)*'Territory Month'!I$6)),0))))*$AF$2/10 -> 0 | AG21: =IF(P21>='No of Month Ach.'!L$3,'No of Month Ach.'!M$3,IF(P21>='No of Month Ach.'!L$4,('No of Month Ach.'!M$4+((P21-'No of Month Ach.'!L$4)/('No of Month Ach.'!L$3-'No of Month Ach.'!L$4))*'No of Month Ach.'!N$4),IF(P21>'No of Month Ach.'!L$5,('No of Month Ach.'!M$5+((P21-'No of Month Ach.'!L$5)/('No of Month Ach.'!L$4-'No of Month Ach.'!L$5))*'No of Month Ach.'!N$5),IF(P21>='No of Month Ach.'!L$6,('No of Month Ach.'!M$6+((P21-'No of Month Ach.'!L$6)/('No of Month Ach.'!L$5-'No of Month Ach.'!L$6)*'No of Month Ach.'!N$6)),0))))*$AG$2/10 -> 0 | AH21: =IF(Q21>='Portfolio Ach.'!B$3,'Portfolio Ach.'!C$3,IF(Q21>='Portfolio Ach.'!B$4,('Portfolio Ach.'!C$4+((Q21-'Portfolio Ach.'!B$4)/('Portfolio Ach.'!B$3-'Portfolio Ach.'!B$4))*'Portfolio Ach.'!D$4),IF(Q21>'Portfolio Ach.'!B$5,('Portfolio Ach.'!C$5+((Q21-'Portfolio Ach.'!B$5)/('Portfolio Ach.'!B$4-'Portfolio Ach.'!B$5))*'Portfolio Ach.'!D$5),IF(Q21>='Portfolio Ach.'!B$6,('Portfolio Ach.'!C$6+((Q21-'Portfolio Ach.'!B$6)/('Portfolio Ach.'!B$5-'Portfolio Ach.'!B$6)*'Portfolio Ach.'!D$6)),0))))*$AH$2/10 -> 0 | AI21: =IF(R21="","",IF(R21>='Rx Share'!L$3,'Rx Share'!M$3,IF(R21>='Rx Share'!L$4,('Rx Share'!M$4+((R21-'Rx Share'!L$4)/('Rx Share'!L$3-'Rx Share'!L$4))*'Rx Share'!N$4),IF(R21>'Rx Share'!L$5,('Rx Share'!M$5+((R21-'Rx Share'!L$5)/('Rx Share'!L$4-'Rx Share'!L$5))*'Rx Share'!N$5),IF(R21>='Rx Share'!L$6,('Rx Share'!M$6+((R21-'Rx Share'!L$6)/('Rx Share'!L$5-'Rx Share'!L$6)*'Rx Share'!N$6)),0)))))*$AI$1/10 -> 0 | AJ21: =IF(S21="","",IF(S21>='Rx Share'!L$3,'Rx Share'!M$3,IF(S21>='Rx Share'!L$4,('Rx Share'!M$4+((S21-'Rx Share'!L$4)/('Rx Share'!L$3-'Rx Share'!L$4))*'Rx Share'!N$4),IF(S21>'Rx Share'!L$5,('Rx Share'!M$5+((S21-'Rx Share'!L$5)/('Rx Share'!L$4-'Rx Share'!L$5))*'Rx Share'!N$5),IF(S21>='Rx Share'!L$6,('Rx Share'!M$6+((S21-'Rx Share'!L$6)/('Rx Share'!L$5-'Rx Share'!L$6)*'Rx Share'!N$6)),0)))))*$AJ$1/10 -> 2.9464124 | AK21: =IF(T21="","",IF(T21>='Rx Share'!L$3,'Rx Share'!M$3,IF(T21>='Rx Share'!L$4,('Rx Share'!M$4+((T21-'Rx Share'!L$4)/('Rx Share'!L$3-'Rx Share'!L$4))*'Rx Share'!N$4),IF(T21>'Rx Share'!L$5,('Rx Share'!M$5+((T21-'Rx Share'!L$5)/('Rx Share'!L$4-'Rx Share'!L$5))*'Rx Share'!N$5),IF(T21>='Rx Share'!L$6,('Rx Share'!M$6+((T21-'Rx Share'!L$6)/('Rx Share'!L$5-'Rx Share'!L$6)*'Rx Share'!N$6)),0)))))*$AK$1/10 -> 4 | AL21: =IF(U21="","",IF(U21>='Rx Share'!M$3,'Rx Share'!N$3,IF(U21>='Rx Share'!M$4,('Rx Share'!N$4+((U21-'Rx Share'!M$4)/('Rx Share'!M$3-'Rx Share'!M$4))*'Rx Share'!O$4),IF(U21>'Rx Share'!M$5,('Rx Share'!N$5+((U21-'Rx Share'!M$5)/('Rx Share'!M$4-'Rx Share'!M$5))*'Rx Share'!O$5),IF(U21>='Rx Share'!M$6,('Rx Share'!N$6+((U21-'Rx Share'!M$6)/('Rx Share'!M$5-'Rx Share'!M$6)*'Rx Share'!O$6)),0)))))*$AL$1/10 -> 0 | AM21: =IF(V21>='Call Achv'!L$3,'Call Achv'!M$3,IF(V21>='Call Achv'!L$4,('Call Achv'!M$4+((V21-'Call Achv'!L$4)/('Call Achv'!L$3-'Call Achv'!L$4))*'Call Achv'!N$4),IF(V21>'Call Achv'!L$5,('Call Achv'!M$5+((V21-'Call Achv'!L$5)/('Call Achv'!L$4-'Call Achv'!L$5))*'Call Achv'!N$5),IF(V21>='Call Achv'!L$6,('Call Achv'!M$6+((V21-'Call Achv'!L$6)/('Call Achv'!L$5-'Call Achv'!L$6)*'Call Achv'!N$6)),0))))*$AM$2/10 -> 0 | AN21: =IF(W21>='DM Coaching'!G$3,'DM Coaching'!H$3,IF(W21>='DM Coaching'!G$4,('DM Coaching'!H$4+((W21-'DM Coaching'!G$4)/('DM Coaching'!G$3-'DM Coaching'!G$4))*'DM Coaching'!I$4),IF(W21>'DM Coaching'!G$5,('DM Coaching'!H$5+((W21-'DM Coaching'!G$5)/('DM Coaching'!G$4-'DM Coaching'!G$5))*'DM Coaching'!I$5),IF(W21>='DM Coaching'!G$6,('DM Coaching'!H$6+((W21-'DM Coaching'!G$6)/('DM Coaching'!G$5-'DM Coaching'!G$6)*'DM Coaching'!I$6)),0))))*$AN$2/10 -> 1.1078947 | AO21: =IF(X21>='FF-Written'!L$3,'FF-Written'!M$3,IF(X21>='FF-Written'!L$4,('FF-Written'!M$4+((X21-'FF-Written'!L$4)/('FF-Written'!L$3-'FF-Written'!L$4))*'FF-Written'!N$4),IF(X21>'FF-Written'!L$5,('FF-Written'!M$5+((X21-'FF-Written'!L$5)/('FF-Written'!L$4-'FF-Written'!L$5))*'FF-Written'!N$5),IF(X21>='FF-Written'!L$6,('FF-Written'!M$6+((X21-'FF-Written'!L$6)/('FF-Written'!L$5-'FF-Written'!L$6)*'FF-Written'!N$6)),0))))*$AO$2/10 -> 6.7076908 | AP21: =IF(Y21>='FF-Detailing'!L$3,'FF-Detailing'!M$3,IF(Y21>='FF-Detailing'!L$4,('FF-Detailing'!M$4+((Y21-'FF-Detailing'!L$4)/('FF-Detailing'!L$3-'FF-Detailing'!L$4))*'FF-Detailing'!N$4),IF(Y21>'FF-Detailing'!L$5,('FF-Detailing'!M$5+((Y21-'FF-Detailing'!L$5)/('FF-Detailing'!L$4-'FF-Detailing'!L$5))*'FF-Detailing'!N$5),IF(Y21>='FF-Detailing'!L$6,('FF-Detailing'!M$6+((Y21-'FF-Detailing'!L$6)/('FF-Detailing'!L$5-'FF-Detailing'!L$6)*'FF-Detailing'!N$6)),0))))*$AP$2/10 -> 2.7739043 | AQ21: =SUM(AB21:AP21)*100/90 -> 34.251836 | AR21: =_xlfn.RANK.EQ(AQ21,$AQ$4:$AQ$21) -> 14 | AT21: =IFERROR(IF($K21>=99.5,M21,""),"") | AU21: =IFERROR(IF($K21>=99.5,L21,""),"") | AV21: =IFERROR(IF($K21>=99.5,X21,""),"") | AW21: =IFERROR(IF($K21>=99.5,O21,""),"") | AX21: =IFERROR(IF($K21>=99.5,#REF!,""),"") | AY21: =IFERROR(IF($K21>=99.5,_xlfn.RANK.EQ(AS21,AS$4:AS$21),"Disqualified"),"Not eligible") -> Disqualified | AZ21: =IFERROR(IF($K21>=99.5,_xlfn.RANK.EQ(AT21,AT$4:AT$21),"Disqualified"),"Not eligible") -> Disqualified | BA21: =IFERROR(IF($K21>=99.5,_xlfn.RANK.EQ(AU21,AU$4:AU$21),"Disqualified"),"Not eligible") -> Disqualified | BB21: =IFERROR(IF($K21>=99.5,_xlfn.RANK.EQ(AV21,AV$4:AV$21),"Disqualified"),"Not eligible") -> Disqualified | BC21: =IFERROR(IF($K21>=99.5,_xlfn.RANK.EQ(AW21,AW$4:AW$21),"Disqualified"),"Not eligible") -> Disqualified | BD21: =IFERROR(IF($K21>=99.5,_xlfn.RANK.EQ(AX21,AX$4:AX$21),"Disqualified"),"Not eligible") -> Disqualified
B22: 106581 | C22: Md. Maksud Alam | D22: RSM | E22: B. Baria | F22: SYGK Dhaka Zone-1 | G22: Foundation SD | H22: 45108 | I22: Regular | J22: 9 | K22: 100.20799 | L22: 44.329897 | M22: 86.526217 | N22: 102.34933 | O22: 66.95279 | P22: 6 | Q22: 1 | R22: 0 | S22: 260.99142 | T22: 502.39234 | U22: 0 | V22: 102.53263 | W22: 68 | X22: 84.333814 | Y22: 84.859307 | Z22: 1 | AB22: =IF(K22>='Sales Ach'!L$3,'Sales Ach'!M$3,IF(K22>='Sales Ach'!L$4,('Sales Ach'!M$4+((K22-'Sales Ach'!L$4)/('Sales Ach'!L$3-'Sales Ach'!L$4))*'Sales Ach'!N$4),IF(K22>'Sales Ach'!L$5,('Sales Ach'!M$5+((K22-'Sales Ach'!L$5)/('Sales Ach'!L$4-'Sales Ach'!L$5))*'Sales Ach'!N$5),IF(K22>='Sales Ach'!L$6,('Sales Ach'!M$6+((K22-'Sales Ach'!L$6)/('Sales Ach'!L$5-'Sales Ach'!L$6)*'Sales Ach'!N$6)),0))))*$AB$2/10 -> 16.083195 | AC22: =IF(L22>=UA!L$3,UA!M$3,IF(L22>=UA!L$4,(UA!M$4+((L22-UA!L$4)/(UA!L$3-UA!L$4))*UA!N$4),IF(L22>UA!L$5,(UA!M$5+((L22-UA!L$5)/(UA!L$4-UA!L$5))*UA!N$5),IF(L22>=UA!L$6,(UA!M$6+((L22-UA!L$6)/(UA!L$5-UA!L$6)*UA!N$6)),0))))*$AC$2/10 -> 6.185567 | AD22: =IF(M22="","",(IF(M22>='New Product'!L$3,'New Product'!M$3,IF(M22>='New Product'!L$4,('New Product'!M$4+((M22-'New Product'!L$4)/('New Product'!L$3-'New Product'!L$4))*'New Product'!N$4),IF(M22>'New Product'!L$5,('New Product'!M$5+((M22-'New Product'!L$5)/('New Product'!L$4-'New Product'!L$5))*'New Product'!N$5),IF(M22>='New Product'!L$6,('New Product'!M$6+((M22-'New Product'!L$6)/('New Product'!L$5-'New Product'!L$6)*'New Product'!N$6)),0))))*$AD$2/10)) -> 3.7136703 | AE22: =IF(N22>='Basket Brand'!L$3,'Basket Brand'!M$3,IF(N22>='Basket Brand'!L$4,('Basket Brand'!M$4+((N22-'Basket Brand'!L$4)/('Basket Brand'!L$3-'Basket Brand'!L$4))*'Basket Brand'!N$4),IF(N22>'Basket Brand'!L$5,('Basket Brand'!M$5+((N22-'Basket Brand'!L$5)/('Basket Brand'!L$4-'Basket Brand'!L$5))*'Basket Brand'!N$5),IF(N22>='Basket Brand'!L$6,('Basket Brand'!M$6+((N22-'Basket Brand'!L$6)/('Basket Brand'!L$5-'Basket Brand'!L$6)*'Basket Brand'!N$6)),0))))*$AE$2/10 -> 6.7758936 | AF22: =IF(O22>='Territory Month'!G$3,'Territory Month'!H$3,IF(O22>='Territory Month'!G$4,('Territory Month'!H$4+((O22-'Territory Month'!G$4)/('Territory Month'!G$3-'Territory Month'!G$4))*'Territory Month'!I$4),IF(O22>'Territory Month'!G$5,('Territory Month'!H$5+((O22-'Territory Month'!G$5)/('Territory Month'!G$4-'Territory Month'!G$5))*'Territory Month'!I$5),IF(O22>='Territory Month'!G$6,('Territory Month'!H$6+((O22-'Territory Month'!G$6)/('Territory Month'!G$5-'Territory Month'!G$6)*'Territory Month'!I$6)),0))))*$AF$2/10 -> 5 | AG22: =IF(P22>='No of Month Ach.'!L$3,'No of Month Ach.'!M$3,IF(P22>='No of Month Ach.'!L$4,('No of Month Ach.'!M$4+((P22-'No of Month Ach.'!L$4)/('No of Month Ach.'!L$3-'No of Month Ach.'!L$4))*'No of Month Ach.'!N$4),IF(P22>'No of Month Ach.'!L$5,('No of Month Ach.'!M$5+((P22-'No of Month Ach.'!L$5)/('No of Month Ach.'!L$4-'No of Month Ach.'!L$5))*'No of Month Ach.'!N$5),IF(P22>='No of Month Ach.'!L$6,('No of Month Ach.'!M$6+((P22-'No of Month Ach.'!L$6)/('No of Month Ach.'!L$5-'No of Month Ach.'!L$6)*'No of Month Ach.'!N$6)),0))))*$AG$2/10 -> 2.2 | AH22: =IF(Q22>='Portfolio Ach.'!B$3,'Portfolio Ach.'!C$3,IF(Q22>='Portfolio Ach.'!B$4,('Portfolio Ach.'!C$4+((Q22-'Portfolio Ach.'!B$4)/('Portfolio Ach.'!B$3-'Portfolio Ach.'!B$4))*'Portfolio Ach.'!D$4),IF(Q22>'Portfolio Ach.'!B$5,('Portfolio Ach.'!C$5+((Q22-'Portfolio Ach.'!B$5)/('Portfolio Ach.'!B$4-'Portfolio Ach.'!B$5))*'Portfolio Ach.'!D$5),IF(Q22>='Portfolio Ach.'!B$6,('Portfolio Ach.'!C$6+((Q22-'Portfolio Ach.'!B$6)/('Portfolio Ach.'!B$5-'Portfolio Ach.'!B$6)*'Portfolio Ach.'!D$6)),0))))*$AH$2/10 -> 0.2 | AI22: =IF(R22="","",IF(R22>='Rx Share'!L$3,'Rx Share'!M$3,IF(R22>='Rx Share'!L$4,('Rx Share'!M$4+((R22-'Rx Share'!L$4)/('Rx Share'!L$3-'Rx Share'!L$4))*'Rx Share'!N$4),IF(R22>'Rx Share'!L$5,('Rx Share'!M$5+((R22-'Rx Share'!L$5)/('Rx Share'!L$4-'Rx Share'!L$5))*'Rx Share'!N$5),IF(R22>='Rx Share'!L$6,('Rx Share'!M$6+((R22-'Rx Share'!L$6)/('Rx Share'!L$5-'Rx Share'!L$6)*'Rx Share'!N$6)),0)))))*$AI$1/10 -> 0 | AJ22: =IF(S22="","",IF(S22>='Rx Share'!L$3,'Rx Share'!M$3,IF(S22>='Rx Share'!L$4,('Rx Share'!M$4+((S22-'Rx Share'!L$4)/('Rx Share'!L$3-'Rx Share'!L$4))*'Rx Share'!N$4),IF(S22>'Rx Share'!L$5,('Rx Share'!M$5+((S22-'Rx Share'!L$5)/('Rx Share'!L$4-'Rx Share'!L$5))*'Rx Share'!N$5),IF(S22>='Rx Share'!L$6,('Rx Share'!M$6+((S22-'Rx Share'!L$6)/('Rx Share'!L$5-'Rx Share'!L$6)*'Rx Share'!N$6)),0)))))*$AJ$1/10 -> 6 | AK22: =IF(T22="","",IF(T22>='Rx Share'!L$3,'Rx Share'!M$3,IF(T22>='Rx Share'!L$4,('Rx Share'!M$4+((T22-'Rx Share'!L$4)/('Rx Share'!L$3-'Rx Share'!L$4))*'Rx Share'!N$4),IF(T22>'Rx Share'!L$5,('Rx Share'!M$5+((T22-'Rx Share'!L$5)/('Rx Share'!L$4-'Rx Share'!L$5))*'Rx Share'!N$5),IF(T22>='Rx Share'!L$6,('Rx Share'!M$6+((T22-'Rx Share'!L$6)/('Rx Share'!L$5-'Rx Share'!L$6)*'Rx Share'!N$6)),0)))))*$AK$1/10 -> 4 | AL22: =IF(U22="","",IF(U22>='Rx Share'!M$3,'Rx Share'!N$3,IF(U22>='Rx Share'!M$4,('Rx Share'!N$4+((U22-'Rx Share'!M$4)/('Rx Share'!M$3-'Rx Share'!M$4))*'Rx Share'!O$4),IF(U22>'Rx Share'!M$5,('Rx Share'!N$5+((U22-'Rx Share'!M$5)/('Rx Share'!M$4-'Rx Share'!M$5))*'Rx Share'!O$5),IF(U22>='Rx Share'!M$6,('Rx Share'!N$6+((U22-'Rx Share'!M$6)/('Rx Share'!M$5-'Rx Share'!M$6)*'Rx Share'!O$6)),0)))))*$AL$1/10 -> 0 | AM22: =IF(V22>='Call Achv'!L$3,'Call Achv'!M$3,IF(V22>='Call Achv'!L$4,('Call Achv'!M$4+((V22-'Call Achv'!L$4)/('Call Achv'!L$3-'Call Achv'!L$4))*'Call Achv'!N$4),IF(V22>'Call Achv'!L$5,('Call Achv'!M$5+((V22-'Call Achv'!L$5)/('Call Achv'!L$4-'Call Achv'!L$5))*'Call Achv'!N$5),IF(V22>='Call Achv'!L$6,('Call Achv'!M$6+((V22-'Call Achv'!L$6)/('Call Achv'!L$5-'Call Achv'!L$6)*'Call Achv'!N$6)),0))))*$AM$2/10 -> 5 | AN22: =IF(W22>='DM Coaching'!G$3,'DM Coaching'!H$3,IF(W22>='DM Coaching'!G$4,('DM Coaching'!H$4+((W22-'DM Coaching'!G$4)/('DM Coaching'!G$3-'DM Coaching'!G$4))*'DM Coaching'!I$4),IF(W22>'DM Coaching'!G$5,('DM Coaching'!H$5+((W22-'DM Coaching'!G$5)/('DM Coaching'!G$4-'DM Coaching'!G$5))*'DM Coaching'!I$5),IF(W22>='DM Coaching'!G$6,('DM Coaching'!H$6+((W22-'DM Coaching'!G$6)/('DM Coaching'!G$5-'DM Coaching'!G$6)*'DM Coaching'!I$6)),0))))*$AN$2/10 -> 2.88 | AO22: =IF(X22>='FF-Written'!L$3,'FF-Written'!M$3,IF(X22>='FF-Written'!L$4,('FF-Written'!M$4+((X22-'FF-Written'!L$4)/('FF-Written'!L$3-'FF-Written'!L$4))*'FF-Written'!N$4),IF(X22>'FF-Written'!L$5,('FF-Written'!M$5+((X22-'FF-Written'!L$5)/('FF-Written'!L$4-'FF-Written'!L$5))*'FF-Written'!N$5),IF(X22>='FF-Written'!L$6,('FF-Written'!M$6+((X22-'FF-Written'!L$6)/('FF-Written'!L$5-'FF-Written'!L$6)*'FF-Written'!N$6)),0))))*$AO$2/10 -> 7 | AP22: =IF(Y22>='FF-Detailing'!L$3,'FF-Detailing'!M$3,IF(Y22>='FF-Detailing'!L$4,('FF-Detailing'!M$4+((Y22-'FF-Detailing'!L$4)/('FF-Detailing'!L$3-'FF-Detailing'!L$4))*'FF-Detailing'!N$4),IF(Y22>'FF-Detailing'!L$5,('FF-Detailing'!M$5+((Y22-'FF-Detailing'!L$5)/('FF-Detailing'!L$4-'FF-Detailing'!L$5))*'FF-Detailing'!N$5),IF(Y22>='FF-Detailing'!L$6,('FF-Detailing'!M$6+((Y22-'FF-Detailing'!L$6)/('FF-Detailing'!L$5-'FF-Detailing'!L$6)*'FF-Detailing'!N$6)),0))))*$AP$2/10 -> 2.9873377 | AQ22: =SUM(AB22:AP22)*100/90 -> 75.58407 | AR22: =_xlfn.RANK.EQ(AQ22,$AQ$22:$AQ$25) -> 1 | AS22: 2.9279754 | AT22: =IFERROR(IF($K22>=99.5,M22,""),"") -> 86.526217 | AU22: =IFERROR(IF($K22>=99.5,L22,""),"") -> 44.329897 | AV22: =IFERROR(IF($K22>=99.5,X22,""),"") -> 84.333814 | AW22: =IFERROR(IF($K22>=99.5,O22,""),"") -> 66.95279 | AX22: =IFERROR(IF($K22>=99.5,#REF!,""),"") | AY22: =IFERROR(IF($K22>=99.5,_xlfn.RANK.EQ(AS22,AS$22:AS$25),"Disqualified"),"Not eligible") -> 3 | AZ22: =IFERROR(IF($K22>=99.5,_xlfn.RANK.EQ(AT22,AT$22:AT$25),"Disqualified"),"Not eligible") -> 1 | BA22: =IFERROR(IF($K22>=99.5,_xlfn.RANK.EQ(AU22,AU$22:AU$25),"Disqualified"),"Not eligible") -> 1 | BB22: =IFERROR(IF($K22>=99.5,_xlfn.RANK.EQ(AV22,AV$22:AV$25),"Disqualified"),"Not eligible") -> 1 | BC22: =IFERROR(IF($K22>=99.5,_xlfn.RANK.EQ(AW22,AW$22:AW$25),"Disqualified"),"Not eligible") -> 1 | BD22: =IFERROR(IF($K22>=99.5,_xlfn.RANK.EQ(AX22,AX$22:AX$25),"Disqualified"),"Not eligible") -> Not eligible
B23: 106582 | C23: Md. Sabbir Alam | D23: RSM | E23: Dhaka-2 | F23: SYGK Dhaka Zone-1 | G23: Foundation SD | H23: 45108 | I23: Regular | J23: 9 | K23: 86.458819 | L23: 18.076477 | M23: 54.198572 | N23: 90.058261 | O23: 32.188841 | P23: 0 | Q23: 0 | R23: 0 | S23: 60.77841 | T23: 148.61996 | U23: 0 | V23: 87.551856 | W23: 75.543478 | X23: 80.861592 | Y23: 87.988853 | Z23: 1 | AB23: =IF(K23>='Sales Ach'!L$3,'Sales Ach'!M$3,IF(K23>='Sales Ach'!L$4,('Sales Ach'!M$4+((K23-'Sales Ach'!L$4)/('Sales Ach'!L$3-'Sales Ach'!L$4))*'Sales Ach'!N$4),IF(K23>'Sales Ach'!L$5,('Sales Ach'!M$5+((K23-'Sales Ach'!L$5)/('Sales Ach'!L$4-'Sales Ach'!L$5))*'Sales Ach'!N$5),IF(K23>='Sales Ach'!L$6,('Sales Ach'!M$6+((K23-'Sales Ach'!L$6)/('Sales Ach'!L$5-'Sales Ach'!L$6)*'Sales Ach'!N$6)),0))))*$AB$2/10 -> 8.2917638 | AC23: =IF(L23>=UA!L$3,UA!M$3,IF(L23>=UA!L$4,(UA!M$4+((L23-UA!L$4)/(UA!L$3-UA!L$4))*UA!N$4),IF(L23>UA!L$5,(UA!M$5+((L23-UA!L$5)/(UA!L$4-UA!L$5))*UA!N$5),IF(L23>=UA!L$6,(UA!M$6+((L23-UA!L$6)/(UA!L$5-UA!L$6)*UA!N$6)),0))))*$AC$2/10 -> 0 | AD23: =IF(M23="","",(IF(M23>='New Product'!L$3,'New Product'!M$3,IF(M23>='New Product'!L$4,('New Product'!M$4+((M23-'New Product'!L$4)/('New Product'!L$3-'New Product'!L$4))*'New Product'!N$4),IF(M23>'New Product'!L$5,('New Product'!M$5+((M23-'New Product'!L$5)/('New Product'!L$4-'New Product'!L$5))*'New Product'!N$5),IF(M23>='New Product'!L$6,('New Product'!M$6+((M23-'New Product'!L$6)/('New Product'!L$5-'New Product'!L$6)*'New Product'!N$6)),0))))*$AD$2/10)) -> 1.2196625 | AE23: =IF(N23>='Basket Brand'!L$3,'Basket Brand'!M$3,IF(N23>='Basket Brand'!L$4,('Basket Brand'!M$4+((N23-'Basket Brand'!L$4)/('Basket Brand'!L$3-'Basket Brand'!L$4))*'Basket Brand'!N$4),IF(N23>'Basket Brand'!L$5,('Basket Brand'!M$5+((N23-'Basket Brand'!L$5)/('Basket Brand'!L$4-'Basket Brand'!L$5))*'Basket Brand'!N$5),IF(N23>='Basket Brand'!L$6,('Basket Brand'!M$6+((N23-'Basket Brand'!L$6)/('Basket Brand'!L$5-'Basket Brand'!L$6)*'Basket Brand'!N$6)),0))))*$AE$2/10 -> 3.6046609 | AF23: =IF(O23>='Territory Month'!G$3,'Territory Month'!H$3,IF(O23>='Territory Month'!G$4,('Territory Month'!H$4+((O23-'Territory Month'!G$4)/('Territory Month'!G$3-'Territory Month'!G$4))*'Territory Month'!I$4),IF(O23>'Territory Month'!G$5,('Territory Month'!H$5+((O23-'Territory Month'!G$5)/('Territory Month'!G$4-'Territory Month'!G$5))*'Territory Month'!I$5),IF(O23>='Territory Month'!G$6,('Territory Month'!H$6+((O23-'Territory Month'!G$6)/('Territory Month'!G$5-'Territory Month'!G$6)*'Territory Month'!I$6)),0))))*$AF$2/10 -> 0.50536481 | AG23: =IF(P23>='No of Month Ach.'!L$3,'No of Month Ach.'!M$3,IF(P23>='No of Month Ach.'!L$4,('No of Month Ach.'!M$4+((P23-'No of Month Ach.'!L$4)/('No of Month Ach.'!L$3-'No of Month Ach.'!L$4))*'No of Month Ach.'!N$4),IF(P23>'No of Month Ach.'!L$5,('No of Month Ach.'!M$5+((P23-'No of Month Ach.'!L$5)/('No of Month Ach.'!L$4-'No of Month Ach.'!L$5))*'No of Month Ach.'!N$5),IF(P23>='No of Month Ach.'!L$6,('No of Month Ach.'!M$6+((P23-'No of Month Ach.'!L$6)/('No of Month Ach.'!L$5-'No of Month Ach.'!L$6)*'No of Month Ach.'!N$6)),0))))*$AG$2/10 -> 0 | AH23: =IF(Q23>='Portfolio Ach.'!B$3,'Portfolio Ach.'!C$3,IF(Q23>='Portfolio Ach.'!B$4,('Portfolio Ach.'!C$4+((Q23-'Portfolio Ach.'!B$4)/('Portfolio Ach.'!B$3-'Portfolio Ach.'!B$4))*'Portfolio Ach.'!D$4),IF(Q23>'Portfolio Ach.'!B$5,('Portfolio Ach.'!C$5+((Q23-'Portfolio Ach.'!B$5)/('Portfolio Ach.'!B$4-'Portfolio Ach.'!B$5))*'Portfolio Ach.'!D$5),IF(Q23>='Portfolio Ach.'!B$6,('Portfolio Ach.'!C$6+((Q23-'Portfolio Ach.'!B$6)/('Portfolio Ach.'!B$5-'Portfolio Ach.'!B$6)*'Portfolio Ach.'!D$6)),0))))*$AH$2/10 -> 0 | AI23: =IF(R23="","",IF(R23>='Rx Share'!L$3,'Rx Share'!M$3,IF(R23>='Rx Share'!L$4,('Rx Share'!M$4+((R23-'Rx Share'!L$4)/('Rx Share'!L$3-'Rx Share'!L$4))*'Rx Share'!N$4),IF(R23>'Rx Share'!L$5,('Rx Share'!M$5+((R23-'Rx Share'!L$5)/('Rx Share'!L$4-'Rx Share'!L$5))*'Rx Share'!N$5),IF(R23>='Rx Share'!L$6,('Rx Share'!M$6+((R23-'Rx Share'!L$6)/('Rx Share'!L$5-'Rx Share'!L$6)*'Rx Share'!N$6)),0)))))*$AI$1/10 -> 0 | AJ23: =IF(S23="","",IF(S23>='Rx Share'!L$3,'Rx Share'!M$3,IF(S23>='Rx Share'!L$4,('Rx Share'!M$4+((S23-'Rx Share'!L$4)/('Rx Share'!L$3-'Rx Share'!L$4))*'Rx Share'!N$4),IF(S23>'Rx Share'!L$5,('Rx Share'!M$5+((S23-'Rx Share'!L$5)/('Rx Share'!L$4-'Rx Share'!L$5))*'Rx Share'!N$5),IF(S23>='Rx Share'!L$6,('Rx Share'!M$6+((S23-'Rx Share'!L$6)/('Rx Share'!L$5-'Rx Share'!L$6)*'Rx Share'!N$6)),0)))))*$AJ$1/10 -> 1.431733 | AK23: =IF(T23="","",IF(T23>='Rx Share'!L$3,'Rx Share'!M$3,IF(T23>='Rx Share'!L$4,('Rx Share'!M$4+((T23-'Rx Share'!L$4)/('Rx Share'!L$3-'Rx Share'!L$4))*'Rx Share'!N$4),IF(T23>'Rx Share'!L$5,('Rx Share'!M$5+((T23-'Rx Share'!L$5)/('Rx Share'!L$4-'Rx Share'!L$5))*'Rx Share'!N$5),IF(T23>='Rx Share'!L$6,('Rx Share'!M$6+((T23-'Rx Share'!L$6)/('Rx Share'!L$5-'Rx Share'!L$6)*'Rx Share'!N$6)),0)))))*$AK$1/10 -> 4 | AL23: =IF(U23="","",IF(U23>='Rx Share'!M$3,'Rx Share'!N$3,IF(U23>='Rx Share'!M$4,('Rx Share'!N$4+((U23-'Rx Share'!M$4)/('Rx Share'!M$3-'Rx Share'!M$4))*'Rx Share'!O$4),IF(U23>'Rx Share'!M$5,('Rx Share'!N$5+((U23-'Rx Share'!M$5)/('Rx Share'!M$4-'Rx Share'!M$5))*'Rx Share'!O$5),IF(U23>='Rx Share'!M$6,('Rx Share'!N$6+((U23-'Rx Share'!M$6)/('Rx Share'!M$5-'Rx Share'!M$6)*'Rx Share'!O$6)),0)))))*$AL$1/10 -> 0 | AM23: =IF(V23>='Call Achv'!L$3,'Call Achv'!M$3,IF(V23>='Call Achv'!L$4,('Call Achv'!M$4+((V23-'Call Achv'!L$4)/('Call Achv'!L$3-'Call Achv'!L$4))*'Call Achv'!N$4),IF(V23>'Call Achv'!L$5,('Call Achv'!M$5+((V23-'Call Achv'!L$5)/('Call Achv'!L$4-'Call Achv'!L$5))*'Call Achv'!N$5),IF(V23>='Call Achv'!L$6,('Call Achv'!M$6+((V23-'Call Achv'!L$6)/('Call Achv'!L$5-'Call Achv'!L$6)*'Call Achv'!N$6)),0))))*$AM$2/10 -> 1.5715747 | AN23: =IF(W23>='DM Coaching'!G$3,'DM Coaching'!H$3,IF(W23>='DM Coaching'!G$4,('DM Coaching'!H$4+((W23-'DM Coaching'!G$4)/('DM Coaching'!G$3-'DM Coaching'!G$4))*'DM Coaching'!I$4),IF(W23>'DM Coaching'!G$5,('DM Coaching'!H$5+((W23-'DM Coaching'!G$5)/('DM Coaching'!G$4-'DM Coaching'!G$5))*'DM Coaching'!I$5),IF(W23>='DM Coaching'!G$6,('DM Coaching'!H$6+((W23-'DM Coaching'!G$6)/('DM Coaching'!G$5-'DM Coaching'!G$6)*'DM Coaching'!I$6)),0))))*$AN$2/10 -> 3 | AO23: =IF(X23>='FF-Written'!L$3,'FF-Written'!M$3,IF(X23>='FF-Written'!L$4,('FF-Written'!M$4+((X23-'FF-Written'!L$4)/('FF-Written'!L$3-'FF-Written'!L$4))*'FF-Written'!N$4),IF(X23>'FF-Written'!L$5,('FF-Written'!M$5+((X23-'FF-Written'!L$5)/('FF-Written'!L$4-'FF-Written'!L$5))*'FF-Written'!N$5),IF(X23>='FF-Written'!L$6,('FF-Written'!M$6+((X23-'FF-Written'!L$6)/('FF-Written'!L$5-'FF-Written'!L$6)*'FF-Written'!N$6)),0))))*$AO$2/10 -> 7 | AP23: =IF(Y23>='FF-Detailing'!L$3,'FF-Detailing'!M$3,IF(Y23>='FF-Detailing'!L$4,('FF-Detailing'!M$4+((Y23-'FF-Detailing'!L$4)/('FF-Detailing'!L$3-'FF-Detailing'!L$4))*'FF-Detailing'!N$4),IF(Y23>'FF-Detailing'!L$5,('FF-Detailing'!M$5+((Y23-'FF-Detailing'!L$5)/('FF-Detailing'!L$4-'FF-Detailing'!L$5))*'FF-Detailing'!N$5),IF(Y23>='FF-Detailing'!L$6,('FF-Detailing'!M$6+((Y23-'FF-Detailing'!L$6)/('FF-Detailing'!L$5-'FF-Detailing'!L$6)*'FF-Detailing'!N$6)),0))))*$AP$2/10 -> 3 | AQ23: =SUM(AB23:AP23)*100/90 -> 37.360844 | AR23: =_xlfn.RANK.EQ(AQ23,$AQ$22:$AQ$25) -> 3 | AS23: 2.529893 | AT23: =IFERROR(IF($K23>=99.5,M23,""),"") | AU23: =IFERROR(IF($K23>=99.5,L23,""),"") | AV23: =IFERROR(IF($K23>=99.5,X23,""),"") | AW23: =IFERROR(IF($K23>=99.5,O23,""),"") | AX23: =IFERROR(IF($K23>=99.5,#REF!,""),"") | AY23: =IFERROR(IF($K23>=99.5,_xlfn.RANK.EQ(AS23,AS$22:AS$25),"Disqualified"),"Not eligible") -> Disqualified | AZ23: =IFERROR(IF($K23>=99.5,_xlfn.RANK.EQ(AT23,AT$22:AT$25),"Disqualified"),"Not eligible") -> Disqualified | BA23: =IFERROR(IF($K23>=99.5,_xlfn.RANK.EQ(AU23,AU$22:AU$25),"Disqualified"),"Not eligible") -> Disqualified | BB23: =IFERROR(IF($K23>=99.5,_xlfn.RANK.EQ(AV23,AV$22:AV$25),"Disqualified"),"Not eligible") -> Disqualified | BC23: =IFERROR(IF($K23>=99.5,_xlfn.RANK.EQ(AW23,AW$22:AW$25),"Disqualified"),"Not eligible") -> Disqualified | BD23: =IFERROR(IF($K23>=99.5,_xlfn.RANK.EQ(AX23,AX$22:AX$25),"Disqualified"),"Not eligible") -> Disqualified
B24: 106790 | C24: Maniruzzaman | D24: RSM | E24: Mymensingh | F24: SYGK Dhaka Zone-2 | G24: Foundation SD | H24: 45139 | I24: Regular | J24: 9 | K24: 93.772249 | L24: 30.721649 | M24: 57.386105 | N24: 90.967014 | O24: 34.017595 | P24: 2 | Q24: 1 | R24: 0 | S24: 86.097577 | T24: 141.10756 | U24: 0 | V24: 97.533695 | W24: 86.843972 | X24: 79.474474 | Y24: 85.099099 | Z24: 1 | AB24: =IF(K24>='Sales Ach'!L$3,'Sales Ach'!M$3,IF(K24>='Sales Ach'!L$4,('Sales Ach'!M$4+((K24-'Sales Ach'!L$4)/('Sales Ach'!L$3-'Sales Ach'!L$4))*'Sales Ach'!N$4),IF(K24>'Sales Ach'!L$5,('Sales Ach'!M$5+((K24-'Sales Ach'!L$5)/('Sales Ach'!L$4-'Sales Ach'!L$5))*'Sales Ach'!N$5),IF(K24>='Sales Ach'!L$6,('Sales Ach'!M$6+((K24-'Sales Ach'!L$6)/('Sales Ach'!L$5-'Sales Ach'!L$6)*'Sales Ach'!N$6)),0))))*$AB$2/10 -> 9.7544498 | AC24: =IF(L24>=UA!L$3,UA!M$3,IF(L24>=UA!L$4,(UA!M$4+((L24-UA!L$4)/(UA!L$3-UA!L$4))*UA!N$4),IF(L24>UA!L$5,(UA!M$5+((L24-UA!L$5)/(UA!L$4-UA!L$5))*UA!N$5),IF(L24>=UA!L$6,(UA!M$6+((L24-UA!L$6)/(UA!L$5-UA!L$6)*UA!N$6)),0))))*$AC$2/10 -> 2.5731959 | AD24: =IF(M24="","",(IF(M24>='New Product'!L$3,'New Product'!M$3,IF(M24>='New Product'!L$4,('New Product'!M$4+((M24-'New Product'!L$4)/('New Product'!L$3-'New Product'!L$4))*'New Product'!N$4),IF(M24>'New Product'!L$5,('New Product'!M$5+((M24-'New Product'!L$5)/('New Product'!L$4-'New Product'!L$5))*'New Product'!N$5),IF(M24>='New Product'!L$6,('New Product'!M$6+((M24-'New Product'!L$6)/('New Product'!L$5-'New Product'!L$6)*'New Product'!N$6)),0))))*$AD$2/10)) -> 1.4148989 | AE24: =IF(N24>='Basket Brand'!L$3,'Basket Brand'!M$3,IF(N24>='Basket Brand'!L$4,('Basket Brand'!M$4+((N24-'Basket Brand'!L$4)/('Basket Brand'!L$3-'Basket Brand'!L$4))*'Basket Brand'!N$4),IF(N24>'Basket Brand'!L$5,('Basket Brand'!M$5+((N24-'Basket Brand'!L$5)/('Basket Brand'!L$4-'Basket Brand'!L$5))*'Basket Brand'!N$5),IF(N24>='Basket Brand'!L$6,('Basket Brand'!M$6+((N24-'Basket Brand'!L$6)/('Basket Brand'!L$5-'Basket Brand'!L$6)*'Basket Brand'!N$6)),0))))*$AE$2/10 -> 3.6773611 | AF24: =IF(O24>='Territory Month'!G$3,'Territory Month'!H$3,IF(O24>='Territory Month'!G$4,('Territory Month'!H$4+((O24-'Territory Month'!G$4)/('Territory Month'!G$3-'Territory Month'!G$4))*'Territory Month'!I$4),IF(O24>'Territory Month'!G$5,('Territory Month'!H$5+((O24-'Territory Month'!G$5)/('Territory Month'!G$4-'Territory Month'!G$5))*'Territory Month'!I$5),IF(O24>='Territory Month'!G$6,('Territory Month'!H$6+((O24-'Territory Month'!G$6)/('Territory Month'!G$5-'Territory Month'!G$6)*'Territory Month'!I$6)),0))))*$AF$2/10 -> 0.71871945 | AG24: =IF(P24>='No of Month Ach.'!L$3,'No of Month Ach.'!M$3,IF(P24>='No of Month Ach.'!L$4,('No of Month Ach.'!M$4+((P24-'No of Month Ach.'!L$4)/('No of Month Ach.'!L$3-'No of Month Ach.'!L$4))*'No of Month Ach.'!N$4),IF(P24>'No of Month Ach.'!L$5,('No of Month Ach.'!M$5+((P24-'No of Month Ach.'!L$5)/('No of Month Ach.'!L$4-'No of Month Ach.'!L$5))*'No of Month Ach.'!N$5),IF(P24>='No of Month Ach.'!L$6,('No of Month Ach.'!M$6+((P24-'No of Month Ach.'!L$6)/('No of Month Ach.'!L$5-'No of Month Ach.'!L$6)*'No of Month Ach.'!N$6)),0))))*$AG$2/10 -> 0 | AH24: =IF(Q24>='Portfolio Ach.'!B$3,'Portfolio Ach.'!C$3,IF(Q24>='Portfolio Ach.'!B$4,('Portfolio Ach.'!C$4+((Q24-'Portfolio Ach.'!B$4)/('Portfolio Ach.'!B$3-'Portfolio Ach.'!B$4))*'Portfolio Ach.'!D$4),IF(Q24>'Portfolio Ach.'!B$5,('Portfolio Ach.'!C$5+((Q24-'Portfolio Ach.'!B$5)/('Portfolio Ach.'!B$4-'Portfolio Ach.'!B$5))*'Portfolio Ach.'!D$5),IF(Q24>='Portfolio Ach.'!B$6,('Portfolio Ach.'!C$6+((Q24-'Portfolio Ach.'!B$6)/('Portfolio Ach.'!B$5-'Portfolio Ach.'!B$6)*'Portfolio Ach.'!D$6)),0))))*$AH$2/10 -> 0.2 | AI24: =IF(R24="","",IF(R24>='Rx Share'!L$3,'Rx Share'!M$3,IF(R24>='Rx Share'!L$4,('Rx Share'!M$4+((R24-'Rx Share'!L$4)/('Rx Share'!L$3-'Rx Share'!L$4))*'Rx Share'!N$4),IF(R24>'Rx Share'!L$5,('Rx Share'!M$5+((R24-'Rx Share'!L$5)/('Rx Share'!L$4-'Rx Share'!L$5))*'Rx Share'!N$5),IF(R24>='Rx Share'!L$6,('Rx Share'!M$6+((R24-'Rx Share'!L$6)/('Rx Share'!L$5-'Rx Share'!L$6)*'Rx Share'!N$6)),0)))))*$AI$1/10 -> 0 | AJ24: =IF(S24="","",IF(S24>='Rx Share'!L$3,'Rx Share'!M$3,IF(S24>='Rx Share'!L$4,('Rx Share'!M$4+((S24-'Rx Share'!L$4)/('Rx Share'!L$3-'Rx Share'!L$4))*'Rx Share'!N$4),IF(S24>'Rx Share'!L$5,('Rx Share'!M$5+((S24-'Rx Share'!L$5)/('Rx Share'!L$4-'Rx Share'!L$5))*'Rx Share'!N$5),IF(S24>='Rx Share'!L$6,('Rx Share'!M$6+((S24-'Rx Share'!L$6)/('Rx Share'!L$5-'Rx Share'!L$6)*'Rx Share'!N$6)),0)))))*$AJ$1/10 -> 4.3317093 | AK24: =IF(T24="","",IF(T24>='Rx Share'!L$3,'Rx Share'!M$3,IF(T24>='Rx Share'!L$4,('Rx Share'!M$4+((T24-'Rx Share'!L$4)/('Rx Share'!L$3-'Rx Share'!L$4))*'Rx Share'!N$4),IF(T24>'Rx Share'!L$5,('Rx Share'!M$5+((T24-'Rx Share'!L$5)/('Rx Share'!L$4-'Rx Share'!L$5))*'Rx Share'!N$5),IF(T24>='Rx Share'!L$6,('Rx Share'!M$6+((T24-'Rx Share'!L$6)/('Rx Share'!L$5-'Rx Share'!L$6)*'Rx Share'!N$6)),0)))))*$AK$1/10 -> 4 | AL24: =IF(U24="","",IF(U24>='Rx Share'!M$3,'Rx Share'!N$3,IF(U24>='Rx Share'!M$4,('Rx Share'!N$4+((U24-'Rx Share'!M$4)/('Rx Share'!M$3-'Rx Share'!M$4))*'Rx Share'!O$4),IF(U24>'Rx Share'!M$5,('Rx Share'!N$5+((U24-'Rx Share'!M$5)/('Rx Share'!M$4-'Rx Share'!M$5))*'Rx Share'!O$5),IF(U24>='Rx Share'!M$6,('Rx Share'!N$6+((U24-'Rx Share'!M$6)/('Rx Share'!M$5-'Rx Share'!M$6)*'Rx Share'!O$6)),0)))))*$AL$1/10 -> 0 | AM24: =IF(V24>='Call Achv'!L$3,'Call Achv'!M$3,IF(V24>='Call Achv'!L$4,('Call Achv'!M$4+((V24-'Call Achv'!L$4)/('Call Achv'!L$3-'Call Achv'!L$4))*'Call Achv'!N$4),IF(V24>'Call Achv'!L$5,('Call Achv'!M$5+((V24-'Call Achv'!L$5)/('Call Achv'!L$4-'Call Achv'!L$5))*'Call Achv'!N$5),IF(V24>='Call Achv'!L$6,('Call Achv'!M$6+((V24-'Call Achv'!L$6)/('Call Achv'!L$5-'Call Achv'!L$6)*'Call Achv'!N$6)),0))))*$AM$2/10 -> 4.2601084 | AN24: =IF(W24>='DM Coaching'!G$3,'DM Coaching'!H$3,IF(W24>='DM Coaching'!G$4,('DM Coaching'!H$4+((W24-'DM Coaching'!G$4)/('DM Coaching'!G$3-'DM Coaching'!G$4))*'DM Coaching'!I$4),IF(W24>'DM Coaching'!G$5,('DM Coaching'!H$5+((W24-'DM Coaching'!G$5)/('DM Coaching'!G$4-'DM Coaching'!G$5))*'DM Coaching'!I$5),IF(W24>='DM Coaching'!G$6,('DM Coaching'!H$6+((W24-'DM Coaching'!G$6)/('DM Coaching'!G$5-'DM Coaching'!G$6)*'DM Coaching'!I$6)),0))))*$AN$2/10 -> 3 | AO24: =IF(X24>='FF-Written'!L$3,'FF-Written'!M$3,IF(X24>='FF-Written'!L$4,('FF-Written'!M$4+((X24-'FF-Written'!L$4)/('FF-Written'!L$3-'FF-Written'!L$4))*'FF-Written'!N$4),IF(X24>'FF-Written'!L$5,('FF-Written'!M$5+((X24-'FF-Written'!L$5)/('FF-Written'!L$4-'FF-Written'!L$5))*'FF-Written'!N$5),IF(X24>='FF-Written'!L$6,('FF-Written'!M$6+((X24-'FF-Written'!L$6)/('FF-Written'!L$5-'FF-Written'!L$6)*'FF-Written'!N$6)),0))))*$AO$2/10 -> 6.9264264 | AP24: =IF(Y24>='FF-Detailing'!L$3,'FF-Detailing'!M$3,IF(Y24>='FF-Detailing'!L$4,('FF-Detailing'!M$4+((Y24-'FF-Detailing'!L$4)/('FF-Detailing'!L$3-'FF-Detailing'!L$4))*'FF-Detailing'!N$4),IF(Y24>'FF-Detailing'!L$5,('FF-Detailing'!M$5+((Y24-'FF-Detailing'!L$5)/('FF-Detailing'!L$4-'FF-Detailing'!L$5))*'FF-Detailing'!N$5),IF(Y24>='FF-Detailing'!L$6,('FF-Detailing'!M$6+((Y24-'FF-Detailing'!L$6)/('FF-Detailing'!L$5-'FF-Detailing'!L$6)*'FF-Detailing'!N$6)),0))))*$AP$2/10 -> 3 | AQ24: =SUM(AB24:AP24)*100/90 -> 48.729855 | AR24: =_xlfn.RANK.EQ(AQ24,$AQ$22:$AQ$25) -> 2 | AS24: 3.234906 | AT24: =IFERROR(IF($K24>=99.5,M24,""),"") | AU24: =IFERROR(IF($K24>=99.5,L24,""),"") | AV24: =IFERROR(IF($K24>=99.5,X24,""),"") | AW24: =IFERROR(IF($K24>=99.5,O24,""),"") | AX24: =IFERROR(IF($K24>=99.5,#REF!,""),"") | AY24: =IFERROR(IF($K24>=99.5,_xlfn.RANK.EQ(AS24,AS$22:AS$25),"Disqualified"),"Not eligible") -> Disqualified | AZ24: =IFERROR(IF($K24>=99.5,_xlfn.RANK.EQ(AT24,AT$22:AT$25),"Disqualified"),"Not eligible") -> Disqualified | BA24: =IFERROR(IF($K24>=99.5,_xlfn.RANK.EQ(AU24,AU$22:AU$25),"Disqualified"),"Not eligible") -> Disqualified | BB24: =IFERROR(IF($K24>=99.5,_xlfn.RANK.EQ(AV24,AV$22:AV$25),"Disqualified"),"Not eligible") -> Disqualified | BC24: =IFERROR(IF($K24>=99.5,_xlfn.RANK.EQ(AW24,AW$22:AW$25),"Disqualified"),"Not eligible") -> Disqualified | BD24: =IFERROR(IF($K24>=99.5,_xlfn.RANK.EQ(AX24,AX$22:AX$25),"Disqualified"),"Not eligible") -> Disqualified
B25: 110733 | C25: Shamim Ahmed Bhuya | D25: Sr. RSM | E25: SYT Dhaka North | F25: SYT Zone | G25: Foundation SD | H25: 45840 | I25: Regular | J25: 9 | K25: 84.701377 | L25: 15.272727 | M25: 91.408459 | N25: 87.837604 | O25: 21.333333 | P25: 0 | Q25: 1 | R25: 0 | S25: 0 | T25: 0 | U25: 111.7676 | V25: 88.91374 | W25: 51.813187 | X25: 58.975845 | Y25: 81.838406 | Z25: 1 | AA25: 0 | AB25: =IF(K25>='Sales Ach'!L$3,'Sales Ach'!M$3,IF(K25>='Sales Ach'!L$4,('Sales Ach'!M$4+((K25-'Sales Ach'!L$4)/('Sales Ach'!L$3-'Sales Ach'!L$4))*'Sales Ach'!N$4),IF(K25>'Sales Ach'!L$5,('Sales Ach'!M$5+((K25-'Sales Ach'!L$5)/('Sales Ach'!L$4-'Sales Ach'!L$5))*'Sales Ach'!N$5),IF(K25>='Sales Ach'!L$6,('Sales Ach'!M$6+((K25-'Sales Ach'!L$6)/('Sales Ach'!L$5-'Sales Ach'!L$6)*'Sales Ach'!N$6)),0))))*$AB$2/10 -> 7.9402753 | AC25: =IF(L25>=UA!L$3,UA!M$3,IF(L25>=UA!L$4,(UA!M$4+((L25-UA!L$4)/(UA!L$3-UA!L$4))*UA!N$4),IF(L25>UA!L$5,(UA!M$5+((L25-UA!L$5)/(UA!L$4-UA!L$5))*UA!N$5),IF(L25>=UA!L$6,(UA!M$6+((L25-UA!L$6)/(UA!L$5-UA!L$6)*UA!N$6)),0))))*$AC$2/10 -> 0 | AD25: =IF(M25="","",(IF(M25>='New Product'!L$3,'New Product'!M$3,IF(M25>='New Product'!L$4,('New Product'!M$4+((M25-'New Product'!L$4)/('New Product'!L$3-'New Product'!L$4))*'New Product'!N$4),IF(M25>'New Product'!L$5,('New Product'!M$5+((M25-'New Product'!L$5)/('New Product'!L$4-'New Product'!L$5))*'New Product'!N$5),IF(M25>='New Product'!L$6,('New Product'!M$6+((M25-'New Product'!L$6)/('New Product'!L$5-'New Product'!L$6)*'New Product'!N$6)),0))))*$AD$2/10)) -> 5.1957764 | AE25: =IF(N25>='Basket Brand'!L$3,'Basket Brand'!M$3,IF(N25>='Basket Brand'!L$4,('Basket Brand'!M$4+((N25-'Basket Brand'!L$4)/('Basket Brand'!L$3-'Basket Brand'!L$4))*'Basket Brand'!N$4),IF(N25>'Basket Brand'!L$5,('Basket Brand'!M$5+((N25-'Basket Brand'!L$5)/('Basket Brand'!L$4-'Basket Brand'!L$5))*'Basket Brand'!N$5),IF(N25>='Basket Brand'!L$6,('Basket Brand'!M$6+((N25-'Basket Brand'!L$6)/('Basket Brand'!L$5-'Basket Brand'!L$6)*'Basket Brand'!N$6)),0))))*$AE$2/10 -> 3.4270083 | AF25: =IF(O25>='Territory Month'!G$3,'Territory Month'!H$3,IF(O25>='Territory Month'!G$4,('Territory Month'!H$4+((O25-'Territory Month'!G$4)/('Territory Month'!G$3-'Territory Month'!G$4))*'Territory Month'!I$4),IF(O25>'Territory Month'!G$5,('Territory Month'!H$5+((O25-'Territory Month'!G$5)/('Territory Month'!G$4-'Territory Month'!G$5))*'Territory Month'!I$5),IF(O25>='Territory Month'!G$6,('Territory Month'!H$6+((O25-'Territory Month'!G$6)/('Territory Month'!G$5-'Territory Month'!G$6)*'Territory Month'!I$6)),0))))*$AF$2/10 -> 0 | AG25: =IF(P25>='No of Month Ach.'!L$3,'No of Month Ach.'!M$3,IF(P25>='No of Month Ach.'!L$4,('No of Month Ach.'!M$4+((P25-'No of Month Ach.'!L$4)/('No of Month Ach.'!L$3-'No of Month Ach.'!L$4))*'No of Month Ach.'!N$4),IF(P25>'No of Month Ach.'!L$5,('No of Month Ach.'!M$5+((P25-'No of Month Ach.'!L$5)/('No of Month Ach.'!L$4-'No of Month Ach.'!L$5))*'No of Month Ach.'!N$5),IF(P25>='No of Month Ach.'!L$6,('No of Month Ach.'!M$6+((P25-'No of Month Ach.'!L$6)/('No of Month Ach.'!L$5-'No of Month Ach.'!L$6)*'No of Month Ach.'!N$6)),0))))*$AG$2/10 -> 0 | AH25: =IF(Q25>='Portfolio Ach.'!B$3,'Portfolio Ach.'!C$3,IF(Q25>='Portfolio Ach.'!B$4,('Portfolio Ach.'!C$4+((Q25-'Portfolio Ach.'!B$4)/('Portfolio Ach.'!B$3-'Portfolio Ach.'!B$4))*'Portfolio Ach.'!D$4),IF(Q25>'Portfolio Ach.'!B$5,('Portfolio Ach.'!C$5+((Q25-'Portfolio Ach.'!B$5)/('Portfolio Ach.'!B$4-'Portfolio Ach.'!B$5))*'Portfolio Ach.'!D$5),IF(Q25>='Portfolio Ach.'!B$6,('Portfolio Ach.'!C$6+((Q25-'Portfolio Ach.'!B$6)/('Portfolio Ach.'!B$5-'Portfolio Ach.'!B$6)*'Portfolio Ach.'!D$6)),0))))*$AH$2/10 -> 0.2 | AI25: =IF(R25="","",IF(R25>='Rx Share'!L$3,'Rx Share'!M$3,IF(R25>='Rx Share'!L$4,('Rx Share'!M$4+((R25-'Rx Share'!L$4)/('Rx Share'!L$3-'Rx Share'!L$4))*'Rx Share'!N$4),IF(R25>'Rx Share'!L$5,('Rx Share'!M$5+((R25-'Rx Share'!L$5)/('Rx Share'!L$4-'Rx Share'!L$5))*'Rx Share'!N$5),IF(R25>='Rx Share'!L$6,('Rx Share'!M$6+((R25-'Rx Share'!L$6)/('Rx Share'!L$5-'Rx Share'!L$6)*'Rx Share'!N$6)),0)))))*$AI$1/10 -> 0 | AJ25: =IF(S25="","",IF(S25>='Rx Share'!L$3,'Rx Share'!M$3,IF(S25>='Rx Share'!L$4,('Rx Share'!M$4+((S25-'Rx Share'!L$4)/('Rx Share'!L$3-'Rx Share'!L$4))*'Rx Share'!N$4),IF(S25>'Rx Share'!L$5,('Rx Share'!M$5+((S25-'Rx Share'!L$5)/('Rx Share'!L$4-'Rx Share'!L$5))*'Rx Share'!N$5),IF(S25>='Rx Share'!L$6,('Rx Share'!M$6+((S25-'Rx Share'!L$6)/('Rx Share'!L$5-'Rx Share'!L$6)*'Rx Share'!N$6)),0)))))*$AJ$1/10 -> 0 | AK25: =IF(T25="","",IF(T25>='Rx Share'!L$3,'Rx Share'!M$3,IF(T25>='Rx Share'!L$4,('Rx Share'!M$4+((T25-'Rx Share'!L$4)/('Rx Share'!L$3-'Rx Share'!L$4))*'Rx Share'!N$4),IF(T25>'Rx Share'!L$5,('Rx Share'!M$5+((T25-'Rx Share'!L$5)/('Rx Share'!L$4-'Rx Share'!L$5))*'Rx Share'!N$5),IF(T25>='Rx Share'!L$6,('Rx Share'!M$6+((T25-'Rx Share'!L$6)/('Rx Share'!L$5-'Rx Share'!L$6)*'Rx Share'!N$6)),0)))))*$AK$1/10 -> 0 | AL25: =IF(U25="","",IF(U25>='Rx Share'!M$3,'Rx Share'!N$3,IF(U25>='Rx Share'!M$4,('Rx Share'!N$4+((U25-'Rx Share'!M$4)/('Rx Share'!M$3-'Rx Share'!M$4))*'Rx Share'!O$4),IF(U25>'Rx Share'!M$5,('Rx Share'!N$5+((U25-'Rx Share'!M$5)/('Rx Share'!M$4-'Rx Share'!M$5))*'Rx Share'!O$5),IF(U25>='Rx Share'!M$6,('Rx Share'!N$6+((U25-'Rx Share'!M$6)/('Rx Share'!M$5-'Rx Share'!M$6)*'Rx Share'!O$6)),0)))))*$AL$1/10 -> 0 | AM25: =IF(V25>='Call Achv'!L$3,'Call Achv'!M$3,IF(V25>='Call Achv'!L$4,('Call Achv'!M$4+((V25-'Call Achv'!L$4)/('Call Achv'!L$3-'Call Achv'!L$4))*'Call Achv'!N$4),IF(V25>'Call Achv'!L$5,('Call Achv'!M$5+((V25-'Call Achv'!L$5)/('Call Achv'!L$4-'Call Achv'!L$5))*'Call Achv'!N$5),IF(V25>='Call Achv'!L$6,('Call Achv'!M$6+((V25-'Call Achv'!L$6)/('Call Achv'!L$5-'Call Achv'!L$6)*'Call Achv'!N$6)),0))))*$AM$2/10 -> 1.8099045 | AN25: =IF(W25>='DM Coaching'!G$3,'DM Coaching'!H$3,IF(W25>='DM Coaching'!G$4,('DM Coaching'!H$4+((W25-'DM Coaching'!G$4)/('DM Coaching'!G$3-'DM Coaching'!G$4))*'DM Coaching'!I$4),IF(W25>'DM Coaching'!G$5,('DM Coaching'!H$5+((W25-'DM Coaching'!G$5)/('DM Coaching'!G$4-'DM Coaching'!G$5))*'DM Coaching'!I$5),IF(W25>='DM Coaching'!G$6,('DM Coaching'!H$6+((W25-'DM Coaching'!G$6)/('DM Coaching'!G$5-'DM Coaching'!G$6)*'DM Coaching'!I$6)),0))))*$AN$2/10 -> 1.4175824 | AO25: =IF(X25>='FF-Written'!L$3,'FF-Written'!M$3,IF(X25>='FF-Written'!L$4,('FF-Written'!M$4+((X25-'FF-Written'!L$4)/('FF-Written'!L$3-'FF-Written'!L$4))*'FF-Written'!N$4),IF(X25>'FF-Written'!L$5,('FF-Written'!M$5+((X25-'FF-Written'!L$5)/('FF-Written'!L$4-'FF-Written'!L$5))*'FF-Written'!N$5),IF(X25>='FF-Written'!L$6,('FF-Written'!M$6+((X25-'FF-Written'!L$6)/('FF-Written'!L$5-'FF-Written'!L$6)*'FF-Written'!N$6)),0))))*$AO$2/10 -> 2.5490821 | AP25: =IF(Y25>='FF-Detailing'!L$3,'FF-Detailing'!M$3,IF(Y25>='FF-Detailing'!L$4,('FF-Detailing'!M$4+((Y25-'FF-Detailing'!L$4)/('FF-Detailing'!L$3-'FF-Detailing'!L$4))*'FF-Detailing'!N$4),IF(Y25>'FF-Detailing'!L$5,('FF-Detailing'!M$5+((Y25-'FF-Detailing'!L$5)/('FF-Detailing'!L$4-'FF-Detailing'!L$5))*'FF-Detailing'!N$5),IF(Y25>='FF-Detailing'!L$6,('FF-Detailing'!M$6+((Y25-'FF-Detailing'!L$6)/('FF-Detailing'!L$5-'FF-Detailing'!L$6)*'FF-Detailing'!N$6)),0))))*$AP$2/10 -> 2.7154565 | AQ25: =SUM(AB25:AP25)*100/90 -> 28.061206 | AR25: =_xlfn.RANK.EQ(AQ25,$AQ$22:$AQ$25) -> 4 | AS25: 2.9871012 | AT25: =IFERROR(IF($K25>=99.5,M25,""),"") | AU25: =IFERROR(IF($K25>=99.5,L25,""),"") | AV25: =IFERROR(IF($K25>=99.5,X25,""),"") | AW25: =IFERROR(IF($K25>=99.5,O25,""),"") | AX25: =IFERROR(IF($K25>=99.5,#REF!,""),"") | AY25: =IFERROR(IF($K25>=99.5,_xlfn.RANK.EQ(AS25,AS$22:AS$25),"Disqualified"),"Not eligible") -> Disqualified | AZ25: =IFERROR(IF($K25>=99.5,_xlfn.RANK.EQ(AT25,AT$22:AT$25),"Disqualified"),"Not eligible") -> Disqualified | BA25: =IFERROR(IF($K25>=99.5,_xlfn.RANK.EQ(AU25,AU$22:AU$25),"Disqualified"),"Not eligible") -> Disqualified | BB25: =IFERROR(IF($K25>=99.5,_xlfn.RANK.EQ(AV25,AV$22:AV$25),"Disqualified"),"Not eligible") -> Disqualified | BC25: =IFERROR(IF($K25>=99.5,_xlfn.RANK.EQ(AW25,AW$22:AW$25),"Disqualified"),"Not eligible") -> Disqualified | BD25: =IFERROR(IF($K25>=99.5,_xlfn.RANK.EQ(AX25,AX$22:AX$25),"Disqualified"),"Not eligible") -> Disqualified
B26: 110734 | C26: Md. Emran Hossain | D26: RSM | E26: Dhaka-3 | F26: SYGK Dhaka Zone-2 | G26: Foundation SD | H26: 45840 | I26: Regular | J26: 9 | K26: 99.112848 | L26: 26.927374 | M26: 66.33095 | N26: 99.777093 | O26: 40.873016 | P26: 4 | Q26: 0 | R26: 0 | S26: 95.747844 | T26: 199.1342 | U26: 0 | V26: 100.39868 | W26: 88.070922 | X26: 80.659259 | Y26: 84.245556 | Z26: 1 | AB26: =IF(K26>='Sales Ach'!L$3,'Sales Ach'!M$3,IF(K26>='Sales Ach'!L$4,('Sales Ach'!M$4+((K26-'Sales Ach'!L$4)/('Sales Ach'!L$3-'Sales Ach'!L$4))*'Sales Ach'!N$4),IF(K26>'Sales Ach'!L$5,('Sales Ach'!M$5+((K26-'Sales Ach'!L$5)/('Sales Ach'!L$4-'Sales Ach'!L$5))*'Sales Ach'!N$5),IF(K26>='Sales Ach'!L$6,('Sales Ach'!M$6+((K26-'Sales Ach'!L$6)/('Sales Ach'!L$5-'Sales Ach'!L$6)*'Sales Ach'!N$6)),0))))*$AB$2/10 -> 13.290279 | AC26: =IF(L26>=UA!L$3,UA!M$3,IF(L26>=UA!L$4,(UA!M$4+((L26-UA!L$4)/(UA!L$3-UA!L$4))*UA!N$4),IF(L26>UA!L$5,(UA!M$5+((L26-UA!L$5)/(UA!L$4-UA!L$5))*UA!N$5),IF(L26>=UA!L$6,(UA!M$6+((L26-UA!L$6)/(UA!L$5-UA!L$6)*UA!N$6)),0))))*$AC$2/10 -> 0 | AD26: =IF(M26="","",(IF(M26>='New Product'!L$3,'New Product'!M$3,IF(M26>='New Product'!L$4,('New Product'!M$4+((M26-'New Product'!L$4)/('New Product'!L$3-'New Product'!L$4))*'New Product'!N$4),IF(M26>'New Product'!L$5,('New Product'!M$5+((M26-'New Product'!L$5)/('New Product'!L$4-'New Product'!L$5))*'New Product'!N$5),IF(M26>='New Product'!L$6,('New Product'!M$6+((M26-'New Product'!L$6)/('New Product'!L$5-'New Product'!L$6)*'New Product'!N$6)),0))))*$AD$2/10)) -> 1.9627707 | AE26: =IF(N26>='Basket Brand'!L$3,'Basket Brand'!M$3,IF(N26>='Basket Brand'!L$4,('Basket Brand'!M$4+((N26-'Basket Brand'!L$4)/('Basket Brand'!L$3-'Basket Brand'!L$4))*'Basket Brand'!N$4),IF(N26>'Basket Brand'!L$5,('Basket Brand'!M$5+((N26-'Basket Brand'!L$5)/('Basket Brand'!L$4-'Basket Brand'!L$5))*'Basket Brand'!N$5),IF(N26>='Basket Brand'!L$6,('Basket Brand'!M$6+((N26-'Basket Brand'!L$6)/('Basket Brand'!L$5-'Basket Brand'!L$6)*'Basket Brand'!N$6)),0))))*$AE$2/10 -> 5.5286699 | AF26: =IF(O26>='Territory Month'!G$3,'Territory Month'!H$3,IF(O26>='Territory Month'!G$4,('Territory Month'!H$4+((O26-'Territory Month'!G$4)/('Territory Month'!G$3-'Territory Month'!G$4))*'Territory Month'!I$4),IF(O26>'Territory Month'!G$5,('Territory Month'!H$5+((O26-'Territory Month'!G$5)/('Territory Month'!G$4-'Territory Month'!G$5))*'Territory Month'!I$5),IF(O26>='Territory Month'!G$6,('Territory Month'!H$6+((O26-'Territory Month'!G$6)/('Territory Month'!G$5-'Territory Month'!G$6)*'Territory Month'!I$6)),0))))*$AF$2/10 -> 1.5185185 | AG26: =IF(P26>='No of Month Ach.'!L$3,'No of Month Ach.'!M$3,IF(P26>='No of Month Ach.'!L$4,('No of Month Ach.'!M$4+((P26-'No of Month Ach.'!L$4)/('No of Month Ach.'!L$3-'No of Month Ach.'!L$4))*'No of Month Ach.'!N$4),IF(P26>'No of Month Ach.'!L$5,('No of Month Ach.'!M$5+((P26-'No of Month Ach.'!L$5)/('No of Month Ach.'!L$4-'No of Month Ach.'!L$5))*'No of Month Ach.'!N$5),IF(P26>='No of Month Ach.'!L$6,('No of Month Ach.'!M$6+((P26-'No of Month Ach.'!L$6)/('No of Month Ach.'!L$5-'No of Month Ach.'!L$6)*'No of Month Ach.'!N$6)),0))))*$AG$2/10 -> 0.9 | AH26: =IF(Q26>='Portfolio Ach.'!B$3,'Portfolio Ach.'!C$3,IF(Q26>='Portfolio Ach.'!B$4,('Portfolio Ach.'!C$4+((Q26-'Portfolio Ach.'!B$4)/('Portfolio Ach.'!B$3-'Portfolio Ach.'!B$4))*'Portfolio Ach.'!D$4),IF(Q26>'Portfolio Ach.'!B$5,('Portfolio Ach.'!C$5+((Q26-'Portfolio Ach.'!B$5)/('Portfolio Ach.'!B$4-'Portfolio Ach.'!B$5))*'Portfolio Ach.'!D$5),IF(Q26>='Portfolio Ach.'!B$6,('Portfolio Ach.'!C$6+((Q26-'Portfolio Ach.'!B$6)/('Portfolio Ach.'!B$5-'Portfolio Ach.'!B$6)*'Portfolio Ach.'!D$6)),0))))*$AH$2/10 -> 0 | AI26: =IF(R26="","",IF(R26>='Rx Share'!L$3,'Rx Share'!M$3,IF(R26>='Rx Share'!L$4,('Rx Share'!M$4+((R26-'Rx Share'!L$4)/('Rx Share'!L$3-'Rx Share'!L$4))*'Rx Share'!N$4),IF(R26>'Rx Share'!L$5,('Rx Share'!M$5+((R26-'Rx Share'!L$5)/('Rx Share'!L$4-'Rx Share'!L$5))*'Rx Share'!N$5),IF(R26>='Rx Share'!L$6,('Rx Share'!M$6+((R26-'Rx Share'!L$6)/('Rx Share'!L$5-'Rx Share'!L$6)*'Rx Share'!N$6)),0)))))*$AI$1/10 -> 0 | AJ26: =IF(S26="","",IF(S26>='Rx Share'!L$3,'Rx Share'!M$3,IF(S26>='Rx Share'!L$4,('Rx Share'!M$4+((S26-'Rx Share'!L$4)/('Rx Share'!L$3-'Rx Share'!L$4))*'Rx Share'!N$4),IF(S26>'Rx Share'!L$5,('Rx Share'!M$5+((S26-'Rx Share'!L$5)/('Rx Share'!L$4-'Rx Share'!L$5))*'Rx Share'!N$5),IF(S26>='Rx Share'!L$6,('Rx Share'!M$6+((S26-'Rx Share'!L$6)/('Rx Share'!L$5-'Rx Share'!L$6)*'Rx Share'!N$6)),0)))))*$AJ$1/10 -> 5.4897413 | AK26: =IF(T26="","",IF(T26>='Rx Share'!L$3,'Rx Share'!M$3,IF(T26>='Rx Share'!L$4,('Rx Share'!M$4+((T26-'Rx Share'!L$4)/('Rx Share'!L$3-'Rx Share'!L$4))*'Rx Share'!N$4),IF(T26>'Rx Share'!L$5,('Rx Share'!M$5+((T26-'Rx Share'!L$5)/('Rx Share'!L$4-'Rx Share'!L$5))*'Rx Share'!N$5),IF(T26>='Rx Share'!L$6,('Rx Share'!M$6+((T26-'Rx Share'!L$6)/('Rx Share'!L$5-'Rx Share'!L$6)*'Rx Share'!N$6)),0)))))*$AK$1/10 -> 4 | AL26: =IF(U26="","",IF(U26>='Rx Share'!M$3,'Rx Share'!N$3,IF(U26>='Rx Share'!M$4,('Rx Share'!N$4+((U26-'Rx Share'!M$4)/('Rx Share'!M$3-'Rx Share'!M$4))*'Rx Share'!O$4),IF(U26>'Rx Share'!M$5,('Rx Share'!N$5+((U26-'Rx Share'!M$5)/('Rx Share'!M$4-'Rx Share'!M$5))*'Rx Share'!O$5),IF(U26>='Rx Share'!M$6,('Rx Share'!N$6+((U26-'Rx Share'!M$6)/('Rx Share'!M$5-'Rx Share'!M$6)*'Rx Share'!O$6)),0)))))*$AL$1/10 -> 0 | AM26: =IF(V26>='Call Achv'!L$3,'Call Achv'!M$3,IF(V26>='Call Achv'!L$4,('Call Achv'!M$4+((V26-'Call Achv'!L$4)/('Call Achv'!L$3-'Call Achv'!L$4))*'Call Achv'!N$4),IF(V26>'Call Achv'!L$5,('Call Achv'!M$5+((V26-'Call Achv'!L$5)/('Call Achv'!L$4-'Call Achv'!L$5))*'Call Achv'!N$5),IF(V26>='Call Achv'!L$6,('Call Achv'!M$6+((V26-'Call Achv'!L$6)/('Call Achv'!L$5-'Call Achv'!L$6)*'Call Achv'!N$6)),0))))*$AM$2/10 -> 5 | AN26: =IF(W26>='DM Coaching'!G$3,'DM Coaching'!H$3,IF(W26>='DM Coaching'!G$4,('DM Coaching'!H$4+((W26-'DM Coaching'!G$4)/('DM Coaching'!G$3-'DM Coaching'!G$4))*'DM Coaching'!I$4),IF(W26>'DM Coaching'!G$5,('DM Coaching'!H$5+((W26-'DM Coaching'!G$5)/('DM Coaching'!G$4-'DM Coaching'!G$5))*'DM Coaching'!I$5),IF(W26>='DM Coaching'!G$6,('DM Coaching'!H$6+((W26-'DM Coaching'!G$6)/('DM Coaching'!G$5-'DM Coaching'!G$6)*'DM Coaching'!I$6)),0))))*$AN$2/10 -> 3 | AO26: =IF(X26>='FF-Written'!L$3,'FF-Written'!M$3,IF(X26>='FF-Written'!L$4,('FF-Written'!M$4+((X26-'FF-Written'!L$4)/('FF-Written'!L$3-'FF-Written'!L$4))*'FF-Written'!N$4),IF(X26>'FF-Written'!L$5,('FF-Written'!M$5+((X26-'FF-Written'!L$5)/('FF-Written'!L$4-'FF-Written'!L$5))*'FF-Written'!N$5),IF(X26>='FF-Written'!L$6,('FF-Written'!M$6+((X26-'FF-Written'!L$6)/('FF-Written'!L$5-'FF-Written'!L$6)*'FF-Written'!N$6)),0))))*$AO$2/10 -> 7 | AP26: =IF(Y26>='FF-Detailing'!L$3,'FF-Detailing'!M$3,IF(Y26>='FF-Detailing'!L$4,('FF-Detailing'!M$4+((Y26-'FF-Detailing'!L$4)/('FF-Detailing'!L$3-'FF-Detailing'!L$4))*'FF-Detailing'!N$4),IF(Y26>'FF-Detailing'!L$5,('FF-Detailing'!M$5+((Y26-'FF-Detailing'!L$5)/('FF-Detailing'!L$4-'FF-Detailing'!L$5))*'FF-Detailing'!N$5),IF(Y26>='FF-Detailing'!L$6,('FF-Detailing'!M$6+((Y26-'FF-Detailing'!L$6)/('FF-Detailing'!L$5-'FF-Detailing'!L$6)*'FF-Detailing'!N$6)),0))))*$AP$2/10 -> 2.9321 | AQ26: =SUM(AB26:AP26)*100/90 -> 56.246755
B27: 110735 | C27: Suprio Roy | D27: RSM | E27: SYT Chattogram | F27: SYT Zone | G27: Foundation SD | H27: 45840 | I27: Regular | J27: 9 | K27: 94.772113 | L27: 26.181818 | M27: 80.297458 | N27: 95.998081 | O27: 41.666667 | P27: 2 | Q27: 4 | R27: 0 | S27: 0 | T27: 0 | U27: 151.86215 | V27: 89.950121 | W27: 71.567376 | X27: 47.441692 | Y27: 83.00317 | Z27: 1 | AB27: =IF(K27>='Sales Ach'!L$3,'Sales Ach'!M$3,IF(K27>='Sales Ach'!L$4,('Sales Ach'!M$4+((K27-'Sales Ach'!L$4)/('Sales Ach'!L$3-'Sales Ach'!L$4))*'Sales Ach'!N$4),IF(K27>'Sales Ach'!L$5,('Sales Ach'!M$5+((K27-'Sales Ach'!L$5)/('Sales Ach'!L$4-'Sales Ach'!L$5))*'Sales Ach'!N$5),IF(K27>='Sales Ach'!L$6,('Sales Ach'!M$6+((K27-'Sales Ach'!L$6)/('Sales Ach'!L$5-'Sales Ach'!L$6)*'Sales Ach'!N$6)),0))))*$AB$2/10 -> 9.9544227 | AC27: =IF(L27>=UA!L$3,UA!M$3,IF(L27>=UA!L$4,(UA!M$4+((L27-UA!L$4)/(UA!L$3-UA!L$4))*UA!N$4),IF(L27>UA!L$5,(UA!M$5+((L27-UA!L$5)/(UA!L$4-UA!L$5))*UA!N$5),IF(L27>=UA!L$6,(UA!M$6+((L27-UA!L$6)/(UA!L$5-UA!L$6)*UA!N$6)),0))))*$AC$2/10 -> 0 | AD27: =IF(M27="","",(IF(M27>='New Product'!L$3,'New Product'!M$3,IF(M27>='New Product'!L$4,('New Product'!M$4+((M27-'New Product'!L$4)/('New Product'!L$3-'New Product'!L$4))*'New Product'!N$4),IF(M27>'New Product'!L$5,('New Product'!M$5+((M27-'New Product'!L$5)/('New Product'!L$4-'New Product'!L$5))*'New Product'!N$5),IF(M27>='New Product'!L$6,('New Product'!M$6+((M27-'New Product'!L$6)/('New Product'!L$5-'New Product'!L$6)*'New Product'!N$6)),0))))*$AD$2/10)) -> 2.8416441 | AE27: =IF(N27>='Basket Brand'!L$3,'Basket Brand'!M$3,IF(N27>='Basket Brand'!L$4,('Basket Brand'!M$4+((N27-'Basket Brand'!L$4)/('Basket Brand'!L$3-'Basket Brand'!L$4))*'Basket Brand'!N$4),IF(N27>'Basket Brand'!L$5,('Basket Brand'!M$5+((N27-'Basket Brand'!L$5)/('Basket Brand'!L$4-'Basket Brand'!L$5))*'Basket Brand'!N$5),IF(N27>='Basket Brand'!L$6,('Basket Brand'!M$6+((N27-'Basket Brand'!L$6)/('Basket Brand'!L$5-'Basket Brand'!L$6)*'Basket Brand'!N$6)),0))))*$AE$2/10 -> 4.3193859 | AF27: =IF(O27>='Territory Month'!G$3,'Territory Month'!H$3,IF(O27>='Territory Month'!G$4,('Territory Month'!H$4+((O27-'Territory Month'!G$4)/('Territory Month'!G$3-'Territory Month'!G$4))*'Territory Month'!I$4),IF(O27>'Territory Month'!G$5,('Territory Month'!H$5+((O27-'Territory Month'!G$5)/('Territory Month'!G$4-'Territory Month'!G$5))*'Territory Month'!I$5),IF(O27>='Territory Month'!G$6,('Territory Month'!H$6+((O27-'Territory Month'!G$6)/('Territory Month'!G$5-'Territory Month'!G$6)*'Territory Month'!I$6)),0))))*$AF$2/10 -> 1.6111111 | AG27: =IF(P27>='No of Month Ach.'!L$3,'No of Month Ach.'!M$3,IF(P27>='No of Month Ach.'!L$4,('No of Month Ach.'!M$4+((P27-'No of Month Ach.'!L$4)/('No of Month Ach.'!L$3-'No of Month Ach.'!L$4))*'No of Month Ach.'!N$4),IF(P27>'No of Month Ach.'!L$5,('No of Month Ach.'!M$5+((P27-'No of Month Ach.'!L$5)/('No of Month Ach.'!L$4-'No of Month Ach.'!L$5))*'No of Month Ach.'!N$5),IF(P27>='No of Month Ach.'!L$6,('No of Month Ach.'!M$6+((P27-'No of Month Ach.'!L$6)/('No of Month Ach.'!L$5-'No of Month Ach.'!L$6)*'No of Month Ach.'!N$6)),0))))*$AG$2/10 -> 0 | AH27: =IF(Q27>='Portfolio Ach.'!B$3,'Portfolio Ach.'!C$3,IF(Q27>='Portfolio Ach.'!B$4,('Portfolio Ach.'!C$4+((Q27-'Portfolio Ach.'!B$4)/('Portfolio Ach.'!B$3-'Portfolio Ach.'!B$4))*'Portfolio Ach.'!D$4),IF(Q27>'Portfolio Ach.'!B$5,('Portfolio Ach.'!C$5+((Q27-'Portfolio Ach.'!B$5)/('Portfolio Ach.'!B$4-'Portfolio Ach.'!B$5))*'Portfolio Ach.'!D$5),IF(Q27>='Portfolio Ach.'!B$6,('Portfolio Ach.'!C$6+((Q27-'Portfolio Ach.'!B$6)/('Portfolio Ach.'!B$5-'Portfolio Ach.'!B$6)*'Portfolio Ach.'!D$6)),0))))*$AH$2/10 -> 2.2 | AI27: =IF(R27="","",IF(R27>='Rx Share'!L$3,'Rx Share'!M$3,IF(R27>='Rx Share'!L$4,('Rx Share'!M$4+((R27-'Rx Share'!L$4)/('Rx Share'!L$3-'Rx Share'!L$4))*'Rx Share'!N$4),IF(R27>'Rx Share'!L$5,('Rx Share'!M$5+((R27-'Rx Share'!L$5)/('Rx Share'!L$4-'Rx Share'!L$5))*'Rx Share'!N$5),IF(R27>='Rx Share'!L$6,('Rx Share'!M$6+((R27-'Rx Share'!L$6)/('Rx Share'!L$5-'Rx Share'!L$6)*'Rx Share'!N$6)),0)))))*$AI$1/10 -> 0 | AJ27: =IF(S27="","",IF(S27>='Rx Share'!L$3,'Rx Share'!M$3,IF(S27>='Rx Share'!L$4,('Rx Share'!M$4+((S27-'Rx Share'!L$4)/('Rx Share'!L$3-'Rx Share'!L$4))*'Rx Share'!N$4),IF(S27>'Rx Share'!L$5,('Rx Share'!M$5+((S27-'Rx Share'!L$5)/('Rx Share'!L$4-'Rx Share'!L$5))*'Rx Share'!N$5),IF(S27>='Rx Share'!L$6,('Rx Share'!M$6+((S27-'Rx Share'!L$6)/('Rx Share'!L$5-'Rx Share'!L$6)*'Rx Share'!N$6)),0)))))*$AJ$1/10 -> 0 | AK27: =IF(T27="","",IF(T27>='Rx Share'!L$3,'Rx Share'!M$3,IF(T27>='Rx Share'!L$4,('Rx Share'!M$4+((T27-'Rx Share'!L$4)/('Rx Share'!L$3-'Rx Share'!L$4))*'Rx Share'!N$4),IF(T27>'Rx Share'!L$5,('Rx Share'!M$5+((T27-'Rx Share'!L$5)/('Rx Share'!L$4-'Rx Share'!L$5))*'Rx Share'!N$5),IF(T27>='Rx Share'!L$6,('Rx Share'!M$6+((T27-'Rx Share'!L$6)/('Rx Share'!L$5-'Rx Share'!L$6)*'Rx Share'!N$6)),0)))))*$AK$1/10 -> 0 | AL27: =IF(U27="","",IF(U27>='Rx Share'!M$3,'Rx Share'!N$3,IF(U27>='Rx Share'!M$4,('Rx Share'!N$4+((U27-'Rx Share'!M$4)/('Rx Share'!M$3-'Rx Share'!M$4))*'Rx Share'!O$4),IF(U27>'Rx Share'!M$5,('Rx Share'!N$5+((U27-'Rx Share'!M$5)/('Rx Share'!M$4-'Rx Share'!M$5))*'Rx Share'!O$5),IF(U27>='Rx Share'!M$6,('Rx Share'!N$6+((U27-'Rx Share'!M$6)/('Rx Share'!M$5-'Rx Share'!M$6)*'Rx Share'!O$6)),0)))))*$AL$1/10 -> 0 | AM27: =IF(V27>='Call Achv'!L$3,'Call Achv'!M$3,IF(V27>='Call Achv'!L$4,('Call Achv'!M$4+((V27-'Call Achv'!L$4)/('Call Achv'!L$3-'Call Achv'!L$4))*'Call Achv'!N$4),IF(V27>'Call Achv'!L$5,('Call Achv'!M$5+((V27-'Call Achv'!L$5)/('Call Achv'!L$4-'Call Achv'!L$5))*'Call Achv'!N$5),IF(V27>='Call Achv'!L$6,('Call Achv'!M$6+((V27-'Call Achv'!L$6)/('Call Achv'!L$5-'Call Achv'!L$6)*'Call Achv'!N$6)),0))))*$AM$2/10 -> 1.9912711 | AN27: =IF(W27>='DM Coaching'!G$3,'DM Coaching'!H$3,IF(W27>='DM Coaching'!G$4,('DM Coaching'!H$4+((W27-'DM Coaching'!G$4)/('DM Coaching'!G$3-'DM Coaching'!G$4))*'DM Coaching'!I$4),IF(W27>'DM Coaching'!G$5,('DM Coaching'!H$5+((W27-'DM Coaching'!G$5)/('DM Coaching'!G$4-'DM Coaching'!G$5))*'DM Coaching'!I$5),IF(W27>='DM Coaching'!G$6,('DM Coaching'!H$6+((W27-'DM Coaching'!G$6)/('DM Coaching'!G$5-'DM Coaching'!G$6)*'DM Coaching'!I$6)),0))))*$AN$2/10 -> 3 | AO27: =IF(X27>='FF-Written'!L$3,'FF-Written'!M$3,IF(X27>='FF-Written'!L$4,('FF-Written'!M$4+((X27-'FF-Written'!L$4)/('FF-Written'!L$3-'FF-Written'!L$4))*'FF-Written'!N$4),IF(X27>'FF-Written'!L$5,('FF-Written'!M$5+((X27-'FF-Written'!L$5)/('FF-Written'!L$4-'FF-Written'!L$5))*'FF-Written'!N$5),IF(X27>='FF-Written'!L$6,('FF-Written'!M$6+((X27-'FF-Written'!L$6)/('FF-Written'!L$5-'FF-Written'!L$6)*'FF-Written'!N$6)),0))))*$AO$2/10 -> 0 | AP27: =IF(Y27>='FF-Detailing'!L$3,'FF-Detailing'!M$3,IF(Y27>='FF-Detailing'!L$4,('FF-Detailing'!M$4+((Y27-'FF-Detailing'!L$4)/('FF-Detailing'!L$3-'FF-Detailing'!L$4))*'FF-Detailing'!N$4),IF(Y27>'FF-Detailing'!L$5,('FF-Detailing'!M$5+((Y27-'FF-Detailing'!L$5)/('FF-Detailing'!L$4-'FF-Detailing'!L$5))*'FF-Detailing'!N$5),IF(Y27>='FF-Detailing'!L$6,('FF-Detailing'!M$6+((Y27-'FF-Detailing'!L$6)/('FF-Detailing'!L$5-'FF-Detailing'!L$6)*'FF-Detailing'!N$6)),0))))*$AP$2/10 -> 2.8202853 | AQ27: =SUM(AB27:AP27)*100/90 -> 31.931245
B28: 110736 | C28: Md. Shahidul Hoque | D28: RSM | E28: Rajshahi | F28: SYGK Bogura Zone-4 | G28: Foundation SD | H28: 45840 | I28: Regular | J28: 9 | K28: 94.521429 | L28: 27.69409 | M28: 56.212529 | N28: 104.86748 | O28: 48.404255 | P28: 2 | Q28: 0 | R28: 0 | S28: 88.152218 | T28: 105.26316 | U28: 0 | V28: 98.167992 | W28: 67.51773 | X28: 83.061002 | Y28: 85.957516 | AI28: =IF(R28="","",IF(R28>='Rx Share'!L$3,'Rx Share'!M$3,IF(R28>='Rx Share'!L$4,('Rx Share'!M$4+((R28-'Rx Share'!L$4)/('Rx Share'!L$3-'Rx Share'!L$4))*'Rx Share'!N$4),IF(R28>'Rx Share'!L$5,('Rx Share'!M$5+((R28-'Rx Share'!L$5)/('Rx Share'!L$4-'Rx Share'!L$5))*'Rx Share'!N$5),IF(R28>='Rx Share'!L$6,('Rx Share'!M$6+((R28-'Rx Share'!L$6)/('Rx Share'!L$5-'Rx Share'!L$6)*'Rx Share'!N$6)),0)))))*$AI$1/10 -> 0 | AJ28: =IF(S28="","",IF(S28>='Rx Share'!L$3,'Rx Share'!M$3,IF(S28>='Rx Share'!L$4,('Rx Share'!M$4+((S28-'Rx Share'!L$4)/('Rx Share'!L$3-'Rx Share'!L$4))*'Rx Share'!N$4),IF(S28>'Rx Share'!L$5,('Rx Share'!M$5+((S28-'Rx Share'!L$5)/('Rx Share'!L$4-'Rx Share'!L$5))*'Rx Share'!N$5),IF(S28>='Rx Share'!L$6,('Rx Share'!M$6+((S28-'Rx Share'!L$6)/('Rx Share'!L$5-'Rx Share'!L$6)*'Rx Share'!N$6)),0)))))*$AJ$1/10 -> 4.5782661 | AK28: =IF(T28="","",IF(T28>='Rx Share'!L$3,'Rx Share'!M$3,IF(T28>='Rx Share'!L$4,('Rx Share'!M$4+((T28-'Rx Share'!L$4)/('Rx Share'!L$3-'Rx Share'!L$4))*'Rx Share'!N$4),IF(T28>'Rx Share'!L$5,('Rx Share'!M$5+((T28-'Rx Share'!L$5)/('Rx Share'!L$4-'Rx Share'!L$5))*'Rx Share'!N$5),IF(T28>='Rx Share'!L$6,('Rx Share'!M$6+((T28-'Rx Share'!L$6)/('Rx Share'!L$5-'Rx Share'!L$6)*'Rx Share'!N$6)),0)))))*$AK$1/10 -> 4 | AL28: =IF(U28="","",IF(U28>='Rx Share'!M$3,'Rx Share'!N$3,IF(U28>='Rx Share'!M$4,('Rx Share'!N$4+((U28-'Rx Share'!M$4)/('Rx Share'!M$3-'Rx Share'!M$4))*'Rx Share'!O$4),IF(U28>'Rx Share'!M$5,('Rx Share'!N$5+((U28-'Rx Share'!M$5)/('Rx Share'!M$4-'Rx Share'!M$5))*'Rx Share'!O$5),IF(U28>='Rx Share'!M$6,('Rx Share'!N$6+((U28-'Rx Share'!M$6)/('Rx Share'!M$5-'Rx Share'!M$6)*'Rx Share'!O$6)),0)))))*$AL$1/10 -> 0
B29: 110737 | C29: G M Sorower | D29: RSM | E29: SYT Dhaka South | F29: SYT Zone | G29: Foundation SD | H29: 45840 | I29: Regular | J29: 9 | K29: 82.500551 | L29: 14.242424 | M29: 83.404921 | N29: 84.748021 | O29: 14.814815 | P29: 0 | Q29: 0 | R29: 0 | S29: 0 | T29: 0 | U29: 144.22621 | V29: 73.607519 | W29: 80.992908 | X29: 63.303945 | Y29: 82.995411 | AI29: =IF(R29="","",IF(R29>='Rx Share'!L$3,'Rx Share'!M$3,IF(R29>='Rx Share'!L$4,('Rx Share'!M$4+((R29-'Rx Share'!L$4)/('Rx Share'!L$3-'Rx Share'!L$4))*'Rx Share'!N$4),IF(R29>'Rx Share'!L$5,('Rx Share'!M$5+((R29-'Rx Share'!L$5)/('Rx Share'!L$4-'Rx Share'!L$5))*'Rx Share'!N$5),IF(R29>='Rx Share'!L$6,('Rx Share'!M$6+((R29-'Rx Share'!L$6)/('Rx Share'!L$5-'Rx Share'!L$6)*'Rx Share'!N$6)),0)))))*$AI$1/10 -> 0 | AJ29: =IF(S29="","",IF(S29>='Rx Share'!L$3,'Rx Share'!M$3,IF(S29>='Rx Share'!L$4,('Rx Share'!M$4+((S29-'Rx Share'!L$4)/('Rx Share'!L$3-'Rx Share'!L$4))*'Rx Share'!N$4),IF(S29>'Rx Share'!L$5,('Rx Share'!M$5+((S29-'Rx Share'!L$5)/('Rx Share'!L$4-'Rx Share'!L$5))*'Rx Share'!N$5),IF(S29>='Rx Share'!L$6,('Rx Share'!M$6+((S29-'Rx Share'!L$6)/('Rx Share'!L$5-'Rx Share'!L$6)*'Rx Share'!N$6)),0)))))*$AJ$1/10 -> 0 | AK29: =IF(T29="","",IF(T29>='Rx Share'!L$3,'Rx Share'!M$3,IF(T29>='Rx Share'!L$4,('Rx Share'!M$4+((T29-'Rx Share'!L$4)/('Rx Share'!L$3-'Rx Share'!L$4))*'Rx Share'!N$4),IF(T29>'Rx Share'!L$5,('Rx Share'!M$5+((T29-'Rx Share'!L$5)/('Rx Share'!L$4-'Rx Share'!L$5))*'Rx Share'!N$5),IF(T29>='Rx Share'!L$6,('Rx Share'!M$6+((T29-'Rx Share'!L$6)/('Rx Share'!L$5-'Rx Share'!L$6)*'Rx Share'!N$6)),0)))))*$AK$1/10 -> 0 | AL29: =IF(U29="","",IF(U29>='Rx Share'!M$3,'Rx Share'!N$3,IF(U29>='Rx Share'!M$4,('Rx Share'!N$4+((U29-'Rx Share'!M$4)/('Rx Share'!M$3-'Rx Share'!M$4))*'Rx Share'!O$4),IF(U29>'Rx Share'!M$5,('Rx Share'!N$5+((U29-'Rx Share'!M$5)/('Rx Share'!M$4-'Rx Share'!M$5))*'Rx Share'!O$5),IF(U29>='Rx Share'!M$6,('Rx Share'!N$6+((U29-'Rx Share'!M$6)/('Rx Share'!M$5-'Rx Share'!M$6)*'Rx Share'!O$6)),0)))))*$AL$1/10 -> 0
