Workbook

Sheet Ter. Ratio Dev
A1: INSYN Target Calculation | E1: ve | F1: -ve | Q1: =Q3-Q2 -> 0.01 | R1: =R3-R2 -> 2.23 | S1: =S3-S2 -> -5.67 | T1: =T3-T2 -> -1.06 | U1: =U3-U2 -> 1.85 | V1: =V3-V2 -> 3 | W1: =W3-W2 -> 2 | X1: =X3-X2 -> -1 | Y1: =Y3-Y2 -> -0.45
E2: 1 | F2: -1 | P2: MKT | Q2: =IFERROR(_xlfn.XLOOKUP(Q$7,'Product Tgt'!$B:$B,'Product Tgt'!$G:$G),0) -> 480884.99 | R2: =IFERROR(_xlfn.XLOOKUP(R$7,'Product Tgt'!$B:$B,'Product Tgt'!$G:$G),0) -> 544418.77 | S2: =IFERROR(_xlfn.XLOOKUP(S$7,'Product Tgt'!$B:$B,'Product Tgt'!$G:$G),0) -> 5215761.7 | T2: =IFERROR(_xlfn.XLOOKUP(T$7,'Product Tgt'!$B:$B,'Product Tgt'!$G:$G),0) -> 2345988.1 | U2: =IFERROR(_xlfn.XLOOKUP(U$7,'Product Tgt'!$B:$B,'Product Tgt'!$G:$G),0) -> 25774321 | V2: =IFERROR(_xlfn.XLOOKUP(V$7,'Product Tgt'!$B:$B,'Product Tgt'!$G:$G),0) -> 15253353 | W2: =IFERROR(_xlfn.XLOOKUP(W$7,'Product Tgt'!$B:$B,'Product Tgt'!$G:$G),0) -> 2452364 | X2: =IFERROR(_xlfn.XLOOKUP(X$7,'Product Tgt'!$B:$B,'Product Tgt'!$G:$G),0) -> 652152 | Y2: =IFERROR(_xlfn.XLOOKUP(Y$7,'Product Tgt'!$B:$B,'Product Tgt'!$G:$G),0) -> 3350229.5
E3: 2 | F3: -2 | P3: SM | Q3: =SUM(Q8:Q221) -> 480885 | R3: =SUM(R8:R221) -> 544421 | S3: =SUM(S8:S221) -> 5215756 | T3: =SUM(T8:T221) -> 2345987 | U3: =SUM(U8:U221) -> 25774323 | V3: =SUM(V8:V221) -> 15253356 | W3: =SUM(W8:W221) -> 2452366 | X3: =SUM(X8:X221) -> 652151 | Y3: =SUM(Y8:Y221) -> 3350229
E4: Max | F4: =MAX(E8:E94) -> 11.862137 | Z4: TGT QTY | AG4: TGT Value
C5: Territory Target | E5: Min | F5: =MIN(E8:E94) -> -12.976882 | G5: Price | H5: =_xlfn.XLOOKUP(H$7,'Product Tgt'!$B:$B,'Product Tgt'!$D:$D,0) -> 1095.41 | I5: =_xlfn.XLOOKUP(I$7,'Product Tgt'!$B:$B,'Product Tgt'!$D:$D,0) -> 1095.41 | J5: =_xlfn.XLOOKUP(J$7,'Product Tgt'!$B:$B,'Product Tgt'!$D:$D,0) -> 4202.87 | K5: =_xlfn.XLOOKUP(K$7,'Product Tgt'!$B:$B,'Product Tgt'!$D:$D,0) -> 6222.78 | L5: =_xlfn.XLOOKUP(L$7,'Product Tgt'!$B:$B,'Product Tgt'!$D:$D,0) -> 4364.83 | M5: =_xlfn.XLOOKUP(M$7,'Product Tgt'!$B:$B,'Product Tgt'!$D:$D,0) -> 6889.5 | N5: =_xlfn.XLOOKUP(N$7,'Product Tgt'!$B:$B,'Product Tgt'!$D:$D,0) -> 1499 | O5: =_xlfn.XLOOKUP(O$7,'Product Tgt'!$B:$B,'Product Tgt'!$D:$D,0) -> 1874 | ... AM5: =_xlfn.XLOOKUP(AM$7,'Product Tgt'!$B:$B,'Product Tgt'!$D:$D,0) -> 0
B6: Month | C6: Current Month | G6: Brand | H6: =_xlfn.XLOOKUP(H$7,'Product Tgt'!$B:$B,'Product Tgt'!$C:$C,0) -> Allstar Insulin Pen 1PC | I6: =_xlfn.XLOOKUP(I$7,'Product Tgt'!$B:$B,'Product Tgt'!$C:$C,0) -> ALLSTAR Insulin Pen 1PC (Teal Col) | J6: =_xlfn.XLOOKUP(J$7,'Product Tgt'!$B:$B,'Product Tgt'!$C:$C,0) -> APIDRA 3ml inj Crt 5?s | K6: =_xlfn.XLOOKUP(K$7,'Product Tgt'!$B:$B,'Product Tgt'!$C:$C,0) -> APIDRA SoloStar 3ml Inj 5 Pen | L6: =_xlfn.XLOOKUP(L$7,'Product Tgt'!$B:$B,'Product Tgt'!$C:$C,0) -> Lantus 3ml Inj Crt 5's | M6: =_xlfn.XLOOKUP(M$7,'Product Tgt'!$B:$B,'Product Tgt'!$C:$C,0) -> Lantus SoloStar 3ml Inj 5 Pen | N6: =_xlfn.XLOOKUP(N$7,'Product Tgt'!$B:$B,'Product Tgt'!$C:$C,0) -> Mounvia 2.5 | O6: =_xlfn.XLOOKUP(O$7,'Product Tgt'!$B:$B,'Product Tgt'!$C:$C,0) -> Mounvia 5 | ... Y6: =_xlfn.XLOOKUP(Y$7,'Product Tgt'!$B:$B,'Product Tgt'!$C:$C,0) -> TOUJEO 1.5 ml SoloStar injection 3?1.5 ml Prefilled Pen | Z6: Allstar Insulin Pen 1PC | AA6: ALLSTAR Insulin Pen 1PC (Teal Col) | AB6: APIDRA 3ml inj Crt 5?s | AC6: APIDRA SoloStar 3ml Inj 5 Pen | AD6: Lantus 3ml Inj Crt 5's | AE6: Lantus SoloStar 3ml Inj 5 Pen | AF6: TOUJEO 1.5 ml SoloStar injection 3?1.5 ml Prefilled Pen | AG6: Allstar Insulin Pen 1PC | AH6: ALLSTAR Insulin Pen 1PC (Teal Col) | AI6: APIDRA 3ml inj Crt 5?s | AJ6: APIDRA SoloStar 3ml Inj 5 Pen | AK6: Lantus 3ml Inj Crt 5's | AL6: Lantus SoloStar 3ml Inj 5 Pen | AM6: TOUJEO 1.5 ml SoloStar injection 3?1.5 ml Prefilled Pen
A7: Region | B7: Territory | C7: Total | D7: New Terr | E7: Diff | F7: Diff% | G7: Multiplier | H7: 682 | I7: 683 | J7: 684 | K7: 686 | L7: 708 | M7: 710 | N7: 809 | O7: 810 | P7: 750 | Q7: 682 | R7: 683 | S7: 684 | T7: 686 | U7: 708 | V7: 710 | W7: 809 | X7: 810 | Y7: 750 | Z7: 332348 | AA7: 337694 | AB7: 340524 | AC7: 346769 | AD7: 345576 | AE7: 330100 | AF7: 351647 | AG7: 332348 | AH7: 337694 | AI7: 340524 | AJ7: 346769 | AK7: 345576 | AL7: 330100 | AM7: 351647
A8: SYI Dhaka North | B8: SYI-BIRA-BIR1 | C8: =_xlfn.XLOOKUP($B8,'Terr Target'!$A:$A,'Terr Target'!$E:$E) -> 926799.03 | D8: =SUM(Q8:Y8) -> 926796 | E8: =D8-C8 -> -3.0293387 | F8: =ABS(E8)/D8 -> 3.2686144e-06 | G8: =1-E8/D8 -> 1.0000033 | H8: 12094.912 | I8: 9141.0689 | J8: 82000.976 | K8: 45611.805 | L8: 448181.95 | M8: 304456.67 | N8: 30706.843 | O8: 6357.8312 | P8: 88200.467 | Q8: =IFERROR(ROUND(_xlfn.XLOOKUP(Q$7,'Product Tgt'!$B:$B,'Product Tgt'!$G:$G)*H8/H$95,0),0) -> 10863 | R8: =IFERROR(ROUND(_xlfn.XLOOKUP(R$7,'Product Tgt'!$B:$B,'Product Tgt'!$G:$G)*I8/I$95,0),0) -> 8223 | S8: =IFERROR(ROUND(_xlfn.XLOOKUP(S$7,'Product Tgt'!$B:$B,'Product Tgt'!$G:$G)*J8/J$95,0),0) -> 73818 | T8: =IFERROR(ROUND(_xlfn.XLOOKUP(T$7,'Product Tgt'!$B:$B,'Product Tgt'!$G:$G)*K8/K$95,0),0) -> 41089 | U8: =IFERROR(ROUND(_xlfn.XLOOKUP(U$7,'Product Tgt'!$B:$B,'Product Tgt'!$G:$G)*L8/L$95,0),0) -> 403442 | V8: =IFERROR(ROUND(_xlfn.XLOOKUP(V$7,'Product Tgt'!$B:$B,'Product Tgt'!$G:$G)*M8/M$95,0),0) -> 274027 | W8: =IFERROR(ROUND(_xlfn.XLOOKUP(W$7,'Product Tgt'!$B:$B,'Product Tgt'!$G:$G)*N8/N$95,0),0) -> 29720 | X8: =IFERROR(ROUND(_xlfn.XLOOKUP(X$7,'Product Tgt'!$B:$B,'Product Tgt'!$G:$G)*O8/O$95,0),0) -> 6151 | Y8: =IFERROR(ROUND(_xlfn.XLOOKUP(Y$7,'Product Tgt'!$B:$B,'Product Tgt'!$G:$G)*P8/P$95,0),0) -> 79463 | Z8: =ROUND(IFERROR(Q8/_xlfn.XLOOKUP(Z$7,'Product Tgt'!$B:$B,'Product Tgt'!$D:$D),0),0) -> 0 | AA8: =ROUND(IFERROR(R8/_xlfn.XLOOKUP(AA$7,'Product Tgt'!$B:$B,'Product Tgt'!$D:$D),0),0) -> 0 | AB8: =ROUND(IFERROR(U8/_xlfn.XLOOKUP(AB$7,'Product Tgt'!$B:$B,'Product Tgt'!$D:$D),0),0) -> 0 | AC8: =ROUND(IFERROR(V8/_xlfn.XLOOKUP(AC$7,'Product Tgt'!$B:$B,'Product Tgt'!$D:$D),0),0) -> 0 | AD8: =ROUND(IFERROR(W8/_xlfn.XLOOKUP(AD$7,'Product Tgt'!$B:$B,'Product Tgt'!$D:$D),0),0) -> 0 | AE8: =ROUND(IFERROR(X8/_xlfn.XLOOKUP(AE$7,'Product Tgt'!$B:$B,'Product Tgt'!$D:$D),0),0) -> 0 | AF8: =ROUND(IFERROR(Y8/_xlfn.XLOOKUP(AF$7,'Product Tgt'!$B:$B,'Product Tgt'!$D:$D),0),0) -> 0 | AG8: =IFERROR(Z8*_xlfn.XLOOKUP(AG$7,'Product Tgt'!$B:$B,'Product Tgt'!$D:$D),0) -> 0 | AH8: =IFERROR(AA8*_xlfn.XLOOKUP(AH$7,'Product Tgt'!$B:$B,'Product Tgt'!$D:$D),0) -> 0 | AI8: =IFERROR(AB8*_xlfn.XLOOKUP(AI$7,'Product Tgt'!$B:$B,'Product Tgt'!$D:$D),0) -> 0 | AJ8: =IFERROR(AC8*_xlfn.XLOOKUP(AJ$7,'Product Tgt'!$B:$B,'Product Tgt'!$D:$D),0) -> 0 | AK8: =IFERROR(AD8*_xlfn.XLOOKUP(AK$7,'Product Tgt'!$B:$B,'Product Tgt'!$D:$D),0) -> 0 | AL8: =IFERROR(AE8*_xlfn.XLOOKUP(AL$7,'Product Tgt'!$B:$B,'Product Tgt'!$D:$D),0) -> 0 | AM8: =IFERROR(AF8*_xlfn.XLOOKUP(AM$7,'Product Tgt'!$B:$B,'Product Tgt'!$D:$D),0) -> 0
A9: SYI Dhaka North | B9: SYI-BIRA-BIR2 | C9: =_xlfn.XLOOKUP($B9,'Terr Target'!$A:$A,'Terr Target'!$E:$E) -> 575761.09 | D9: =SUM(Q9:Y9) -> 575768 | E9: =D9-C9 -> 6.9075781 | F9: =ABS(E9)/D9 -> 1.1997155e-05 | G9: =1-E9/D9 -> 0.999988 | H9: 8977.8471 | I9: 5911.7992 | J9: 42783.789 | K9: 18730.674 | L9: 267719.56 | M9: 188639.9 | N9: 34465.211 | O9: 8183.2096 | P9: 60984.476 | Q9: =IFERROR(ROUND(_xlfn.XLOOKUP(Q$7,'Product Tgt'!$B:$B,'Product Tgt'!$G:$G)*H9/H$95,0),0) -> 8064 | R9: =IFERROR(ROUND(_xlfn.XLOOKUP(R$7,'Product Tgt'!$B:$B,'Product Tgt'!$G:$G)*I9/I$95,0),0) -> 5318 | S9: =IFERROR(ROUND(_xlfn.XLOOKUP(S$7,'Product Tgt'!$B:$B,'Product Tgt'!$G:$G)*J9/J$95,0),0) -> 38514 | T9: =IFERROR(ROUND(_xlfn.XLOOKUP(T$7,'Product Tgt'!$B:$B,'Product Tgt'!$G:$G)*K9/K$95,0),0) -> 16874 | U9: =IFERROR(ROUND(_xlfn.XLOOKUP(U$7,'Product Tgt'!$B:$B,'Product Tgt'!$G:$G)*L9/L$95,0),0) -> 240994 | V9: =IFERROR(ROUND(_xlfn.XLOOKUP(V$7,'Product Tgt'!$B:$B,'Product Tgt'!$G:$G)*M9/M$95,0),0) -> 169786 | W9: =IFERROR(ROUND(_xlfn.XLOOKUP(W$7,'Product Tgt'!$B:$B,'Product Tgt'!$G:$G)*N9/N$95,0),0) -> 33358 | X9: =IFERROR(ROUND(_xlfn.XLOOKUP(X$7,'Product Tgt'!$B:$B,'Product Tgt'!$G:$G)*O9/O$95,0),0) -> 7917 | Y9: =IFERROR(ROUND(_xlfn.XLOOKUP(Y$7,'Product Tgt'!$B:$B,'Product Tgt'!$G:$G)*P9/P$95,0),0) -> 54943 | Z9: =ROUND(IFERROR(Q9/_xlfn.XLOOKUP(Z$7,'Product Tgt'!$B:$B,'Product Tgt'!$D:$D),0),0) -> 0 | AA9: =ROUND(IFERROR(R9/_xlfn.XLOOKUP(AA$7,'Product Tgt'!$B:$B,'Product Tgt'!$D:$D),0),0) -> 0 | AB9: =ROUND(IFERROR(U9/_xlfn.XLOOKUP(AB$7,'Product Tgt'!$B:$B,'Product Tgt'!$D:$D),0),0) -> 0 | AC9: =ROUND(IFERROR(V9/_xlfn.XLOOKUP(AC$7,'Product Tgt'!$B:$B,'Product Tgt'!$D:$D),0),0) -> 0 | AD9: =ROUND(IFERROR(W9/_xlfn.XLOOKUP(AD$7,'Product Tgt'!$B:$B,'Product Tgt'!$D:$D),0),0) -> 0 | AE9: =ROUND(IFERROR(X9/_xlfn.XLOOKUP(AE$7,'Product Tgt'!$B:$B,'Product Tgt'!$D:$D),0),0) -> 0 | AF9: =ROUND(IFERROR(Y9/_xlfn.XLOOKUP(AF$7,'Product Tgt'!$B:$B,'Product Tgt'!$D:$D),0),0) -> 0 | AG9: =IFERROR(Z9*_xlfn.XLOOKUP(AG$7,'Product Tgt'!$B:$B,'Product Tgt'!$D:$D),0) -> 0 | AH9: =IFERROR(AA9*_xlfn.XLOOKUP(AH$7,'Product Tgt'!$B:$B,'Product Tgt'!$D:$D),0) -> 0 | AI9: =IFERROR(AB9*_xlfn.XLOOKUP(AI$7,'Product Tgt'!$B:$B,'Product Tgt'!$D:$D),0) -> 0 | AJ9: =IFERROR(AC9*_xlfn.XLOOKUP(AJ$7,'Product Tgt'!$B:$B,'Product Tgt'!$D:$D),0) -> 0 | AK9: =IFERROR(AD9*_xlfn.XLOOKUP(AK$7,'Product Tgt'!$B:$B,'Product Tgt'!$D:$D),0) -> 0 | AL9: =IFERROR(AE9*_xlfn.XLOOKUP(AL$7,'Product Tgt'!$B:$B,'Product Tgt'!$D:$D),0) -> 0 | AM9: =IFERROR(AF9*_xlfn.XLOOKUP(AM$7,'Product Tgt'!$B:$B,'Product Tgt'!$D:$D),0) -> 0
A10: SYI Dhaka North | B10: SYI-BIRA-BIR3 | C10: =_xlfn.XLOOKUP($B10,'Terr Target'!$A:$A,'Terr Target'!$E:$E) -> 959428.34 | D10: =SUM(Q10:Y10) -> 959427 | E10: =D10-C10 -> -1.3374522 | F10: =ABS(E10)/D10 -> 1.3940115e-06 | G10: =1-E10/D10 -> 1.0000014 | H10: 12019.979 | I10: 10452.935 | J10: 89604.202 | K10: 62501.073 | L10: 424809.42 | M10: 344670.73 | N10: 33927.163 | O10: 6358.8735 | P10: 78417.556 | Q10: =IFERROR(ROUND(_xlfn.XLOOKUP(Q$7,'Product Tgt'!$B:$B,'Product Tgt'!$G:$G)*H10/H$95,0),0) -> 10796 | R10: =IFERROR(ROUND(_xlfn.XLOOKUP(R$7,'Product Tgt'!$B:$B,'Product Tgt'!$G:$G)*I10/I$95,0),0) -> 9403 | S10: =IFERROR(ROUND(_xlfn.XLOOKUP(S$7,'Product Tgt'!$B:$B,'Product Tgt'!$G:$G)*J10/J$95,0),0) -> 80663 | T10: =IFERROR(ROUND(_xlfn.XLOOKUP(T$7,'Product Tgt'!$B:$B,'Product Tgt'!$G:$G)*K10/K$95,0),0) -> 56304 | U10: =IFERROR(ROUND(_xlfn.XLOOKUP(U$7,'Product Tgt'!$B:$B,'Product Tgt'!$G:$G)*L10/L$95,0),0) -> 382402 | V10: =IFERROR(ROUND(_xlfn.XLOOKUP(V$7,'Product Tgt'!$B:$B,'Product Tgt'!$G:$G)*M10/M$95,0),0) -> 310221 | W10: =IFERROR(ROUND(_xlfn.XLOOKUP(W$7,'Product Tgt'!$B:$B,'Product Tgt'!$G:$G)*N10/N$95,0),0) -> 32837 | X10: =IFERROR(ROUND(_xlfn.XLOOKUP(X$7,'Product Tgt'!$B:$B,'Product Tgt'!$G:$G)*O10/O$95,0),0) -> 6152 | Y10: =IFERROR(ROUND(_xlfn.XLOOKUP(Y$7,'Product Tgt'!$B:$B,'Product Tgt'!$G:$G)*P10/P$95,0),0) -> 70649 | Z10: =ROUND(IFERROR(Q10/_xlfn.XLOOKUP(Z$7,'Product Tgt'!$B:$B,'Product Tgt'!$D:$D),0),0) -> 0 | AA10: =ROUND(IFERROR(R10/_xlfn.XLOOKUP(AA$7,'Product Tgt'!$B:$B,'Product Tgt'!$D:$D),0),0) -> 0 | AB10: =ROUND(IFERROR(U10/_xlfn.XLOOKUP(AB$7,'Product Tgt'!$B:$B,'Product Tgt'!$D:$D),0),0) -> 0 | AC10: =ROUND(IFERROR(V10/_xlfn.XLOOKUP(AC$7,'Product Tgt'!$B:$B,'Product Tgt'!$D:$D),0),0) -> 0 | AD10: =ROUND(IFERROR(W10/_xlfn.XLOOKUP(AD$7,'Product Tgt'!$B:$B,'Product Tgt'!$D:$D),0),0) -> 0 | AE10: =ROUND(IFERROR(X10/_xlfn.XLOOKUP(AE$7,'Product Tgt'!$B:$B,'Product Tgt'!$D:$D),0),0) -> 0 | AF10: =ROUND(IFERROR(Y10/_xlfn.XLOOKUP(AF$7,'Product Tgt'!$B:$B,'Product Tgt'!$D:$D),0),0) -> 0 | AG10: =IFERROR(Z10*_xlfn.XLOOKUP(AG$7,'Product Tgt'!$B:$B,'Product Tgt'!$D:$D),0) -> 0 | AH10: =IFERROR(AA10*_xlfn.XLOOKUP(AH$7,'Product Tgt'!$B:$B,'Product Tgt'!$D:$D),0) -> 0 | AI10: =IFERROR(AB10*_xlfn.XLOOKUP(AI$7,'Product Tgt'!$B:$B,'Product Tgt'!$D:$D),0) -> 0 | AJ10: =IFERROR(AC10*_xlfn.XLOOKUP(AJ$7,'Product Tgt'!$B:$B,'Product Tgt'!$D:$D),0) -> 0 | AK10: =IFERROR(AD10*_xlfn.XLOOKUP(AK$7,'Product Tgt'!$B:$B,'Product Tgt'!$D:$D),0) -> 0 | AL10: =IFERROR(AE10*_xlfn.XLOOKUP(AL$7,'Product Tgt'!$B:$B,'Product Tgt'!$D:$D),0) -> 0 | AM10: =IFERROR(AF10*_xlfn.XLOOKUP(AM$7,'Product Tgt'!$B:$B,'Product Tgt'!$D:$D),0) -> 0
A11: SYI Dhaka North | B11: SYI-BIRA-LAB1 | C11: =_xlfn.XLOOKUP($B11,'Terr Target'!$A:$A,'Terr Target'!$E:$E) -> 841686.52 | D11: =SUM(Q11:Y11) -> 841688 | E11: =D11-C11 -> 1.4799758 | F11: =ABS(E11)/D11 -> 1.7583425e-06 | G11: =1-E11/D11 -> 0.99999824 | H11: 10675.196 | I11: 8882.4677 | J11: 81330.705 | K11: 42002.205 | L11: 367302.71 | M11: 305390.15 | N11: 29259.824 | O11: 6252.083 | P11: 81232.911 | Q11: =IFERROR(ROUND(_xlfn.XLOOKUP(Q$7,'Product Tgt'!$B:$B,'Product Tgt'!$G:$G)*H11/H$95,0),0) -> 9588 | R11: =IFERROR(ROUND(_xlfn.XLOOKUP(R$7,'Product Tgt'!$B:$B,'Product Tgt'!$G:$G)*I11/I$95,0),0) -> 7990 | S11: =IFERROR(ROUND(_xlfn.XLOOKUP(S$7,'Product Tgt'!$B:$B,'Product Tgt'!$G:$G)*J11/J$95,0),0) -> 73215 | T11: =IFERROR(ROUND(_xlfn.XLOOKUP(T$7,'Product Tgt'!$B:$B,'Product Tgt'!$G:$G)*K11/K$95,0),0) -> 37838 | U11: =IFERROR(ROUND(_xlfn.XLOOKUP(U$7,'Product Tgt'!$B:$B,'Product Tgt'!$G:$G)*L11/L$95,0),0) -> 330636 | V11: =IFERROR(ROUND(_xlfn.XLOOKUP(V$7,'Product Tgt'!$B:$B,'Product Tgt'!$G:$G)*M11/M$95,0),0) -> 274867 | W11: =IFERROR(ROUND(_xlfn.XLOOKUP(W$7,'Product Tgt'!$B:$B,'Product Tgt'!$G:$G)*N11/N$95,0),0) -> 28320 | X11: =IFERROR(ROUND(_xlfn.XLOOKUP(X$7,'Product Tgt'!$B:$B,'Product Tgt'!$G:$G)*O11/O$95,0),0) -> 6049 | Y11: =IFERROR(ROUND(_xlfn.XLOOKUP(Y$7,'Product Tgt'!$B:$B,'Product Tgt'!$G:$G)*P11/P$95,0),0) -> 73185 | Z11: =ROUND(IFERROR(Q11/_xlfn.XLOOKUP(Z$7,'Product Tgt'!$B:$B,'Product Tgt'!$D:$D),0),0) -> 0 | AA11: =ROUND(IFERROR(R11/_xlfn.XLOOKUP(AA$7,'Product Tgt'!$B:$B,'Product Tgt'!$D:$D),0),0) -> 0 | AB11: =ROUND(IFERROR(U11/_xlfn.XLOOKUP(AB$7,'Product Tgt'!$B:$B,'Product Tgt'!$D:$D),0),0) -> 0 | AC11: =ROUND(IFERROR(V11/_xlfn.XLOOKUP(AC$7,'Product Tgt'!$B:$B,'Product Tgt'!$D:$D),0),0) -> 0 | AD11: =ROUND(IFERROR(W11/_xlfn.XLOOKUP(AD$7,'Product Tgt'!$B:$B,'Product Tgt'!$D:$D),0),0) -> 0 | AE11: =ROUND(IFERROR(X11/_xlfn.XLOOKUP(AE$7,'Product Tgt'!$B:$B,'Product Tgt'!$D:$D),0),0) -> 0 | AF11: =ROUND(IFERROR(Y11/_xlfn.XLOOKUP(AF$7,'Product Tgt'!$B:$B,'Product Tgt'!$D:$D),0),0) -> 0 | AG11: =IFERROR(Z11*_xlfn.XLOOKUP(AG$7,'Product Tgt'!$B:$B,'Product Tgt'!$D:$D),0) -> 0 | AH11: =IFERROR(AA11*_xlfn.XLOOKUP(AH$7,'Product Tgt'!$B:$B,'Product Tgt'!$D:$D),0) -> 0 | AI11: =IFERROR(AB11*_xlfn.XLOOKUP(AI$7,'Product Tgt'!$B:$B,'Product Tgt'!$D:$D),0) -> 0 | AJ11: =IFERROR(AC11*_xlfn.XLOOKUP(AJ$7,'Product Tgt'!$B:$B,'Product Tgt'!$D:$D),0) -> 0 | AK11: =IFERROR(AD11*_xlfn.XLOOKUP(AK$7,'Product Tgt'!$B:$B,'Product Tgt'!$D:$D),0) -> 0 | AL11: =IFERROR(AE11*_xlfn.XLOOKUP(AL$7,'Product Tgt'!$B:$B,'Product Tgt'!$D:$D),0) -> 0 | AM11: =IFERROR(AF11*_xlfn.XLOOKUP(AM$7,'Product Tgt'!$B:$B,'Product Tgt'!$D:$D),0) -> 0
A12: SYI Dhaka North | B12: SYI-BOGA-BOG1 | C12: =_xlfn.XLOOKUP($B12,'Terr Target'!$A:$A,'Terr Target'!$E:$E) -> 662603.01 | D12: =SUM(Q12:Y12) -> 662603 | E12: =D12-C12 -> -0.01289421 | F12: =ABS(E12)/D12 -> 1.9459933e-08 | G12: =1-E12/D12 -> 1 | H12: 7326.6451 | I12: 7565.8956 | J12: 98605.948 | K12: 28064.385 | L12: 352047.49 | M12: 164208.81 | N12: 30771.364 | O12: 8767.2058 | P12: 35744.443 | Q12: =IFERROR(ROUND(_xlfn.XLOOKUP(Q$7,'Product Tgt'!$B:$B,'Product Tgt'!$G:$G)*H12/H$95,0),0) -> 6581 | R12: =IFERROR(ROUND(_xlfn.XLOOKUP(R$7,'Product Tgt'!$B:$B,'Product Tgt'!$G:$G)*I12/I$95,0),0) -> 6806 | S12: =IFERROR(ROUND(_xlfn.XLOOKUP(S$7,'Product Tgt'!$B:$B,'Product Tgt'!$G:$G)*J12/J$95,0),0) -> 88766 | T12: =IFERROR(ROUND(_xlfn.XLOOKUP(T$7,'Product Tgt'!$B:$B,'Product Tgt'!$G:$G)*K12/K$95,0),0) -> 25282 | U12: =IFERROR(ROUND(_xlfn.XLOOKUP(U$7,'Product Tgt'!$B:$B,'Product Tgt'!$G:$G)*L12/L$95,0),0) -> 316904 | V12: =IFERROR(ROUND(_xlfn.XLOOKUP(V$7,'Product Tgt'!$B:$B,'Product Tgt'!$G:$G)*M12/M$95,0),0) -> 147796 | W12: =IFERROR(ROUND(_xlfn.XLOOKUP(W$7,'Product Tgt'!$B:$B,'Product Tgt'!$G:$G)*N12/N$95,0),0) -> 29783 | X12: =IFERROR(ROUND(_xlfn.XLOOKUP(X$7,'Product Tgt'!$B:$B,'Product Tgt'!$G:$G)*O12/O$95,0),0) -> 8482 | Y12: =IFERROR(ROUND(_xlfn.XLOOKUP(Y$7,'Product Tgt'!$B:$B,'Product Tgt'!$G:$G)*P12/P$95,0),0) -> 32203 | Z12: =ROUND(IFERROR(Q12/_xlfn.XLOOKUP(Z$7,'Product Tgt'!$B:$B,'Product Tgt'!$D:$D),0),0) -> 0 | AA12: =ROUND(IFERROR(R12/_xlfn.XLOOKUP(AA$7,'Product Tgt'!$B:$B,'Product Tgt'!$D:$D),0),0) -> 0 | AB12: =ROUND(IFERROR(U12/_xlfn.XLOOKUP(AB$7,'Product Tgt'!$B:$B,'Product Tgt'!$D:$D),0),0) -> 0 | AC12: =ROUND(IFERROR(V12/_xlfn.XLOOKUP(AC$7,'Product Tgt'!$B:$B,'Product Tgt'!$D:$D),0),0) -> 0 | AD12: =ROUND(IFERROR(W12/_xlfn.XLOOKUP(AD$7,'Product Tgt'!$B:$B,'Product Tgt'!$D:$D),0),0) -> 0 | AE12: =ROUND(IFERROR(X12/_xlfn.XLOOKUP(AE$7,'Product Tgt'!$B:$B,'Product Tgt'!$D:$D),0),0) -> 0 | AF12: =ROUND(IFERROR(Y12/_xlfn.XLOOKUP(AF$7,'Product Tgt'!$B:$B,'Product Tgt'!$D:$D),0),0) -> 0 | AG12: =IFERROR(Z12*_xlfn.XLOOKUP(AG$7,'Product Tgt'!$B:$B,'Product Tgt'!$D:$D),0) -> 0 | AH12: =IFERROR(AA12*_xlfn.XLOOKUP(AH$7,'Product Tgt'!$B:$B,'Product Tgt'!$D:$D),0) -> 0 | AI12: =IFERROR(AB12*_xlfn.XLOOKUP(AI$7,'Product Tgt'!$B:$B,'Product Tgt'!$D:$D),0) -> 0 | AJ12: =IFERROR(AC12*_xlfn.XLOOKUP(AJ$7,'Product Tgt'!$B:$B,'Product Tgt'!$D:$D),0) -> 0 | AK12: =IFERROR(AD12*_xlfn.XLOOKUP(AK$7,'Product Tgt'!$B:$B,'Product Tgt'!$D:$D),0) -> 0 | AL12: =IFERROR(AE12*_xlfn.XLOOKUP(AL$7,'Product Tgt'!$B:$B,'Product Tgt'!$D:$D),0) -> 0 | AM12: =IFERROR(AF12*_xlfn.XLOOKUP(AM$7,'Product Tgt'!$B:$B,'Product Tgt'!$D:$D),0) -> 0
A13: SYI Dhaka North | B13: SYI-BOGA-BOG2 | C13: =_xlfn.XLOOKUP($B13,'Terr Target'!$A:$A,'Terr Target'!$E:$E) -> 742144.18 | D13: =SUM(Q13:Y13) -> 742141 | E13: =D13-C13 -> -3.1798896 | F13: =ABS(E13)/D13 -> 4.2847513e-06 | G13: =1-E13/D13 -> 1.0000043 | H13: 6424.1225 | I13: 9709.6696 | J13: 82970.661 | K13: 36739.109 | L13: 399596.33 | M13: 203565.39 | N13: 31649.314 | O13: 7514.8365 | P13: 43312.917 | Q13: =IFERROR(ROUND(_xlfn.XLOOKUP(Q$7,'Product Tgt'!$B:$B,'Product Tgt'!$G:$G)*H13/H$95,0),0) -> 5770 | R13: =IFERROR(ROUND(_xlfn.XLOOKUP(R$7,'Product Tgt'!$B:$B,'Product Tgt'!$G:$G)*I13/I$95,0),0) -> 8734 | S13: =IFERROR(ROUND(_xlfn.XLOOKUP(S$7,'Product Tgt'!$B:$B,'Product Tgt'!$G:$G)*J13/J$95,0),0) -> 74691 | T13: =IFERROR(ROUND(_xlfn.XLOOKUP(T$7,'Product Tgt'!$B:$B,'Product Tgt'!$G:$G)*K13/K$95,0),0) -> 33096 | U13: =IFERROR(ROUND(_xlfn.XLOOKUP(U$7,'Product Tgt'!$B:$B,'Product Tgt'!$G:$G)*L13/L$95,0),0) -> 359706 | V13: =IFERROR(ROUND(_xlfn.XLOOKUP(V$7,'Product Tgt'!$B:$B,'Product Tgt'!$G:$G)*M13/M$95,0),0) -> 183219 | W13: =IFERROR(ROUND(_xlfn.XLOOKUP(W$7,'Product Tgt'!$B:$B,'Product Tgt'!$G:$G)*N13/N$95,0),0) -> 30632 | X13: =IFERROR(ROUND(_xlfn.XLOOKUP(X$7,'Product Tgt'!$B:$B,'Product Tgt'!$G:$G)*O13/O$95,0),0) -> 7271 | Y13: =IFERROR(ROUND(_xlfn.XLOOKUP(Y$7,'Product Tgt'!$B:$B,'Product Tgt'!$G:$G)*P13/P$95,0),0) -> 39022 | Z13: =ROUND(IFERROR(Q13/_xlfn.XLOOKUP(Z$7,'Product Tgt'!$B:$B,'Product Tgt'!$D:$D),0),0) -> 0 | AA13: =ROUND(IFERROR(R13/_xlfn.XLOOKUP(AA$7,'Product Tgt'!$B:$B,'Product Tgt'!$D:$D),0),0) -> 0 | AB13: =ROUND(IFERROR(U13/_xlfn.XLOOKUP(AB$7,'Product Tgt'!$B:$B,'Product Tgt'!$D:$D),0),0) -> 0 | AC13: =ROUND(IFERROR(V13/_xlfn.XLOOKUP(AC$7,'Product Tgt'!$B:$B,'Product Tgt'!$D:$D),0),0) -> 0 | AD13: =ROUND(IFERROR(W13/_xlfn.XLOOKUP(AD$7,'Product Tgt'!$B:$B,'Product Tgt'!$D:$D),0),0) -> 0 | AE13: =ROUND(IFERROR(X13/_xlfn.XLOOKUP(AE$7,'Product Tgt'!$B:$B,'Product Tgt'!$D:$D),0),0) -> 0 | AF13: =ROUND(IFERROR(Y13/_xlfn.XLOOKUP(AF$7,'Product Tgt'!$B:$B,'Product Tgt'!$D:$D),0),0) -> 0 | AG13: =IFERROR(Z13*_xlfn.XLOOKUP(AG$7,'Product Tgt'!$B:$B,'Product Tgt'!$D:$D),0) -> 0 | AH13: =IFERROR(AA13*_xlfn.XLOOKUP(AH$7,'Product Tgt'!$B:$B,'Product Tgt'!$D:$D),0) -> 0 | AI13: =IFERROR(AB13*_xlfn.XLOOKUP(AI$7,'Product Tgt'!$B:$B,'Product Tgt'!$D:$D),0) -> 0 | AJ13: =IFERROR(AC13*_xlfn.XLOOKUP(AJ$7,'Product Tgt'!$B:$B,'Product Tgt'!$D:$D),0) -> 0 | AK13: =IFERROR(AD13*_xlfn.XLOOKUP(AK$7,'Product Tgt'!$B:$B,'Product Tgt'!$D:$D),0) -> 0 | AL13: =IFERROR(AE13*_xlfn.XLOOKUP(AL$7,'Product Tgt'!$B:$B,'Product Tgt'!$D:$D),0) -> 0 | AM13: =IFERROR(AF13*_xlfn.XLOOKUP(AM$7,'Product Tgt'!$B:$B,'Product Tgt'!$D:$D),0) -> 0
A14: SYI Dhaka North | B14: SYI-BOGA-BOG3 | C14: =_xlfn.XLOOKUP($B14,'Terr Target'!$A:$A,'Terr Target'!$E:$E) -> 689959.6 | D14: =SUM(Q14:Y14) -> 689955 | E14: =D14-C14 -> -4.599945 | F14: =ABS(E14)/D14 -> 6.6670218e-06 | G14: =1-E14/D14 -> 1.0000067 | H14: 12138.541 | I14: 9363.6481 | J14: 92223.586 | K14: 33323.035 | L14: 363288.21 | M14: 181513.07 | N14: 25807.551 | O14: 6564.818 | P14: 39811.208 | Q14: =IFERROR(ROUND(_xlfn.XLOOKUP(Q$7,'Product Tgt'!$B:$B,'Product Tgt'!$G:$G)*H14/H$95,0),0) -> 10902 | R14: =IFERROR(ROUND(_xlfn.XLOOKUP(R$7,'Product Tgt'!$B:$B,'Product Tgt'!$G:$G)*I14/I$95,0),0) -> 8423 | S14: =IFERROR(ROUND(_xlfn.XLOOKUP(S$7,'Product Tgt'!$B:$B,'Product Tgt'!$G:$G)*J14/J$95,0),0) -> 83021 | T14: =IFERROR(ROUND(_xlfn.XLOOKUP(T$7,'Product Tgt'!$B:$B,'Product Tgt'!$G:$G)*K14/K$95,0),0) -> 30019 | U14: =IFERROR(ROUND(_xlfn.XLOOKUP(U$7,'Product Tgt'!$B:$B,'Product Tgt'!$G:$G)*L14/L$95,0),0) -> 327023 | V14: =IFERROR(ROUND(_xlfn.XLOOKUP(V$7,'Product Tgt'!$B:$B,'Product Tgt'!$G:$G)*M14/M$95,0),0) -> 163371 | W14: =IFERROR(ROUND(_xlfn.XLOOKUP(W$7,'Product Tgt'!$B:$B,'Product Tgt'!$G:$G)*N14/N$95,0),0) -> 24978 | X14: =IFERROR(ROUND(_xlfn.XLOOKUP(X$7,'Product Tgt'!$B:$B,'Product Tgt'!$G:$G)*O14/O$95,0),0) -> 6351 | Y14: =IFERROR(ROUND(_xlfn.XLOOKUP(Y$7,'Product Tgt'!$B:$B,'Product Tgt'!$G:$G)*P14/P$95,0),0) -> 35867 | Z14: =ROUND(IFERROR(Q14/_xlfn.XLOOKUP(Z$7,'Product Tgt'!$B:$B,'Product Tgt'!$D:$D),0),0) -> 0 | AA14: =ROUND(IFERROR(R14/_xlfn.XLOOKUP(AA$7,'Product Tgt'!$B:$B,'Product Tgt'!$D:$D),0),0) -> 0 | AB14: =ROUND(IFERROR(U14/_xlfn.XLOOKUP(AB$7,'Product Tgt'!$B:$B,'Product Tgt'!$D:$D),0),0) -> 0 | AC14: =ROUND(IFERROR(V14/_xlfn.XLOOKUP(AC$7,'Product Tgt'!$B:$B,'Product Tgt'!$D:$D),0),0) -> 0 | AD14: =ROUND(IFERROR(W14/_xlfn.XLOOKUP(AD$7,'Product Tgt'!$B:$B,'Product Tgt'!$D:$D),0),0) -> 0 | AE14: =ROUND(IFERROR(X14/_xlfn.XLOOKUP(AE$7,'Product Tgt'!$B:$B,'Product Tgt'!$D:$D),0),0) -> 0 | AF14: =ROUND(IFERROR(Y14/_xlfn.XLOOKUP(AF$7,'Product Tgt'!$B:$B,'Product Tgt'!$D:$D),0),0) -> 0 | AG14: =IFERROR(Z14*_xlfn.XLOOKUP(AG$7,'Product Tgt'!$B:$B,'Product Tgt'!$D:$D),0) -> 0 | AH14: =IFERROR(AA14*_xlfn.XLOOKUP(AH$7,'Product Tgt'!$B:$B,'Product Tgt'!$D:$D),0) -> 0 | AI14: =IFERROR(AB14*_xlfn.XLOOKUP(AI$7,'Product Tgt'!$B:$B,'Product Tgt'!$D:$D),0) -> 0 | AJ14: =IFERROR(AC14*_xlfn.XLOOKUP(AJ$7,'Product Tgt'!$B:$B,'Product Tgt'!$D:$D),0) -> 0 | AK14: =IFERROR(AD14*_xlfn.XLOOKUP(AK$7,'Product Tgt'!$B:$B,'Product Tgt'!$D:$D),0) -> 0 | AL14: =IFERROR(AE14*_xlfn.XLOOKUP(AL$7,'Product Tgt'!$B:$B,'Product Tgt'!$D:$D),0) -> 0 | AM14: =IFERROR(AF14*_xlfn.XLOOKUP(AM$7,'Product Tgt'!$B:$B,'Product Tgt'!$D:$D),0) -> 0
A15: SYI Dhaka South | B15: SYI-BSLA-BSL1 | C15: =_xlfn.XLOOKUP($B15,'Terr Target'!$A:$A,'Terr Target'!$E:$E) -> 508375.92 | D15: =SUM(Q15:Y15) -> 508381 | E15: =D15-C15 -> 5.0752522 | F15: =ABS(E15)/D15 -> 9.9831665e-06 | G15: =1-E15/D15 -> 0.99999002 | H15: 4622.5377 | I15: 3679.2204 | J15: 91843.593 | K15: 29076.992 | L15: 249559.18 | M15: 118343.85 | N15: 26981.106 | O15: 7687.3922 | P15: 30336.311 | Q15: =IFERROR(ROUND(_xlfn.XLOOKUP(Q$7,'Product Tgt'!$B:$B,'Product Tgt'!$G:$G)*H15/H$95,0),0) -> 4152 | R15: =IFERROR(ROUND(_xlfn.XLOOKUP(R$7,'Product Tgt'!$B:$B,'Product Tgt'!$G:$G)*I15/I$95,0),0) -> 3310 | S15: =IFERROR(ROUND(_xlfn.XLOOKUP(S$7,'Product Tgt'!$B:$B,'Product Tgt'!$G:$G)*J15/J$95,0),0) -> 82679 | T15: =IFERROR(ROUND(_xlfn.XLOOKUP(T$7,'Product Tgt'!$B:$B,'Product Tgt'!$G:$G)*K15/K$95,0),0) -> 26194 | U15: =IFERROR(ROUND(_xlfn.XLOOKUP(U$7,'Product Tgt'!$B:$B,'Product Tgt'!$G:$G)*L15/L$95,0),0) -> 224647 | V15: =IFERROR(ROUND(_xlfn.XLOOKUP(V$7,'Product Tgt'!$B:$B,'Product Tgt'!$G:$G)*M15/M$95,0),0) -> 106516 | W15: =IFERROR(ROUND(_xlfn.XLOOKUP(W$7,'Product Tgt'!$B:$B,'Product Tgt'!$G:$G)*N15/N$95,0),0) -> 26114 | X15: =IFERROR(ROUND(_xlfn.XLOOKUP(X$7,'Product Tgt'!$B:$B,'Product Tgt'!$G:$G)*O15/O$95,0),0) -> 7438 | Y15: =IFERROR(ROUND(_xlfn.XLOOKUP(Y$7,'Product Tgt'!$B:$B,'Product Tgt'!$G:$G)*P15/P$95,0),0) -> 27331 | Z15: =ROUND(IFERROR(Q15/_xlfn.XLOOKUP(Z$7,'Product Tgt'!$B:$B,'Product Tgt'!$D:$D),0),0) -> 0 | AA15: =ROUND(IFERROR(R15/_xlfn.XLOOKUP(AA$7,'Product Tgt'!$B:$B,'Product Tgt'!$D:$D),0),0) -> 0 | AB15: =ROUND(IFERROR(U15/_xlfn.XLOOKUP(AB$7,'Product Tgt'!$B:$B,'Product Tgt'!$D:$D),0),0) -> 0 | AC15: =ROUND(IFERROR(V15/_xlfn.XLOOKUP(AC$7,'Product Tgt'!$B:$B,'Product Tgt'!$D:$D),0),0) -> 0 | AD15: =ROUND(IFERROR(W15/_xlfn.XLOOKUP(AD$7,'Product Tgt'!$B:$B,'Product Tgt'!$D:$D),0),0) -> 0 | AE15: =ROUND(IFERROR(X15/_xlfn.XLOOKUP(AE$7,'Product Tgt'!$B:$B,'Product Tgt'!$D:$D),0),0) -> 0 | AF15: =ROUND(IFERROR(Y15/_xlfn.XLOOKUP(AF$7,'Product Tgt'!$B:$B,'Product Tgt'!$D:$D),0),0) -> 0 | AG15: =IFERROR(Z15*_xlfn.XLOOKUP(AG$7,'Product Tgt'!$B:$B,'Product Tgt'!$D:$D),0) -> 0 | AH15: =IFERROR(AA15*_xlfn.XLOOKUP(AH$7,'Product Tgt'!$B:$B,'Product Tgt'!$D:$D),0) -> 0 | AI15: =IFERROR(AB15*_xlfn.XLOOKUP(AI$7,'Product Tgt'!$B:$B,'Product Tgt'!$D:$D),0) -> 0 | AJ15: =IFERROR(AC15*_xlfn.XLOOKUP(AJ$7,'Product Tgt'!$B:$B,'Product Tgt'!$D:$D),0) -> 0 | AK15: =IFERROR(AD15*_xlfn.XLOOKUP(AK$7,'Product Tgt'!$B:$B,'Product Tgt'!$D:$D),0) -> 0 | AL15: =IFERROR(AE15*_xlfn.XLOOKUP(AL$7,'Product Tgt'!$B:$B,'Product Tgt'!$D:$D),0) -> 0 | AM15: =IFERROR(AF15*_xlfn.XLOOKUP(AM$7,'Product Tgt'!$B:$B,'Product Tgt'!$D:$D),0) -> 0
A16: SYI Dhaka South | B16: SYI-BSLA-BSL2 | C16: =_xlfn.XLOOKUP($B16,'Terr Target'!$A:$A,'Terr Target'!$E:$E) -> 536347.88 | D16: =SUM(Q16:Y16) -> 536348 | E16: =D16-C16 -> 0.11938107 | F16: =ABS(E16)/D16 -> 2.2258136e-07 | G16: =1-E16/D16 -> 0.99999978 | H16: 6095.9763 | I16: 4253.9528 | J16: 97609.235 | K16: 25256.685 | L16: 283010.76 | M16: 108000.18 | N16: 27616.24 | O16: 6782.8957 | P16: 34596.45 | Q16: =IFERROR(ROUND(_xlfn.XLOOKUP(Q$7,'Product Tgt'!$B:$B,'Product Tgt'!$G:$G)*H16/H$95,0),0) -> 5475 | R16: =IFERROR(ROUND(_xlfn.XLOOKUP(R$7,'Product Tgt'!$B:$B,'Product Tgt'!$G:$G)*I16/I$95,0),0) -> 3827 | S16: =IFERROR(ROUND(_xlfn.XLOOKUP(S$7,'Product Tgt'!$B:$B,'Product Tgt'!$G:$G)*J16/J$95,0),0) -> 87869 | T16: =IFERROR(ROUND(_xlfn.XLOOKUP(T$7,'Product Tgt'!$B:$B,'Product Tgt'!$G:$G)*K16/K$95,0),0) -> 22752 | U16: =IFERROR(ROUND(_xlfn.XLOOKUP(U$7,'Product Tgt'!$B:$B,'Product Tgt'!$G:$G)*L16/L$95,0),0) -> 254759 | V16: =IFERROR(ROUND(_xlfn.XLOOKUP(V$7,'Product Tgt'!$B:$B,'Product Tgt'!$G:$G)*M16/M$95,0),0) -> 97206 | W16: =IFERROR(ROUND(_xlfn.XLOOKUP(W$7,'Product Tgt'!$B:$B,'Product Tgt'!$G:$G)*N16/N$95,0),0) -> 26729 | X16: =IFERROR(ROUND(_xlfn.XLOOKUP(X$7,'Product Tgt'!$B:$B,'Product Tgt'!$G:$G)*O16/O$95,0),0) -> 6562 | Y16: =IFERROR(ROUND(_xlfn.XLOOKUP(Y$7,'Product Tgt'!$B:$B,'Product Tgt'!$G:$G)*P16/P$95,0),0) -> 31169 | Z16: =ROUND(IFERROR(Q16/_xlfn.XLOOKUP(Z$7,'Product Tgt'!$B:$B,'Product Tgt'!$D:$D),0),0) -> 0 | AA16: =ROUND(IFERROR(R16/_xlfn.XLOOKUP(AA$7,'Product Tgt'!$B:$B,'Product Tgt'!$D:$D),0),0) -> 0 | AB16: =ROUND(IFERROR(U16/_xlfn.XLOOKUP(AB$7,'Product Tgt'!$B:$B,'Product Tgt'!$D:$D),0),0) -> 0 | AC16: =ROUND(IFERROR(V16/_xlfn.XLOOKUP(AC$7,'Product Tgt'!$B:$B,'Product Tgt'!$D:$D),0),0) -> 0 | AD16: =ROUND(IFERROR(W16/_xlfn.XLOOKUP(AD$7,'Product Tgt'!$B:$B,'Product Tgt'!$D:$D),0),0) -> 0 | AE16: =ROUND(IFERROR(X16/_xlfn.XLOOKUP(AE$7,'Product Tgt'!$B:$B,'Product Tgt'!$D:$D),0),0) -> 0 | AF16: =ROUND(IFERROR(Y16/_xlfn.XLOOKUP(AF$7,'Product Tgt'!$B:$B,'Product Tgt'!$D:$D),0),0) -> 0 | AG16: =IFERROR(Z16*_xlfn.XLOOKUP(AG$7,'Product Tgt'!$B:$B,'Product Tgt'!$D:$D),0) -> 0 | AH16: =IFERROR(AA16*_xlfn.XLOOKUP(AH$7,'Product Tgt'!$B:$B,'Product Tgt'!$D:$D),0) -> 0 | AI16: =IFERROR(AB16*_xlfn.XLOOKUP(AI$7,'Product Tgt'!$B:$B,'Product Tgt'!$D:$D),0) -> 0 | AJ16: =IFERROR(AC16*_xlfn.XLOOKUP(AJ$7,'Product Tgt'!$B:$B,'Product Tgt'!$D:$D),0) -> 0 | AK16: =IFERROR(AD16*_xlfn.XLOOKUP(AK$7,'Product Tgt'!$B:$B,'Product Tgt'!$D:$D),0) -> 0 | AL16: =IFERROR(AE16*_xlfn.XLOOKUP(AL$7,'Product Tgt'!$B:$B,'Product Tgt'!$D:$D),0) -> 0 | AM16: =IFERROR(AF16*_xlfn.XLOOKUP(AM$7,'Product Tgt'!$B:$B,'Product Tgt'!$D:$D),0) -> 0
A17: SYI Dhaka South | B17: SYI-BSLA-PAT1 | C17: =_xlfn.XLOOKUP($B17,'Terr Target'!$A:$A,'Terr Target'!$E:$E) -> 307113.1 | D17: =SUM(Q17:Y17) -> 307111 | E17: =D17-C17 -> -2.0979481 | F17: =ABS(E17)/D17 -> 6.8312374e-06 | G17: =1-E17/D17 -> 1.0000068 | H17: 4691.3314 | I17: 6421.6915 | J17: 41249.192 | K17: 14118.124 | L17: 170502.71 | M17: 74447.078 | N17: 9265.0531 | O17: 2200.1381 | P17: 17409.795 | Q17: =IFERROR(ROUND(_xlfn.XLOOKUP(Q$7,'Product Tgt'!$B:$B,'Product Tgt'!$G:$G)*H17/H$95,0),0) -> 4214 | R17: =IFERROR(ROUND(_xlfn.XLOOKUP(R$7,'Product Tgt'!$B:$B,'Product Tgt'!$G:$G)*I17/I$95,0),0) -> 5777 | S17: =IFERROR(ROUND(_xlfn.XLOOKUP(S$7,'Product Tgt'!$B:$B,'Product Tgt'!$G:$G)*J17/J$95,0),0) -> 37133 | T17: =IFERROR(ROUND(_xlfn.XLOOKUP(T$7,'Product Tgt'!$B:$B,'Product Tgt'!$G:$G)*K17/K$95,0),0) -> 12718 | U17: =IFERROR(ROUND(_xlfn.XLOOKUP(U$7,'Product Tgt'!$B:$B,'Product Tgt'!$G:$G)*L17/L$95,0),0) -> 153482 | V17: =IFERROR(ROUND(_xlfn.XLOOKUP(V$7,'Product Tgt'!$B:$B,'Product Tgt'!$G:$G)*M17/M$95,0),0) -> 67006 | W17: =IFERROR(ROUND(_xlfn.XLOOKUP(W$7,'Product Tgt'!$B:$B,'Product Tgt'!$G:$G)*N17/N$95,0),0) -> 8967 | X17: =IFERROR(ROUND(_xlfn.XLOOKUP(X$7,'Product Tgt'!$B:$B,'Product Tgt'!$G:$G)*O17/O$95,0),0) -> 2129 | Y17: =IFERROR(ROUND(_xlfn.XLOOKUP(Y$7,'Product Tgt'!$B:$B,'Product Tgt'!$G:$G)*P17/P$95,0),0) -> 15685 | Z17: =ROUND(IFERROR(Q17/_xlfn.XLOOKUP(Z$7,'Product Tgt'!$B:$B,'Product Tgt'!$D:$D),0),0) -> 0 | AA17: =ROUND(IFERROR(R17/_xlfn.XLOOKUP(AA$7,'Product Tgt'!$B:$B,'Product Tgt'!$D:$D),0),0) -> 0 | AB17: =ROUND(IFERROR(U17/_xlfn.XLOOKUP(AB$7,'Product Tgt'!$B:$B,'Product Tgt'!$D:$D),0),0) -> 0 | AC17: =ROUND(IFERROR(V17/_xlfn.XLOOKUP(AC$7,'Product Tgt'!$B:$B,'Product Tgt'!$D:$D),0),0) -> 0 | AD17: =ROUND(IFERROR(W17/_xlfn.XLOOKUP(AD$7,'Product Tgt'!$B:$B,'Product Tgt'!$D:$D),0),0) -> 0 | AE17: =ROUND(IFERROR(X17/_xlfn.XLOOKUP(AE$7,'Product Tgt'!$B:$B,'Product Tgt'!$D:$D),0),0) -> 0 | AF17: =ROUND(IFERROR(Y17/_xlfn.XLOOKUP(AF$7,'Product Tgt'!$B:$B,'Product Tgt'!$D:$D),0),0) -> 0 | AG17: =IFERROR(Z17*_xlfn.XLOOKUP(AG$7,'Product Tgt'!$B:$B,'Product Tgt'!$D:$D),0) -> 0 | AH17: =IFERROR(AA17*_xlfn.XLOOKUP(AH$7,'Product Tgt'!$B:$B,'Product Tgt'!$D:$D),0) -> 0 | AI17: =IFERROR(AB17*_xlfn.XLOOKUP(AI$7,'Product Tgt'!$B:$B,'Product Tgt'!$D:$D),0) -> 0 | AJ17: =IFERROR(AC17*_xlfn.XLOOKUP(AJ$7,'Product Tgt'!$B:$B,'Product Tgt'!$D:$D),0) -> 0 | AK17: =IFERROR(AD17*_xlfn.XLOOKUP(AK$7,'Product Tgt'!$B:$B,'Product Tgt'!$D:$D),0) -> 0 | AL17: =IFERROR(AE17*_xlfn.XLOOKUP(AL$7,'Product Tgt'!$B:$B,'Product Tgt'!$D:$D),0) -> 0 | AM17: =IFERROR(AF17*_xlfn.XLOOKUP(AM$7,'Product Tgt'!$B:$B,'Product Tgt'!$D:$D),0) -> 0
A18: SYI Dhaka North | B18: SYI-BSMA-BMC1 | C18: =_xlfn.XLOOKUP($B18,'Terr Target'!$A:$A,'Terr Target'!$E:$E) -> 865023.63 | D18: =SUM(Q18:Y18) -> 865025 | E18: =D18-C18 -> 1.3684906 | F18: =ABS(E18)/D18 -> 1.5820243e-06 | G18: =1-E18/D18 -> 0.99999842 | H18: 5682.2539 | I18: 5412.4414 | J18: 100907.62 | K18: 41416.403 | L18: 415380.9 | M18: 281922.7 | N18: 37455.531 | O18: 7939.5417 | P18: 61392.522 | Q18: =IFERROR(ROUND(_xlfn.XLOOKUP(Q$7,'Product Tgt'!$B:$B,'Product Tgt'!$G:$G)*H18/H$95,0),0) -> 5104 | R18: =IFERROR(ROUND(_xlfn.XLOOKUP(R$7,'Product Tgt'!$B:$B,'Product Tgt'!$G:$G)*I18/I$95,0),0) -> 4869 | S18: =IFERROR(ROUND(_xlfn.XLOOKUP(S$7,'Product Tgt'!$B:$B,'Product Tgt'!$G:$G)*J18/J$95,0),0) -> 90838 | T18: =IFERROR(ROUND(_xlfn.XLOOKUP(T$7,'Product Tgt'!$B:$B,'Product Tgt'!$G:$G)*K18/K$95,0),0) -> 37310 | U18: =IFERROR(ROUND(_xlfn.XLOOKUP(U$7,'Product Tgt'!$B:$B,'Product Tgt'!$G:$G)*L18/L$95,0),0) -> 373915 | V18: =IFERROR(ROUND(_xlfn.XLOOKUP(V$7,'Product Tgt'!$B:$B,'Product Tgt'!$G:$G)*M18/M$95,0),0) -> 253745 | W18: =IFERROR(ROUND(_xlfn.XLOOKUP(W$7,'Product Tgt'!$B:$B,'Product Tgt'!$G:$G)*N18/N$95,0),0) -> 36252 | X18: =IFERROR(ROUND(_xlfn.XLOOKUP(X$7,'Product Tgt'!$B:$B,'Product Tgt'!$G:$G)*O18/O$95,0),0) -> 7682 | Y18: =IFERROR(ROUND(_xlfn.XLOOKUP(Y$7,'Product Tgt'!$B:$B,'Product Tgt'!$G:$G)*P18/P$95,0),0) -> 55310 | Z18: =ROUND(IFERROR(Q18/_xlfn.XLOOKUP(Z$7,'Product Tgt'!$B:$B,'Product Tgt'!$D:$D),0),0) -> 0 | AA18: =ROUND(IFERROR(R18/_xlfn.XLOOKUP(AA$7,'Product Tgt'!$B:$B,'Product Tgt'!$D:$D),0),0) -> 0 | AB18: =ROUND(IFERROR(U18/_xlfn.XLOOKUP(AB$7,'Product Tgt'!$B:$B,'Product Tgt'!$D:$D),0),0) -> 0 | AC18: =ROUND(IFERROR(V18/_xlfn.XLOOKUP(AC$7,'Product Tgt'!$B:$B,'Product Tgt'!$D:$D),0),0) -> 0 | AD18: =ROUND(IFERROR(W18/_xlfn.XLOOKUP(AD$7,'Product Tgt'!$B:$B,'Product Tgt'!$D:$D),0),0) -> 0 | AE18: =ROUND(IFERROR(X18/_xlfn.XLOOKUP(AE$7,'Product Tgt'!$B:$B,'Product Tgt'!$D:$D),0),0) -> 0 | AF18: =ROUND(IFERROR(Y18/_xlfn.XLOOKUP(AF$7,'Product Tgt'!$B:$B,'Product Tgt'!$D:$D),0),0) -> 0 | AG18: =IFERROR(Z18*_xlfn.XLOOKUP(AG$7,'Product Tgt'!$B:$B,'Product Tgt'!$D:$D),0) -> 0 | AH18: =IFERROR(AA18*_xlfn.XLOOKUP(AH$7,'Product Tgt'!$B:$B,'Product Tgt'!$D:$D),0) -> 0 | AI18: =IFERROR(AB18*_xlfn.XLOOKUP(AI$7,'Product Tgt'!$B:$B,'Product Tgt'!$D:$D),0) -> 0 | AJ18: =IFERROR(AC18*_xlfn.XLOOKUP(AJ$7,'Product Tgt'!$B:$B,'Product Tgt'!$D:$D),0) -> 0 | AK18: =IFERROR(AD18*_xlfn.XLOOKUP(AK$7,'Product Tgt'!$B:$B,'Product Tgt'!$D:$D),0) -> 0 | AL18: =IFERROR(AE18*_xlfn.XLOOKUP(AL$7,'Product Tgt'!$B:$B,'Product Tgt'!$D:$D),0) -> 0 | AM18: =IFERROR(AF18*_xlfn.XLOOKUP(AM$7,'Product Tgt'!$B:$B,'Product Tgt'!$D:$D),0) -> 0
A19: SYI Dhaka North | B19: SYI-BSMA-BSM1 | C19: =_xlfn.XLOOKUP($B19,'Terr Target'!$A:$A,'Terr Target'!$E:$E) -> 704592.28 | D19: =SUM(Q19:Y19) -> 704599 | E19: =D19-C19 -> 6.7154692 | F19: =ABS(E19)/D19 -> 9.5309093e-06 | G19: =1-E19/D19 -> 0.99999047 | H19: 10399.087 | I19: 7377.3002 | J19: 68784.027 | K19: 35022.759 | L19: 317407.48 | M19: 215908.86 | N19: 42834.066 | O19: 9153.0046 | P19: 71911.991 | Q19: =IFERROR(ROUND(_xlfn.XLOOKUP(Q$7,'Product Tgt'!$B:$B,'Product Tgt'!$G:$G)*H19/H$95,0),0) -> 9340 | R19: =IFERROR(ROUND(_xlfn.XLOOKUP(R$7,'Product Tgt'!$B:$B,'Product Tgt'!$G:$G)*I19/I$95,0),0) -> 6636 | S19: =IFERROR(ROUND(_xlfn.XLOOKUP(S$7,'Product Tgt'!$B:$B,'Product Tgt'!$G:$G)*J19/J$95,0),0) -> 61920 | T19: =IFERROR(ROUND(_xlfn.XLOOKUP(T$7,'Product Tgt'!$B:$B,'Product Tgt'!$G:$G)*K19/K$95,0),0) -> 31550 | U19: =IFERROR(ROUND(_xlfn.XLOOKUP(U$7,'Product Tgt'!$B:$B,'Product Tgt'!$G:$G)*L19/L$95,0),0) -> 285722 | V19: =IFERROR(ROUND(_xlfn.XLOOKUP(V$7,'Product Tgt'!$B:$B,'Product Tgt'!$G:$G)*M19/M$95,0),0) -> 194329 | W19: =IFERROR(ROUND(_xlfn.XLOOKUP(W$7,'Product Tgt'!$B:$B,'Product Tgt'!$G:$G)*N19/N$95,0),0) -> 41458 | X19: =IFERROR(ROUND(_xlfn.XLOOKUP(X$7,'Product Tgt'!$B:$B,'Product Tgt'!$G:$G)*O19/O$95,0),0) -> 8856 | Y19: =IFERROR(ROUND(_xlfn.XLOOKUP(Y$7,'Product Tgt'!$B:$B,'Product Tgt'!$G:$G)*P19/P$95,0),0) -> 64788 | Z19: =ROUND(IFERROR(Q19/_xlfn.XLOOKUP(Z$7,'Product Tgt'!$B:$B,'Product Tgt'!$D:$D),0),0) -> 0 | AA19: =ROUND(IFERROR(R19/_xlfn.XLOOKUP(AA$7,'Product Tgt'!$B:$B,'Product Tgt'!$D:$D),0),0) -> 0 | AB19: =ROUND(IFERROR(U19/_xlfn.XLOOKUP(AB$7,'Product Tgt'!$B:$B,'Product Tgt'!$D:$D),0),0) -> 0 | AC19: =ROUND(IFERROR(V19/_xlfn.XLOOKUP(AC$7,'Product Tgt'!$B:$B,'Product Tgt'!$D:$D),0),0) -> 0 | AD19: =ROUND(IFERROR(W19/_xlfn.XLOOKUP(AD$7,'Product Tgt'!$B:$B,'Product Tgt'!$D:$D),0),0) -> 0 | AE19: =ROUND(IFERROR(X19/_xlfn.XLOOKUP(AE$7,'Product Tgt'!$B:$B,'Product Tgt'!$D:$D),0),0) -> 0 | AF19: =ROUND(IFERROR(Y19/_xlfn.XLOOKUP(AF$7,'Product Tgt'!$B:$B,'Product Tgt'!$D:$D),0),0) -> 0 | AG19: =IFERROR(Z19*_xlfn.XLOOKUP(AG$7,'Product Tgt'!$B:$B,'Product Tgt'!$D:$D),0) -> 0 | AH19: =IFERROR(AA19*_xlfn.XLOOKUP(AH$7,'Product Tgt'!$B:$B,'Product Tgt'!$D:$D),0) -> 0 | AI19: =IFERROR(AB19*_xlfn.XLOOKUP(AI$7,'Product Tgt'!$B:$B,'Product Tgt'!$D:$D),0) -> 0 | AJ19: =IFERROR(AC19*_xlfn.XLOOKUP(AJ$7,'Product Tgt'!$B:$B,'Product Tgt'!$D:$D),0) -> 0 | AK19: =IFERROR(AD19*_xlfn.XLOOKUP(AK$7,'Product Tgt'!$B:$B,'Product Tgt'!$D:$D),0) -> 0 | AL19: =IFERROR(AE19*_xlfn.XLOOKUP(AL$7,'Product Tgt'!$B:$B,'Product Tgt'!$D:$D),0) -> 0 | AM19: =IFERROR(AF19*_xlfn.XLOOKUP(AM$7,'Product Tgt'!$B:$B,'Product Tgt'!$D:$D),0) -> 0
... A94: SYI Dhaka North | B94: SYI-UTTA-UTT4 | C94: =_xlfn.XLOOKUP($B94,'Terr Target'!$A:$A,'Terr Target'!$E:$E) -> 462304.85 | D94: =SUM(Q94:Y94) -> 462305 | E94: =D94-C94 -> 0.14657286 | F94: =ABS(E94)/D94 -> 3.1704797e-07 | G94: =1-E94/D94 -> 0.99999968 | H94: 3604.4303 | I94: 5285.4403 | J94: 27733.43 | K94: 14204.081 | L94: 261863.02 | M94: 133284.72 | N94: 25581.954 | O94: 7592.2101 | P94: 31924.753 | Q94: =IFERROR(ROUND(_xlfn.XLOOKUP(Q$7,'Product Tgt'!$B:$B,'Product Tgt'!$G:$G)*H94/H$95,0),0) -> 3237 | R94: =IFERROR(ROUND(_xlfn.XLOOKUP(R$7,'Product Tgt'!$B:$B,'Product Tgt'!$G:$G)*I94/I$95,0),0) -> 4754 | S94: =IFERROR(ROUND(_xlfn.XLOOKUP(S$7,'Product Tgt'!$B:$B,'Product Tgt'!$G:$G)*J94/J$95,0),0) -> 24966 | T94: =IFERROR(ROUND(_xlfn.XLOOKUP(T$7,'Product Tgt'!$B:$B,'Product Tgt'!$G:$G)*K94/K$95,0),0) -> 12796 | U94: =IFERROR(ROUND(_xlfn.XLOOKUP(U$7,'Product Tgt'!$B:$B,'Product Tgt'!$G:$G)*L94/L$95,0),0) -> 235722 | V94: =IFERROR(ROUND(_xlfn.XLOOKUP(V$7,'Product Tgt'!$B:$B,'Product Tgt'!$G:$G)*M94/M$95,0),0) -> 119963 | W94: =IFERROR(ROUND(_xlfn.XLOOKUP(W$7,'Product Tgt'!$B:$B,'Product Tgt'!$G:$G)*N94/N$95,0),0) -> 24760 | X94: =IFERROR(ROUND(_xlfn.XLOOKUP(X$7,'Product Tgt'!$B:$B,'Product Tgt'!$G:$G)*O94/O$95,0),0) -> 7345 | Y94: =IFERROR(ROUND(_xlfn.XLOOKUP(Y$7,'Product Tgt'!$B:$B,'Product Tgt'!$G:$G)*P94/P$95,0),0) -> 28762 | Z94: =ROUND(IFERROR(Q94/_xlfn.XLOOKUP(Z$7,'Product Tgt'!$B:$B,'Product Tgt'!$D:$D),0),0) -> 0 | AA94: =ROUND(IFERROR(R94/_xlfn.XLOOKUP(AA$7,'Product Tgt'!$B:$B,'Product Tgt'!$D:$D),0),0) -> 0 | AB94: =ROUND(IFERROR(U94/_xlfn.XLOOKUP(AB$7,'Product Tgt'!$B:$B,'Product Tgt'!$D:$D),0),0) -> 0 | AC94: =ROUND(IFERROR(V94/_xlfn.XLOOKUP(AC$7,'Product Tgt'!$B:$B,'Product Tgt'!$D:$D),0),0) -> 0 | AD94: =ROUND(IFERROR(W94/_xlfn.XLOOKUP(AD$7,'Product Tgt'!$B:$B,'Product Tgt'!$D:$D),0),0) -> 0 | AE94: =ROUND(IFERROR(X94/_xlfn.XLOOKUP(AE$7,'Product Tgt'!$B:$B,'Product Tgt'!$D:$D),0),0) -> 0 | AF94: =ROUND(IFERROR(Y94/_xlfn.XLOOKUP(AF$7,'Product Tgt'!$B:$B,'Product Tgt'!$D:$D),0),0) -> 0 | AG94: =IFERROR(Z94*_xlfn.XLOOKUP(AG$7,'Product Tgt'!$B:$B,'Product Tgt'!$D:$D),0) -> 0 | AH94: =IFERROR(AA94*_xlfn.XLOOKUP(AH$7,'Product Tgt'!$B:$B,'Product Tgt'!$D:$D),0) -> 0 | AI94: =IFERROR(AB94*_xlfn.XLOOKUP(AI$7,'Product Tgt'!$B:$B,'Product Tgt'!$D:$D),0) -> 0 | AJ94: =IFERROR(AC94*_xlfn.XLOOKUP(AJ$7,'Product Tgt'!$B:$B,'Product Tgt'!$D:$D),0) -> 0 | AK94: =IFERROR(AD94*_xlfn.XLOOKUP(AK$7,'Product Tgt'!$B:$B,'Product Tgt'!$D:$D),0) -> 0 | AL94: =IFERROR(AE94*_xlfn.XLOOKUP(AL$7,'Product Tgt'!$B:$B,'Product Tgt'!$D:$D),0) -> 0 | AM94: =IFERROR(AF94*_xlfn.XLOOKUP(AM$7,'Product Tgt'!$B:$B,'Product Tgt'!$D:$D),0) -> 0
C95: =SUM(C8:C94) -> 56069473 | D95: =SUM(D8:D94) -> 56069474 | E95: =SUM(E8:E94) -> 0.91 | F95: =ABS(E95)/C95 -> 1.6229865e-08 | H95: =SUM(H8:H94) -> 535404.46 | I95: =SUM(I8:I94) -> 605215.03 | J95: =SUM(J8:J94) -> 5793937 | K95: =SUM(K8:K94) -> 2604195.1 | L95: =SUM(L8:L94) -> 28632605 | M95: =SUM(M8:M94) -> 16947206 | N95: =SUM(N8:N94) -> 2533782.4 | O95: =SUM(O8:O94) -> 674056.66 | P95: =SUM(P8:P94) -> 3718630.3

Sheet Product Tgt
A1: Family | B1: Product Id | C1: Product Name | D1: TP | E1: Group | F1: Sales Line | G1: Jan'26 | H1: Qty
A2: ALLSTAR | B2: 682 | C2: Allstar Insulin Pen 1PC | D2: 1095.41 | E2: INS | F2: INSYN | G2: 480884.99 | H2: =G2/D2 -> 439
A3: ALLSTAR | B3: 683 | C3: ALLSTAR Insulin Pen 1PC (Teal Col) | D3: 1095.41 | E3: INS | F3: INSYN | G3: 544418.77 | H3: =G3/D3 -> 497
A4: Apidra Crt | B4: 684 | C4: APIDRA 3ml inj Crt 5?s | D4: 4202.87 | E4: INS | F4: INSYN | G4: 5215761.7 | H4: =G4/D4 -> 1241
A5: Apidra Solo | B5: 686 | C5: APIDRA SoloStar 3ml Inj 5 Pen | D5: 6222.78 | E5: INS | F5: INSYN | G5: 2345988.1 | H5: =G5/D5 -> 377
A6: Lantus Crt | B6: 708 | C6: Lantus 3ml Inj Crt 5's | D6: 4364.83 | E6: INS | F6: INSYN | G6: 25774321 | H6: =G6/D6 -> 5905
A7: Lantus Solo | B7: 710 | C7: Lantus SoloStar 3ml Inj 5 Pen | D7: 6889.5 | E7: INS | F7: INSYN | G7: 15253353 | H7: =G7/D7 -> 2214
A8: Toujeo | B8: 750 | C8: TOUJEO 1.5 ml SoloStar injection 3?1.5 ml Prefilled Pen | D8: 6147.21 | E8: INS | F8: INSYN | G8: 3350229.5 | H8: =G8/D8 -> 545
A9: Mounvia | B9: 809 | C9: Mounvia 2.5 | D9: 1499 | E9: INS | F9: INSYN | G9: 2452364 | H9: =G9/D9 -> 1636
A10: Mounvia | B10: 810 | C10: Mounvia 5 | D10: 1874 | E10: INS | F10: INSYN | G10: 652152 | H10: =G10/D10 -> 348
A11: Mounvia | B11: 811 | C11: Mounvia 7.5 | D11: 2324 | E11: INS | F11: INSYN | G11: 0
G12: =SUM(G2:G11) -> 56069473
G13: ='Terr Target'!E89 -> 56069473

Sheet Terr Target
A1: Territory | B1: Team | C1: Region | D1: Sales line | E1: Current Mnth Target
A2: SYI-CTGA-CGH1 | B2: SYI-CTGA | C2: SYI Cumilla | D2: Insyn | E2: 406626.82
A3: SYI-CTGA-CMC1 | B3: SYI-CTGA | C3: SYI Cumilla | D3: Insyn | E3: 585992.6
A4: SYI-CTGA-KDB1 | B4: SYI-CTGA | C4: SYI Cumilla | D4: Insyn | E4: 382076.64
A5: SYI-CTGB-CMC2 | B5: SYI-CTGB | C5: SYI Cumilla | D5: Insyn | E5: 451889.53
A6: SYI-CTGB-COX1 | B6: SYI-CTGB | C6: SYI Cumilla | D6: Insyn | E6: 208105.81
A7: SYI-CTGB-HAL1 | B7: SYI-CTGB | C7: SYI Cumilla | D7: Insyn | E7: 394466.78
A8: SYI-CUMA-CUM1 | B8: SYI-CUMA | C8: SYI Cumilla | D8: Insyn | E8: 362897.14
A9: SYI-CUMA-CUM2 | B9: SYI-CUMA | C9: SYI Cumilla | D9: Insyn | E9: 424105.48
A10: SYI-CUMA-CUM3 | B10: SYI-CUMA | C10: SYI Cumilla | D10: Insyn | E10: 432825.35
A11: SYI-CUMA-CUM4 | B11: SYI-CUMA | C11: SYI Cumilla | D11: Insyn | E11: 425619.47
A12: SYI-NKLA-CHD1 | B12: SYI-NKLA | C12: SYI Cumilla | D12: Insyn | E12: 522485.88
A13: SYI-NKLA-FEN1 | B13: SYI-NKLA | C13: SYI Cumilla | D13: Insyn | E13: 719071.52
... A88: SYI-SSMA-WAR1 | B88: SYI-SSMA | C88: SYI Dhaka South | D88: Insyn | E88: 750709.16
E89: =SUM(E2:E88) -> 56069473
E186: =SUM(E2:E185) -> 1.1213895e+08

Sheet SYD_SORT
B1: ALLSTAR Insulin Pen 1PC (Purple) | C1: ALLSTAR Insulin Pen 1PC (Teal) | D1: APIDRA 3ml inj Crt 5's | E1: APIDRA SoloStar 3ml Inj 5 Pen | F1: INSUMAN Comb 3ml Crt 5's | G1: LANTUS 3ml Inj Crt 5's | H1: LANTUS SoloStar 3ml Inj 5 Pen | I1: Mounvia 2.5 mg Inj. | J1: Mounvia 5 mg Inj. | K1: Mounvia 7.5 mg Inj. | L1: TOUJEO SoloStar 1.5ml Inj 3's Pen
A2: Row Labels | B2: 682 | C2: 683 | D2: 684 | E2: 686 | F2: 704 | G2: 708 | H2: 710 | I2: 809 | J2: 810 | K2: 811 | L2: 750
A3: SYI-BIRA-BIR1 | B3: 12080.987 | C3: 9130.5447 | D3: 81906.568 | E3: 45559.292 | F3: 0 | G3: 447665.95 | H3: 304106.15 | I3: 30671.49 | J3: 6350.5114 | K3: 0 | L3: 88098.921
A4: SYI-BIRA-BIR2 | B4: 8988.0747 | C4: 5918.534 | D4: 42832.528 | E4: 18752.012 | F4: 0 | G4: 268024.54 | H4: 188854.8 | I4: 34504.474 | J4: 8192.5319 | K4: 0 | L4: 61053.95
A5: SYI-BIRA-BIR3 | B5: 12007.71 | C5: 10442.265 | D5: 89512.738 | E5: 62437.275 | F5: 0 | G5: 424375.79 | H5: 344318.91 | I5: 33892.532 | J5: 6352.3826 | K5: 0 | L5: 78337.512
A6: SYI-BIRA-LAB1 | B6: 10664.422 | C6: 8873.5025 | D6: 81248.617 | E6: 41959.812 | F6: 0 | G6: 366931.99 | H6: 305081.92 | I6: 29230.291 | J6: 6245.7728 | K6: 0 | L6: 81150.923
A7: SYI-BOGA-BOG1 | B7: 7327.8059 | C7: 7567.0944 | D7: 98621.571 | E7: 28068.832 | F7: 0 | G7: 352103.27 | H7: 164234.83 | I7: 30776.24 | J7: 8768.5949 | K7: 0 | L7: 35750.106
A8: SYI-BOGA-BOG2 | B8: 6422.1993 | C8: 9706.7627 | D8: 82945.821 | E8: 36728.111 | F8: 0 | G8: 399476.7 | H8: 203504.45 | I8: 31639.839 | J8: 7512.5867 | K8: 0 | L8: 43299.95
A9: SYI-BOGA-BOG3 | B9: 12129.91 | C9: 9356.99 | D9: 92158.01 | E9: 33299.34 | F9: 0 | G9: 363029.89 | H9: 181384 | I9: 25789.2 | J9: 6560.15 | K9: 0 | L9: 39782.9
A10: SYI-BSLA-BSL1 | B10: 4626.03 | C10: 3682 | D10: 91912.98 | E10: 29098.96 | F10: 0 | G10: 249747.72 | H10: 118433.26 | I10: 27001.49 | J10: 7693.2 | K10: 0 | L10: 30359.23
A11: SYI-BSLA-BSL2 | B11: 6098.91 | C11: 4256 | D11: 97656.21 | E11: 25268.84 | F11: 0 | G11: 283146.96 | H11: 108052.16 | I11: 27629.53 | J11: 6786.16 | K11: 0 | L11: 34613.1
A12: SYI-BSLA-PAT1 | B12: 4684.96 | C12: 6412.97 | D12: 41193.17 | E12: 14098.95 | F12: 0 | G12: 170271.15 | H12: 74345.97 | I12: 9252.47 | J12: 2197.15 | K12: 0 | L12: 17386.15
A13: SYI-BSMA-BMC1 | B13: 5680.4827 | C13: 5410.7543 | D13: 100876.17 | E13: 41403.493 | F13: 0 | G13: 415251.42 | H13: 281834.82 | I13: 37443.856 | J13: 7937.067 | K13: 0 | L13: 61373.386
... A89: SYI-UTTA-UTT4 | B89: 3607.9555 | C89: 5290.6096 | D89: 27760.554 | E89: 14217.973 | F89: 0 | G89: 262119.13 | H89: 133415.08 | I89: 25606.974 | J89: 7599.6355 | K89: 0 | L89: 31955.977

Sheet Output Data
A1: Attribute | B1: Territory | C1: Month | D1: Value | E1: Qty | F1: Price.1
A2: 682 | B2: SYI-BIRA-BIR1 | C2: 202602 | D2: 10863 | E2: 9.9168348 | F2: 1095.41
A3: 682 | B3: SYI-BIRA-BIR2 | C3: 202602 | D3: 8064 | E3: 7.3616272 | F3: 1095.41
A4: 683 | B4: SYI-BIRA-BIR1 | C4: 202602 | D4: 8223 | E4: 7.5067783 | F4: 1095.41
A5: 684 | B5: SYI-BIRA-BIR1 | C5: 202602 | D5: 73818 | E5: 17.563712 | F5: 4202.87
A6: 686 | B6: SYI-BIRA-BIR1 | C6: 202602 | D6: 41089 | E6: 6.6029974 | F6: 6222.78
A7: 708 | B7: SYI-BIRA-BIR1 | C7: 202602 | D7: 403442 | E7: 92.430175 | F7: 4364.83
A8: 710 | B8: SYI-BIRA-BIR1 | C8: 202602 | D8: 274027 | E8: 39.774585 | F8: 6889.5
A9: 809 | B9: SYI-BIRA-BIR1 | C9: 202602 | D9: 29720 | E9: 19.826551 | F9: 1499
A10: 750 | B10: SYI-BIRA-BIR1 | C10: 202602 | D10: 79463 | E10: 12.926677 | F10: 6147.21
A11: 810 | B11: SYI-BIRA-BIR1 | C11: 202602 | D11: 6151 | E11: 3.2822839 | F11: 1874
A12: 683 | B12: SYI-BIRA-BIR2 | C12: 202602 | D12: 5318 | E12: 4.8548032 | F12: 1095.41
A13: 684 | B13: SYI-BIRA-BIR2 | C13: 202602 | D13: 38514 | E13: 9.1637381 | F13: 4202.87
... A784: 750 | B784: SYI-UTTA-UTT4 | C784: 202602 | D784: 28762 | E784: 4.6788706 | F784: 6147.21

Sheet Input
A1: Territory | B1: 682 | C1: 683 | D1: 684 | E1: 686 | F1: 708 | G1: 710 | H1: 809 | I1: 810 | J1: 750
A2: SYI-BIRA-BIR1 | B2: 10863 | C2: 8223 | D2: 73818 | E2: 41089 | F2: 403442 | G2: 274027 | H2: 29720 | I2: 6151 | J2: 79463
A3: SYI-BIRA-BIR2 | B3: 8064 | C3: 5318 | D3: 38514 | E3: 16874 | F3: 240994 | G3: 169786 | H3: 33358 | I3: 7917 | J3: 54943
A4: SYI-BIRA-BIR3 | B4: 10796 | C4: 9403 | D4: 80663 | E4: 56304 | F4: 382402 | G4: 310221 | H4: 32837 | I4: 6152 | J4: 70649
A5: SYI-BIRA-LAB1 | B5: 9588 | C5: 7990 | D5: 73215 | E5: 37838 | F5: 330636 | G5: 274867 | H5: 28320 | I5: 6049 | J5: 73185
A6: SYI-BOGA-BOG1 | B6: 6581 | C6: 6806 | D6: 88766 | E6: 25282 | F6: 316904 | G6: 147796 | H6: 29783 | I6: 8482 | J6: 32203
A7: SYI-BOGA-BOG2 | B7: 5770 | C7: 8734 | D7: 74691 | E7: 33096 | F7: 359706 | G7: 183219 | H7: 30632 | I7: 7271 | J7: 39022
A8: SYI-BOGA-BOG3 | B8: 10902 | C8: 8423 | D8: 83021 | E8: 30019 | F8: 327023 | G8: 163371 | H8: 24978 | I8: 6351 | J8: 35867
A9: SYI-BSLA-BSL1 | B9: 4152 | C9: 3310 | D9: 82679 | E9: 26194 | F9: 224647 | G9: 106516 | H9: 26114 | I9: 7438 | J9: 27331
A10: SYI-BSLA-BSL2 | B10: 5475 | C10: 3827 | D10: 87869 | E10: 22752 | F10: 254759 | G10: 97206 | H10: 26729 | I10: 6562 | J10: 31169
A11: SYI-BSLA-PAT1 | B11: 4214 | C11: 5777 | D11: 37133 | E11: 12718 | F11: 153482 | G11: 67006 | H11: 8967 | I11: 2129 | J11: 15685
A12: SYI-BSMA-BMC1 | B12: 5104 | C12: 4869 | D12: 90838 | E12: 37310 | F12: 373915 | G12: 253745 | H12: 36252 | I12: 7682 | J12: 55310
A13: SYI-BSMA-BSM1 | B13: 9340 | C13: 6636 | D13: 61920 | E13: 31550 | F13: 285722 | G13: 194329 | H13: 41458 | I13: 8856 | J13: 64788
... A88: SYI-UTTA-UTT4 | B88: 3237 | C88: 4754 | D88: 24966 | E88: 12796 | F88: 235722 | G88: 119963 | H88: 24760 | I88: 7345 | J88: 28762

Sheet Price
A1: ProductId | B1: Price
A2: 682 | B2: 1095.41
A3: 683 | B3: 1095.41
A4: 684 | B4: 4202.87
A5: 686 | B5: 6222.78
A6: 708 | B6: 4364.83
A7: 710 | B7: 6889.5
A8: 750 | B8: 6147.21
A9: 809 | B9: 1499
A10: 810 | B10: 1874

Sheet Month
A1: Month
A2: 202602
