Workbook

Sheet Ter. Ratio Dev
B1: Betanol | C1: Amaryl | E1: ve | F1: -ve | AM1: =AM3-AM2 -> -0.77307813 | AN1: =AN3-AN2 -> -3.3625234 | AO1: =AO3-AO2 -> 0.15813784 | AP1: =AP3-AP2 -> -1.5265519 | AQ1: =AQ3-AQ2 -> 1.870978 | AR1: =AR3-AR2 -> -1.2512102 | AS1: =AS3-AS2 -> 2.1459793 | AT1: =AT3-AT2 -> 3.0126798 | ... BQ1: =BQ3-BQ2 -> 6.2502669
C2: =171*AP5 -> 81000.99 | E2: 1 | F2: -1 | AM2: =IFERROR(_xlfn.XLOOKUP(AM$7,'Product Tgt'!$B:$B,'Product Tgt'!$G:$G),0) -> 4840263.8 | AN2: =IFERROR(_xlfn.XLOOKUP(AN$7,'Product Tgt'!$B:$B,'Product Tgt'!$G:$G),0) -> 9670920.4 | AO2: =IFERROR(_xlfn.XLOOKUP(AO$7,'Product Tgt'!$B:$B,'Product Tgt'!$G:$G),0) -> 4688699.8 | AP2: =IFERROR(_xlfn.XLOOKUP(AP$7,'Product Tgt'!$B:$B,'Product Tgt'!$G:$G),0) -> 5233797.5 | AQ2: =IFERROR(_xlfn.XLOOKUP(AQ$7,'Product Tgt'!$B:$B,'Product Tgt'!$G:$G),0) -> 4620335.1 | AR2: =IFERROR(_xlfn.XLOOKUP(AR$7,'Product Tgt'!$B:$B,'Product Tgt'!$G:$G),0) -> 3450135.3 | AS2: =IFERROR(_xlfn.XLOOKUP(AS$7,'Product Tgt'!$B:$B,'Product Tgt'!$G:$G),0) -> 60975.854 | AT2: =IFERROR(_xlfn.XLOOKUP(AT$7,'Product Tgt'!$B:$B,'Product Tgt'!$G:$G),0) -> 452098.99 | ... BQ2: =IFERROR(_xlfn.XLOOKUP(BQ$7,'Product Tgt'!$B:$B,'Product Tgt'!$G:$G),0) -> 234173.75
B3: =171*AX5*2 -> 169207.92 | C3: =171*#REF! -> #REF! | E3: 2 | F3: -2 | AM3: =SUM(AM8:AM247) -> 4840263 | AN3: =SUM(AN8:AN247) -> 9670917 | AO3: =SUM(AO8:AO247) -> 4688700 | AP3: =SUM(AP8:AP247) -> 5233796 | AQ3: =SUM(AQ8:AQ247) -> 4620337 | AR3: =SUM(AR8:AR247) -> 3450134 | AS3: =SUM(AS8:AS247) -> 60978 | AT3: =SUM(AT8:AT247) -> 452102 | ... BQ3: =SUM(BQ8:BQ247) -> 234180
E4: Max | F4: =MAX(E8:E120) -> 8.0141641 | BR4: TGT QTY | DA4: TGT Value
C5: Territory Target | E5: Min | F5: =MIN(E8:E120) -> -11.768713 | G5: Price | H5: =_xlfn.XLOOKUP(H$7,'Product Tgt'!$B:$B,'Product Tgt'!$D:$D,0) -> 311.24 | I5: =_xlfn.XLOOKUP(I$7,'Product Tgt'!$B:$B,'Product Tgt'!$D:$D,0) -> 436.51 | J5: =_xlfn.XLOOKUP(J$7,'Product Tgt'!$B:$B,'Product Tgt'!$D:$D,0) -> 372.18 | K5: =_xlfn.XLOOKUP(K$7,'Product Tgt'!$B:$B,'Product Tgt'!$D:$D,0) -> 473.69 | L5: =_xlfn.XLOOKUP(L$7,'Product Tgt'!$B:$B,'Product Tgt'!$D:$D,0) -> 404.7 | M5: =_xlfn.XLOOKUP(M$7,'Product Tgt'!$B:$B,'Product Tgt'!$D:$D,0) -> 270 | N5: =_xlfn.XLOOKUP(N$7,'Product Tgt'!$B:$B,'Product Tgt'!$D:$D,0) -> 68 | O5: =_xlfn.XLOOKUP(O$7,'Product Tgt'!$B:$B,'Product Tgt'!$D:$D,0) -> 116 | ... EI5: =_xlfn.XLOOKUP(EI$7,'Product Tgt'!$B:$B,'Product Tgt'!$D:$D,0) -> 0
B6: Month | C6: Current Month | G6: Brand | H6: =_xlfn.XLOOKUP(H$7,'Product Tgt'!$B:$B,'Product Tgt'!$C:$C,0) -> Amaryl 1mg Tab 4x15s | I6: =_xlfn.XLOOKUP(I$7,'Product Tgt'!$B:$B,'Product Tgt'!$C:$C,0) -> Amaryl 2mg Tab 3x15s | J6: =_xlfn.XLOOKUP(J$7,'Product Tgt'!$B:$B,'Product Tgt'!$C:$C,0) -> Amaryl 3mg Tab 2x15's | K6: =_xlfn.XLOOKUP(K$7,'Product Tgt'!$B:$B,'Product Tgt'!$C:$C,0) -> Amaryl 4mg Tab 2x15's | L6: =_xlfn.XLOOKUP(L$7,'Product Tgt'!$B:$B,'Product Tgt'!$C:$C,0) -> AMARYL M 2mg Tab 3x10's | M6: =_xlfn.XLOOKUP(M$7,'Product Tgt'!$B:$B,'Product Tgt'!$C:$C,0) -> AMARYL M1 1mg Tab 3x10's | N6: =_xlfn.XLOOKUP(N$7,'Product Tgt'!$B:$B,'Product Tgt'!$C:$C,0) -> Betanol 25mg Tab 20x10's | O6: =_xlfn.XLOOKUP(O$7,'Product Tgt'!$B:$B,'Product Tgt'!$C:$C,0) -> BETANOL 50mg Tab. 5x4x10?s | ... BQ6: =_xlfn.XLOOKUP(BQ$7,'Product Tgt'!$B:$B,'Product Tgt'!$C:$C,0) -> Tritace 5mg Tab 2x14's | BR6: Amaryl 1mg Tab 4x15s | BS6: Amaryl 2mg Tab 3x15s | BT6: Amaryl 3mg Tab 2x15's | BU6: Amaryl 4mg Tab 2x15's | BV6: AMARYL M 2mg Tab 3x10's | BW6: AMARYL M1 1mg Tab 3x10's | BX6: Betanol 100mg Tab 10x10's | BY6: Betanol 25mg Tab 20x10's | BZ6: BETANOL 50mg Tab. 5x4x10?s | CA6: Copixa 2.5mg Tab 3x10's | CB6: Copixa 5mg Tab 3x10's | CC6: ERTU 15mg Tablet 2 x10s | CD6: ERTU 5mg Tablet 3 x 10s | CE6: Incrit 50mg Tab 2x10's | CF6: Incrit-M 1000mg Tab | CG6: Incrit-M 500mg Tab | CH6: Lasix 2ml Inj 5x5's Amp | CI6: Lasix 40mg Tab 10x10's | CJ6: Metsa 500mg Tab 10x10's | CK6: Metsa 850mg Tab 5x10's | CL6: METSA XR 500mg Tab | CM6: METSA XR 750mg Tab | CN6: Orva 10mg Tab 2X15's | CO6: Orva 20mg Tab 3x10's | CP6: Ovenox 20mg Inj 1 PFS | CQ6: Ovenox 40mg Inj 1 PFS | CR6: Ovenox 60mg Inj 1 PFS | CS6: Ovenox 80mg Inj 1 PFS | CT6: Rozenon 10mg Tab 3 x 10s | CU6: Rozenon 20mg Tablet 2x10?s | CV6: Rozenon 5mg Tab 3 x 10s | CW6: Sacutril 100 mg Tablet | CX6: Sacutril 50 mg Tablet | CY6: Tritace 2.5mg Tab 2x14's | CZ6: Tritace 5mg Tab 2x14's | DA6: Amaryl 1mg Tab 4x15s | DB6: Amaryl 2mg Tab 3x15s | DC6: Amaryl 3mg Tab 2x15's | DD6: Amaryl 4mg Tab 2x15's | DE6: AMARYL M 2mg Tab 3x10's | DF6: AMARYL M1 1mg Tab 3x10's | DG6: Betanol 100mg Tab 10x10's | DH6: Betanol 25mg Tab 20x10's | DI6: BETANOL 50mg Tab. 5x4x10?s | DJ6: Copixa 2.5mg Tab 3x10's | DK6: Copixa 5mg Tab 3x10's | DL6: ERTU 15mg Tablet 2 x10s | DM6: ERTU 5mg Tablet 3 x 10s | DN6: Incrit 50mg Tab 2x10's | DO6: Incrit-M 1000mg Tab | DP6: Incrit-M 500mg Tab | DQ6: Lasix 2ml Inj 5x5's Amp | DR6: Lasix 40mg Tab 10x10's | DS6: Metsa 500mg Tab 10x10's | DT6: Metsa 850mg Tab 5x10's | DU6: METSA XR 500mg Tab | DV6: METSA XR 750mg Tab | DW6: Orva 10mg Tab 2X15's | DX6: Orva 20mg Tab 3x10's | DY6: Ovenox 20mg Inj 1 PFS | DZ6: Ovenox 40mg Inj 1 PFS | EA6: Ovenox 60mg Inj 1 PFS | EB6: Ovenox 80mg Inj 1 PFS | EC6: Rozenon 10mg Tab 3 x 10s | ED6: Rozenon 20mg Tablet 2x10?s | EE6: Rozenon 5mg Tab 3 x 10s | EF6: Sacutril 100 mg Tablet | EG6: Sacutril 50 mg Tablet | EH6: Tritace 2.5mg Tab 2x14's | EI6: Tritace 5mg Tab 2x14's
A7: Region | B7: Territory | C7: Total | D7: New Terr | E7: Diff | F7: Diff% | G7: Multiplier | H7: 502 | I7: 504 | J7: 505 | K7: 506 | L7: 508 | M7: 507 | N7: 520 | O7: 521 | P7: 784 | Q7: 785 | R7: 758 | S7: 757 | T7: 580 | U7: 582 | V7: 594 | W7: 595 | X7: 603 | Y7: 606 | Z7: 772 | AA7: 615 | AB7: 617 | AC7: 751 | AD7: 752 | AE7: 753 | AF7: 754 | AG7: 614 | AH7: 797 | AI7: 613 | AJ7: 767 | AK7: 807 | AL7: 808 | AM7: 502 | AN7: 504 | AO7: 505 | AP7: 506 | AQ7: 508 | AR7: 507 | AS7: 520 | AT7: 521 | AU7: 784 | AV7: 785 | AW7: 758 | AX7: 757 | AY7: 580 | AZ7: 582 | BA7: 594 | BB7: 595 | BC7: 603 | BD7: 606 | BE7: 772 | BF7: 615 | BG7: 617 | BH7: 751 | BI7: 752 | BJ7: 753 | BK7: 754 | BL7: 614 | BM7: 797 | BN7: 613 | BO7: 767 | BP7: 807 | BQ7: 808 | BR7: 344733 | BS7: 344734 | BT7: 373068 | BU7: 373346 | BV7: 318675 | BW7: 318674 | BX7: 373380 | BY7: 320750 | BZ7: 337348 | CA7: 4011000147 | CB7: 4011000148 | CC7: 352748 | CD7: 352734 | CE7: 334747 | CF7: 337303 | CG7: 336152 | CH7: 372906 | CI7: 372970 | CJ7: 321864 | CK7: 321865 | CL7: 4011000061 | CM7: 4011000137 | CN7: 339102 | CO7: 320752 | CP7: 352336 | CQ7: 352337 | CR7: 352338 | CS7: 352339 | CT7: 348292 | CU7: 4011000159 | CV7: 348290 | CW7: 4011000131 | CX7: 4011000130 | CY7: 4011000173 | CZ7: 4011000174 | DA7: 344733 | DB7: 344734 | DC7: 373068 | DD7: 373346 | DE7: 318675 | DF7: 318674 | DG7: 373380 | DH7: 320750 | DI7: 337348 | DJ7: 4011000147 | DK7: 4011000148 | DL7: 352748 | DM7: 352734 | DN7: 334747 | DO7: 337303 | DP7: 336152 | DQ7: 372906 | DR7: 372970 | DS7: 321864 | DT7: 321865 | DU7: 4011000061 | DV7: 4011000137 | DW7: 339102 | DX7: 320752 | DY7: 352336 | DZ7: 352337 | EA7: 352338 | EB7: 352339 | EC7: 348292 | ED7: 4011000159 | EE7: 348290 | EF7: 4011000131 | EG7: 4011000130 | EH7: 373085 | EI7: 373211
B8: SYT-BBRA-BBR1 | C8: =_xlfn.XLOOKUP($B8,'Terr Target'!$A:$A,'Terr Target'!$E:$E) -> 684081.29 | D8: =SUM(AM8:BQ8) -> 684085 | E8: =D8-C8 -> 3.709616 | F8: =ABS(E8)/D8 -> 5.4227413e-06 | G8: =1-E8/D8 -> 0.99999458 | H8: 46306.769 | I8: 95978.107 | J8: 87390.402 | K8: 131836.64 | L8: 58537.745 | M8: 45716.339 | N8: 1144.9574 | O8: 8638.8152 | P8: 1931.5186 | Q8: 1279.2953 | R8: 20152.655 | S8: 35402.575 | T8: 0 | U8: 2482.794 | V8: 24178.826 | W8: 42781.117 | X8: 3136.0774 | Y8: 4025.5654 | Z8: 518.00642 | AA8: 9415.2998 | AB8: 3356.2382 | AC8: 0 | AD8: 7645.2796 | AE8: 10449.172 | AF8: 0 | AG8: 33266.959 | AH8: 2816.978 | AI8: 17513.007 | AJ8: 15307.784 | AK8: 1218.8054 | AL8: 1696.0712 | AM8: =IFERROR(ROUND(_xlfn.XLOOKUP(AM$7,'Product Tgt'!$B:$B,'Product Tgt'!$G:$G)*H8/H$121,0),0) -> 45018 | AN8: =IFERROR(ROUND(_xlfn.XLOOKUP(AN$7,'Product Tgt'!$B:$B,'Product Tgt'!$G:$G)*I8/I$121,0),0) -> 94481 | AO8: =IFERROR(ROUND(_xlfn.XLOOKUP(AO$7,'Product Tgt'!$B:$B,'Product Tgt'!$G:$G)*J8/J$121,0),0) -> 84672 | AP8: =IFERROR(ROUND(_xlfn.XLOOKUP(AP$7,'Product Tgt'!$B:$B,'Product Tgt'!$G:$G)*K8/K$121,0),0) -> 128610 | AQ8: =IFERROR(ROUND(_xlfn.XLOOKUP(AQ$7,'Product Tgt'!$B:$B,'Product Tgt'!$G:$G)*L8/L$121,0),0) -> 56602 | AR8: =IFERROR(ROUND(_xlfn.XLOOKUP(AR$7,'Product Tgt'!$B:$B,'Product Tgt'!$G:$G)*M8/M$121,0),0) -> 44290 | AS8: =IFERROR(ROUND(_xlfn.XLOOKUP(AS$7,'Product Tgt'!$B:$B,'Product Tgt'!$G:$G)*N8/N$121,0),0) -> 1058 | AT8: =IFERROR(ROUND(_xlfn.XLOOKUP(AT$7,'Product Tgt'!$B:$B,'Product Tgt'!$G:$G)*O8/O$121,0),0) -> 7776 | ... BQ8: =IFERROR(ROUND(_xlfn.XLOOKUP(BQ$7,'Product Tgt'!$B:$B,'Product Tgt'!$G:$G)*AL8/AL$121,0),0) -> 1326 | BR8: =ROUND(IFERROR(AM8/_xlfn.XLOOKUP(BR$7,'Product Tgt'!$B:$B,'Product Tgt'!$D:$D),0),0) -> 0 | BS8: =ROUND(IFERROR(AN8/_xlfn.XLOOKUP(BS$7,'Product Tgt'!$B:$B,'Product Tgt'!$D:$D),0),0) -> 0 | BT8: =ROUND(IFERROR(AO8/_xlfn.XLOOKUP(BT$7,'Product Tgt'!$B:$B,'Product Tgt'!$D:$D),0),0) -> 0 | BU8: =ROUND(IFERROR(AP8/_xlfn.XLOOKUP(BU$7,'Product Tgt'!$B:$B,'Product Tgt'!$D:$D),0),0) -> 0 | BV8: =ROUND(IFERROR(AQ8/_xlfn.XLOOKUP(BV$7,'Product Tgt'!$B:$B,'Product Tgt'!$D:$D),0),0) -> 0 | BW8: =ROUND(IFERROR(AU8/_xlfn.XLOOKUP(BW$7,'Product Tgt'!$B:$B,'Product Tgt'!$D:$D),0),0) -> 0 | BX8: =ROUND(IFERROR(#REF!/_xlfn.XLOOKUP(BX$7,'Product Tgt'!$B:$B,'Product Tgt'!$D:$D),0),0) -> 0 | BY8: =ROUND(IFERROR(#REF!/_xlfn.XLOOKUP(BY$7,'Product Tgt'!$B:$B,'Product Tgt'!$D:$D),0),0) -> 0 | BZ8: =ROUND(IFERROR(#REF!/_xlfn.XLOOKUP(BZ$7,'Product Tgt'!$B:$B,'Product Tgt'!$D:$D),0),0) -> 0 | CA8: =ROUND(IFERROR(#REF!/_xlfn.XLOOKUP(CA$7,'Product Tgt'!$B:$B,'Product Tgt'!$D:$D),0),0) -> 0 | CB8: =ROUND(IFERROR(AV8/_xlfn.XLOOKUP(CB$7,'Product Tgt'!$B:$B,'Product Tgt'!$D:$D),0),0) -> 0 | CC8: =ROUND(IFERROR(AW8/_xlfn.XLOOKUP(CC$7,'Product Tgt'!$B:$B,'Product Tgt'!$D:$D),0),0) -> 0 | CD8: =ROUND(IFERROR(AX8/_xlfn.XLOOKUP(CD$7,'Product Tgt'!$B:$B,'Product Tgt'!$D:$D),0),0) -> 0 | CE8: =ROUND(IFERROR(AY8/_xlfn.XLOOKUP(CE$7,'Product Tgt'!$B:$B,'Product Tgt'!$D:$D),0),0) -> 0 | CF8: =ROUND(IFERROR(AZ8/_xlfn.XLOOKUP(CF$7,'Product Tgt'!$B:$B,'Product Tgt'!$D:$D),0),0) -> 0 | CG8: =ROUND(IFERROR(BA8/_xlfn.XLOOKUP(CG$7,'Product Tgt'!$B:$B,'Product Tgt'!$D:$D),0),0) -> 0 | CH8: =ROUND(IFERROR(BB8/_xlfn.XLOOKUP(CH$7,'Product Tgt'!$B:$B,'Product Tgt'!$D:$D),0),0) -> 0 | CI8: =ROUND(IFERROR(BC8/_xlfn.XLOOKUP(CI$7,'Product Tgt'!$B:$B,'Product Tgt'!$D:$D),0),0) -> 0 | ... CW8: =ROUND(IFERROR(BQ8/_xlfn.XLOOKUP(CW$7,'Product Tgt'!$B:$B,'Product Tgt'!$D:$D),0),0) -> 0 | CX8: =ROUND(IFERROR(#REF!/_xlfn.XLOOKUP(CX$7,'Product Tgt'!$B:$B,'Product Tgt'!$D:$D),0),0) -> 0 | CY8: =ROUND(IFERROR(#REF!/_xlfn.XLOOKUP(CY$7,'Product Tgt'!$B:$B,'Product Tgt'!$D:$D),0),0) -> 0 | CZ8: =ROUND(IFERROR(#REF!/_xlfn.XLOOKUP(CZ$7,'Product Tgt'!$B:$B,'Product Tgt'!$D:$D),0),0) -> 0 | DA8: =IFERROR(BR8*_xlfn.XLOOKUP(DA$7,'Product Tgt'!$B:$B,'Product Tgt'!$D:$D),0) -> 0 | DB8: =IFERROR(BS8*_xlfn.XLOOKUP(DB$7,'Product Tgt'!$B:$B,'Product Tgt'!$D:$D),0) -> 0 | DC8: =IFERROR(BT8*_xlfn.XLOOKUP(DC$7,'Product Tgt'!$B:$B,'Product Tgt'!$D:$D),0) -> 0 | DD8: =IFERROR(BU8*_xlfn.XLOOKUP(DD$7,'Product Tgt'!$B:$B,'Product Tgt'!$D:$D),0) -> 0 | DE8: =IFERROR(BV8*_xlfn.XLOOKUP(DE$7,'Product Tgt'!$B:$B,'Product Tgt'!$D:$D),0) -> 0 | DF8: =IFERROR(BW8*_xlfn.XLOOKUP(DF$7,'Product Tgt'!$B:$B,'Product Tgt'!$D:$D),0) -> 0 | DG8: =IFERROR(BX8*_xlfn.XLOOKUP(DG$7,'Product Tgt'!$B:$B,'Product Tgt'!$D:$D),0) -> 0 | DH8: =IFERROR(BY8*_xlfn.XLOOKUP(DH$7,'Product Tgt'!$B:$B,'Product Tgt'!$D:$D),0) -> 0 | ... EI8: =IFERROR(CZ8*_xlfn.XLOOKUP(EI$7,'Product Tgt'!$B:$B,'Product Tgt'!$D:$D),0) -> 0
B9: SYT-BBRA-BBR2 | C9: =_xlfn.XLOOKUP($B9,'Terr Target'!$A:$A,'Terr Target'!$E:$E) -> 535351 | D9: =SUM(AM9:BQ9) -> 535348 | E9: =D9-C9 -> -3 | F9: =ABS(E9)/D9 -> 5.6038315e-06 | G9: =1-E9/D9 -> 1.0000056 | H9: 35058.568 | I9: 70661.747 | J9: 64035.527 | K9: 82867.724 | L9: 51451.474 | M9: 37910.926 | N9: 908.44869 | O9: 6875.7637 | P9: 2926.5056 | Q9: 2187.5221 | R9: 15206.466 | S9: 25626.392 | T9: 0 | U9: 2385.5072 | V9: 21021.373 | W9: 37674.887 | X9: 3719.6298 | Y9: 3992.1501 | Z9: 542.06004 | AA9: 6135.7595 | AB9: 2062.9802 | AC9: 0 | AD9: 13565.771 | AE9: 15106.085 | AF9: 0 | AG9: 26770.247 | AH9: 2699.8885 | AI9: 13628.129 | AJ9: 12411.352 | AK9: 1656.8435 | AL9: 2362.8056 | AM9: =IFERROR(ROUND(_xlfn.XLOOKUP(AM$7,'Product Tgt'!$B:$B,'Product Tgt'!$G:$G)*H9/H$121,0),0) -> 34083 | AN9: =IFERROR(ROUND(_xlfn.XLOOKUP(AN$7,'Product Tgt'!$B:$B,'Product Tgt'!$G:$G)*I9/I$121,0),0) -> 69559 | AO9: =IFERROR(ROUND(_xlfn.XLOOKUP(AO$7,'Product Tgt'!$B:$B,'Product Tgt'!$G:$G)*J9/J$121,0),0) -> 62044 | AP9: =IFERROR(ROUND(_xlfn.XLOOKUP(AP$7,'Product Tgt'!$B:$B,'Product Tgt'!$G:$G)*K9/K$121,0),0) -> 80839 | AQ9: =IFERROR(ROUND(_xlfn.XLOOKUP(AQ$7,'Product Tgt'!$B:$B,'Product Tgt'!$G:$G)*L9/L$121,0),0) -> 49750 | AR9: =IFERROR(ROUND(_xlfn.XLOOKUP(AR$7,'Product Tgt'!$B:$B,'Product Tgt'!$G:$G)*M9/M$121,0),0) -> 36728 | AS9: =IFERROR(ROUND(_xlfn.XLOOKUP(AS$7,'Product Tgt'!$B:$B,'Product Tgt'!$G:$G)*N9/N$121,0),0) -> 839 | AT9: =IFERROR(ROUND(_xlfn.XLOOKUP(AT$7,'Product Tgt'!$B:$B,'Product Tgt'!$G:$G)*O9/O$121,0),0) -> 6189 | ... BQ9: =IFERROR(ROUND(_xlfn.XLOOKUP(BQ$7,'Product Tgt'!$B:$B,'Product Tgt'!$G:$G)*AL9/AL$121,0),0) -> 1847 | BR9: =ROUND(IFERROR(AM9/_xlfn.XLOOKUP(BR$7,'Product Tgt'!$B:$B,'Product Tgt'!$D:$D),0),0) -> 0 | BS9: =ROUND(IFERROR(AN9/_xlfn.XLOOKUP(BS$7,'Product Tgt'!$B:$B,'Product Tgt'!$D:$D),0),0) -> 0 | BT9: =ROUND(IFERROR(AO9/_xlfn.XLOOKUP(BT$7,'Product Tgt'!$B:$B,'Product Tgt'!$D:$D),0),0) -> 0 | BU9: =ROUND(IFERROR(AP9/_xlfn.XLOOKUP(BU$7,'Product Tgt'!$B:$B,'Product Tgt'!$D:$D),0),0) -> 0 | BV9: =ROUND(IFERROR(AQ9/_xlfn.XLOOKUP(BV$7,'Product Tgt'!$B:$B,'Product Tgt'!$D:$D),0),0) -> 0 | BW9: =ROUND(IFERROR(AU9/_xlfn.XLOOKUP(BW$7,'Product Tgt'!$B:$B,'Product Tgt'!$D:$D),0),0) -> 0 | BX9: =ROUND(IFERROR(#REF!/_xlfn.XLOOKUP(BX$7,'Product Tgt'!$B:$B,'Product Tgt'!$D:$D),0),0) -> 0 | BY9: =ROUND(IFERROR(#REF!/_xlfn.XLOOKUP(BY$7,'Product Tgt'!$B:$B,'Product Tgt'!$D:$D),0),0) -> 0 | BZ9: =ROUND(IFERROR(#REF!/_xlfn.XLOOKUP(BZ$7,'Product Tgt'!$B:$B,'Product Tgt'!$D:$D),0),0) -> 0 | CA9: =ROUND(IFERROR(#REF!/_xlfn.XLOOKUP(CA$7,'Product Tgt'!$B:$B,'Product Tgt'!$D:$D),0),0) -> 0 | CB9: =ROUND(IFERROR(AV9/_xlfn.XLOOKUP(CB$7,'Product Tgt'!$B:$B,'Product Tgt'!$D:$D),0),0) -> 0 | CC9: =ROUND(IFERROR(AW9/_xlfn.XLOOKUP(CC$7,'Product Tgt'!$B:$B,'Product Tgt'!$D:$D),0),0) -> 0 | CD9: =ROUND(IFERROR(AX9/_xlfn.XLOOKUP(CD$7,'Product Tgt'!$B:$B,'Product Tgt'!$D:$D),0),0) -> 0 | CE9: =ROUND(IFERROR(AY9/_xlfn.XLOOKUP(CE$7,'Product Tgt'!$B:$B,'Product Tgt'!$D:$D),0),0) -> 0 | CF9: =ROUND(IFERROR(AZ9/_xlfn.XLOOKUP(CF$7,'Product Tgt'!$B:$B,'Product Tgt'!$D:$D),0),0) -> 0 | CG9: =ROUND(IFERROR(BA9/_xlfn.XLOOKUP(CG$7,'Product Tgt'!$B:$B,'Product Tgt'!$D:$D),0),0) -> 0 | CH9: =ROUND(IFERROR(BB9/_xlfn.XLOOKUP(CH$7,'Product Tgt'!$B:$B,'Product Tgt'!$D:$D),0),0) -> 0 | CI9: =ROUND(IFERROR(BC9/_xlfn.XLOOKUP(CI$7,'Product Tgt'!$B:$B,'Product Tgt'!$D:$D),0),0) -> 0 | ... CW9: =ROUND(IFERROR(BQ9/_xlfn.XLOOKUP(CW$7,'Product Tgt'!$B:$B,'Product Tgt'!$D:$D),0),0) -> 0 | CX9: =ROUND(IFERROR(#REF!/_xlfn.XLOOKUP(CX$7,'Product Tgt'!$B:$B,'Product Tgt'!$D:$D),0),0) -> 0 | CY9: =ROUND(IFERROR(#REF!/_xlfn.XLOOKUP(CY$7,'Product Tgt'!$B:$B,'Product Tgt'!$D:$D),0),0) -> 0 | CZ9: =ROUND(IFERROR(#REF!/_xlfn.XLOOKUP(CZ$7,'Product Tgt'!$B:$B,'Product Tgt'!$D:$D),0),0) -> 0 | DA9: =IFERROR(BR9*_xlfn.XLOOKUP(DA$7,'Product Tgt'!$B:$B,'Product Tgt'!$D:$D),0) -> 0 | DB9: =IFERROR(BS9*_xlfn.XLOOKUP(DB$7,'Product Tgt'!$B:$B,'Product Tgt'!$D:$D),0) -> 0 | DC9: =IFERROR(BT9*_xlfn.XLOOKUP(DC$7,'Product Tgt'!$B:$B,'Product Tgt'!$D:$D),0) -> 0 | DD9: =IFERROR(BU9*_xlfn.XLOOKUP(DD$7,'Product Tgt'!$B:$B,'Product Tgt'!$D:$D),0) -> 0 | DE9: =IFERROR(BV9*_xlfn.XLOOKUP(DE$7,'Product Tgt'!$B:$B,'Product Tgt'!$D:$D),0) -> 0 | DF9: =IFERROR(BW9*_xlfn.XLOOKUP(DF$7,'Product Tgt'!$B:$B,'Product Tgt'!$D:$D),0) -> 0 | DG9: =IFERROR(BX9*_xlfn.XLOOKUP(DG$7,'Product Tgt'!$B:$B,'Product Tgt'!$D:$D),0) -> 0 | DH9: =IFERROR(BY9*_xlfn.XLOOKUP(DH$7,'Product Tgt'!$B:$B,'Product Tgt'!$D:$D),0) -> 0 | ... EI9: =IFERROR(CZ9*_xlfn.XLOOKUP(EI$7,'Product Tgt'!$B:$B,'Product Tgt'!$D:$D),0) -> 0
B10: SYT-BBRA-HAB1 | C10: =_xlfn.XLOOKUP($B10,'Terr Target'!$A:$A,'Terr Target'!$E:$E) -> 365084.91 | D10: =SUM(AM10:BQ10) -> 365088 | E10: =D10-C10 -> 3.091024 | F10: =ABS(E10)/D10 -> 8.4665176e-06 | G10: =1-E10/D10 -> 0.99999153 | H10: 26359.506 | I10: 52210.659 | J10: 43604.141 | K10: 44134.914 | L10: 34744.827 | M10: 25328.101 | N10: 773.97901 | O10: 6727.8945 | P10: 1697.9759 | Q10: 1000.9858 | R10: 8477.7797 | S10: 20065.255 | T10: 0 | U10: 1966.9721 | V10: 11644.835 | W10: 30137.532 | X10: 4100.9418 | Y10: 5543.9013 | Z10: 903.05718 | AA10: 6197.942 | AB10: 2090.9903 | AC10: 0 | AD10: 3848.9554 | AE10: 8009.8563 | AF10: 0 | AG10: 19018.73 | AH10: 1872.9834 | AI10: 10725.908 | AJ10: 9166.8499 | AK10: 892.08734 | AL10: 1491.8188 | AM10: =IFERROR(ROUND(_xlfn.XLOOKUP(AM$7,'Product Tgt'!$B:$B,'Product Tgt'!$G:$G)*H10/H$121,0),0) -> 25626 | AN10: =IFERROR(ROUND(_xlfn.XLOOKUP(AN$7,'Product Tgt'!$B:$B,'Product Tgt'!$G:$G)*I10/I$121,0),0) -> 51396 | AO10: =IFERROR(ROUND(_xlfn.XLOOKUP(AO$7,'Product Tgt'!$B:$B,'Product Tgt'!$G:$G)*J10/J$121,0),0) -> 42248 | AP10: =IFERROR(ROUND(_xlfn.XLOOKUP(AP$7,'Product Tgt'!$B:$B,'Product Tgt'!$G:$G)*K10/K$121,0),0) -> 43055 | AQ10: =IFERROR(ROUND(_xlfn.XLOOKUP(AQ$7,'Product Tgt'!$B:$B,'Product Tgt'!$G:$G)*L10/L$121,0),0) -> 33596 | AR10: =IFERROR(ROUND(_xlfn.XLOOKUP(AR$7,'Product Tgt'!$B:$B,'Product Tgt'!$G:$G)*M10/M$121,0),0) -> 24538 | AS10: =IFERROR(ROUND(_xlfn.XLOOKUP(AS$7,'Product Tgt'!$B:$B,'Product Tgt'!$G:$G)*N10/N$121,0),0) -> 715 | AT10: =IFERROR(ROUND(_xlfn.XLOOKUP(AT$7,'Product Tgt'!$B:$B,'Product Tgt'!$G:$G)*O10/O$121,0),0) -> 6056 | ... BQ10: =IFERROR(ROUND(_xlfn.XLOOKUP(BQ$7,'Product Tgt'!$B:$B,'Product Tgt'!$G:$G)*AL10/AL$121,0),0) -> 1166 | BR10: =ROUND(IFERROR(AM10/_xlfn.XLOOKUP(BR$7,'Product Tgt'!$B:$B,'Product Tgt'!$D:$D),0),0) -> 0 | BS10: =ROUND(IFERROR(AN10/_xlfn.XLOOKUP(BS$7,'Product Tgt'!$B:$B,'Product Tgt'!$D:$D),0),0) -> 0 | BT10: =ROUND(IFERROR(AO10/_xlfn.XLOOKUP(BT$7,'Product Tgt'!$B:$B,'Product Tgt'!$D:$D),0),0) -> 0 | BU10: =ROUND(IFERROR(AP10/_xlfn.XLOOKUP(BU$7,'Product Tgt'!$B:$B,'Product Tgt'!$D:$D),0),0) -> 0 | BV10: =ROUND(IFERROR(AQ10/_xlfn.XLOOKUP(BV$7,'Product Tgt'!$B:$B,'Product Tgt'!$D:$D),0),0) -> 0 | BW10: =ROUND(IFERROR(AU10/_xlfn.XLOOKUP(BW$7,'Product Tgt'!$B:$B,'Product Tgt'!$D:$D),0),0) -> 0 | BX10: =ROUND(IFERROR(#REF!/_xlfn.XLOOKUP(BX$7,'Product Tgt'!$B:$B,'Product Tgt'!$D:$D),0),0) -> 0 | BY10: =ROUND(IFERROR(#REF!/_xlfn.XLOOKUP(BY$7,'Product Tgt'!$B:$B,'Product Tgt'!$D:$D),0),0) -> 0 | BZ10: =ROUND(IFERROR(#REF!/_xlfn.XLOOKUP(BZ$7,'Product Tgt'!$B:$B,'Product Tgt'!$D:$D),0),0) -> 0 | CA10: =ROUND(IFERROR(#REF!/_xlfn.XLOOKUP(CA$7,'Product Tgt'!$B:$B,'Product Tgt'!$D:$D),0),0) -> 0 | CB10: =ROUND(IFERROR(AV10/_xlfn.XLOOKUP(CB$7,'Product Tgt'!$B:$B,'Product Tgt'!$D:$D),0),0) -> 0 | CC10: =ROUND(IFERROR(AW10/_xlfn.XLOOKUP(CC$7,'Product Tgt'!$B:$B,'Product Tgt'!$D:$D),0),0) -> 0 | CD10: =ROUND(IFERROR(AX10/_xlfn.XLOOKUP(CD$7,'Product Tgt'!$B:$B,'Product Tgt'!$D:$D),0),0) -> 0 | CE10: =ROUND(IFERROR(AY10/_xlfn.XLOOKUP(CE$7,'Product Tgt'!$B:$B,'Product Tgt'!$D:$D),0),0) -> 0 | CF10: =ROUND(IFERROR(AZ10/_xlfn.XLOOKUP(CF$7,'Product Tgt'!$B:$B,'Product Tgt'!$D:$D),0),0) -> 0 | CG10: =ROUND(IFERROR(BA10/_xlfn.XLOOKUP(CG$7,'Product Tgt'!$B:$B,'Product Tgt'!$D:$D),0),0) -> 0 | CH10: =ROUND(IFERROR(BB10/_xlfn.XLOOKUP(CH$7,'Product Tgt'!$B:$B,'Product Tgt'!$D:$D),0),0) -> 0 | CI10: =ROUND(IFERROR(BC10/_xlfn.XLOOKUP(CI$7,'Product Tgt'!$B:$B,'Product Tgt'!$D:$D),0),0) -> 0 | ... CW10: =ROUND(IFERROR(BQ10/_xlfn.XLOOKUP(CW$7,'Product Tgt'!$B:$B,'Product Tgt'!$D:$D),0),0) -> 0 | CX10: =ROUND(IFERROR(#REF!/_xlfn.XLOOKUP(CX$7,'Product Tgt'!$B:$B,'Product Tgt'!$D:$D),0),0) -> 0 | CY10: =ROUND(IFERROR(#REF!/_xlfn.XLOOKUP(CY$7,'Product Tgt'!$B:$B,'Product Tgt'!$D:$D),0),0) -> 0 | CZ10: =ROUND(IFERROR(#REF!/_xlfn.XLOOKUP(CZ$7,'Product Tgt'!$B:$B,'Product Tgt'!$D:$D),0),0) -> 0 | DA10: =IFERROR(BR10*_xlfn.XLOOKUP(DA$7,'Product Tgt'!$B:$B,'Product Tgt'!$D:$D),0) -> 0 | DB10: =IFERROR(BS10*_xlfn.XLOOKUP(DB$7,'Product Tgt'!$B:$B,'Product Tgt'!$D:$D),0) -> 0 | DC10: =IFERROR(BT10*_xlfn.XLOOKUP(DC$7,'Product Tgt'!$B:$B,'Product Tgt'!$D:$D),0) -> 0 | DD10: =IFERROR(BU10*_xlfn.XLOOKUP(DD$7,'Product Tgt'!$B:$B,'Product Tgt'!$D:$D),0) -> 0 | DE10: =IFERROR(BV10*_xlfn.XLOOKUP(DE$7,'Product Tgt'!$B:$B,'Product Tgt'!$D:$D),0) -> 0 | DF10: =IFERROR(BW10*_xlfn.XLOOKUP(DF$7,'Product Tgt'!$B:$B,'Product Tgt'!$D:$D),0) -> 0 | DG10: =IFERROR(BX10*_xlfn.XLOOKUP(DG$7,'Product Tgt'!$B:$B,'Product Tgt'!$D:$D),0) -> 0 | DH10: =IFERROR(BY10*_xlfn.XLOOKUP(DH$7,'Product Tgt'!$B:$B,'Product Tgt'!$D:$D),0) -> 0 | ... EI10: =IFERROR(CZ10*_xlfn.XLOOKUP(EI$7,'Product Tgt'!$B:$B,'Product Tgt'!$D:$D),0) -> 0
B11: SYT-BBRA-MOU1 | C11: =_xlfn.XLOOKUP($B11,'Terr Target'!$A:$A,'Terr Target'!$E:$E) -> 340830.85 | D11: =SUM(AM11:BQ11) -> 340835 | E11: =D11-C11 -> 4.148398 | F11: =ABS(E11)/D11 -> 1.2171279e-05 | G11: =1-E11/D11 -> 0.99998783 | H11: 25139.509 | I11: 53072.295 | J11: 44497.649 | K11: 47586.795 | L11: 32596.885 | M11: 33937.945 | N11: 1131.9657 | O11: 7539.5819 | P11: 1234.5513 | Q11: 826.36943 | R11: 4936.214 | S11: 12152.886 | T11: 0 | U11: 2650.2601 | V11: 9085.7528 | W11: 23871.237 | X11: 3051.4828 | Y11: 2912.0803 | Z11: 342.50281 | AA11: 6204.5457 | AB11: 2657.2691 | AC11: 0 | AD11: 3690.6515 | AE11: 5726.6228 | AF11: 0 | AG11: 13817.821 | AH11: 1229.5734 | AI11: 6941.2822 | AJ11: 6699.3041 | AK11: 1396.9519 | AL11: 1859.5826 | AM11: =IFERROR(ROUND(_xlfn.XLOOKUP(AM$7,'Product Tgt'!$B:$B,'Product Tgt'!$G:$G)*H11/H$121,0),0) -> 24440 | AN11: =IFERROR(ROUND(_xlfn.XLOOKUP(AN$7,'Product Tgt'!$B:$B,'Product Tgt'!$G:$G)*I11/I$121,0),0) -> 52244 | AO11: =IFERROR(ROUND(_xlfn.XLOOKUP(AO$7,'Product Tgt'!$B:$B,'Product Tgt'!$G:$G)*J11/J$121,0),0) -> 43114 | AP11: =IFERROR(ROUND(_xlfn.XLOOKUP(AP$7,'Product Tgt'!$B:$B,'Product Tgt'!$G:$G)*K11/K$121,0),0) -> 46422 | AQ11: =IFERROR(ROUND(_xlfn.XLOOKUP(AQ$7,'Product Tgt'!$B:$B,'Product Tgt'!$G:$G)*L11/L$121,0),0) -> 31519 | AR11: =IFERROR(ROUND(_xlfn.XLOOKUP(AR$7,'Product Tgt'!$B:$B,'Product Tgt'!$G:$G)*M11/M$121,0),0) -> 32879 | AS11: =IFERROR(ROUND(_xlfn.XLOOKUP(AS$7,'Product Tgt'!$B:$B,'Product Tgt'!$G:$G)*N11/N$121,0),0) -> 1046 | AT11: =IFERROR(ROUND(_xlfn.XLOOKUP(AT$7,'Product Tgt'!$B:$B,'Product Tgt'!$G:$G)*O11/O$121,0),0) -> 6786 | ... BQ11: =IFERROR(ROUND(_xlfn.XLOOKUP(BQ$7,'Product Tgt'!$B:$B,'Product Tgt'!$G:$G)*AL11/AL$121,0),0) -> 1454 | BR11: =ROUND(IFERROR(AM11/_xlfn.XLOOKUP(BR$7,'Product Tgt'!$B:$B,'Product Tgt'!$D:$D),0),0) -> 0 | BS11: =ROUND(IFERROR(AN11/_xlfn.XLOOKUP(BS$7,'Product Tgt'!$B:$B,'Product Tgt'!$D:$D),0),0) -> 0 | BT11: =ROUND(IFERROR(AO11/_xlfn.XLOOKUP(BT$7,'Product Tgt'!$B:$B,'Product Tgt'!$D:$D),0),0) -> 0 | BU11: =ROUND(IFERROR(AP11/_xlfn.XLOOKUP(BU$7,'Product Tgt'!$B:$B,'Product Tgt'!$D:$D),0),0) -> 0 | BV11: =ROUND(IFERROR(AQ11/_xlfn.XLOOKUP(BV$7,'Product Tgt'!$B:$B,'Product Tgt'!$D:$D),0),0) -> 0 | BW11: =ROUND(IFERROR(AU11/_xlfn.XLOOKUP(BW$7,'Product Tgt'!$B:$B,'Product Tgt'!$D:$D),0),0) -> 0 | BX11: =ROUND(IFERROR(#REF!/_xlfn.XLOOKUP(BX$7,'Product Tgt'!$B:$B,'Product Tgt'!$D:$D),0),0) -> 0 | BY11: =ROUND(IFERROR(#REF!/_xlfn.XLOOKUP(BY$7,'Product Tgt'!$B:$B,'Product Tgt'!$D:$D),0),0) -> 0 | BZ11: =ROUND(IFERROR(#REF!/_xlfn.XLOOKUP(BZ$7,'Product Tgt'!$B:$B,'Product Tgt'!$D:$D),0),0) -> 0 | CA11: =ROUND(IFERROR(#REF!/_xlfn.XLOOKUP(CA$7,'Product Tgt'!$B:$B,'Product Tgt'!$D:$D),0),0) -> 0 | CB11: =ROUND(IFERROR(AV11/_xlfn.XLOOKUP(CB$7,'Product Tgt'!$B:$B,'Product Tgt'!$D:$D),0),0) -> 0 | CC11: =ROUND(IFERROR(AW11/_xlfn.XLOOKUP(CC$7,'Product Tgt'!$B:$B,'Product Tgt'!$D:$D),0),0) -> 0 | CD11: =ROUND(IFERROR(AX11/_xlfn.XLOOKUP(CD$7,'Product Tgt'!$B:$B,'Product Tgt'!$D:$D),0),0) -> 0 | CE11: =ROUND(IFERROR(AY11/_xlfn.XLOOKUP(CE$7,'Product Tgt'!$B:$B,'Product Tgt'!$D:$D),0),0) -> 0 | CF11: =ROUND(IFERROR(AZ11/_xlfn.XLOOKUP(CF$7,'Product Tgt'!$B:$B,'Product Tgt'!$D:$D),0),0) -> 0 | CG11: =ROUND(IFERROR(BA11/_xlfn.XLOOKUP(CG$7,'Product Tgt'!$B:$B,'Product Tgt'!$D:$D),0),0) -> 0 | CH11: =ROUND(IFERROR(BB11/_xlfn.XLOOKUP(CH$7,'Product Tgt'!$B:$B,'Product Tgt'!$D:$D),0),0) -> 0 | CI11: =ROUND(IFERROR(BC11/_xlfn.XLOOKUP(CI$7,'Product Tgt'!$B:$B,'Product Tgt'!$D:$D),0),0) -> 0 | ... CW11: =ROUND(IFERROR(BQ11/_xlfn.XLOOKUP(CW$7,'Product Tgt'!$B:$B,'Product Tgt'!$D:$D),0),0) -> 0 | CX11: =ROUND(IFERROR(#REF!/_xlfn.XLOOKUP(CX$7,'Product Tgt'!$B:$B,'Product Tgt'!$D:$D),0),0) -> 0 | CY11: =ROUND(IFERROR(#REF!/_xlfn.XLOOKUP(CY$7,'Product Tgt'!$B:$B,'Product Tgt'!$D:$D),0),0) -> 0 | CZ11: =ROUND(IFERROR(#REF!/_xlfn.XLOOKUP(CZ$7,'Product Tgt'!$B:$B,'Product Tgt'!$D:$D),0),0) -> 0 | DA11: =IFERROR(BR11*_xlfn.XLOOKUP(DA$7,'Product Tgt'!$B:$B,'Product Tgt'!$D:$D),0) -> 0 | DB11: =IFERROR(BS11*_xlfn.XLOOKUP(DB$7,'Product Tgt'!$B:$B,'Product Tgt'!$D:$D),0) -> 0 | DC11: =IFERROR(BT11*_xlfn.XLOOKUP(DC$7,'Product Tgt'!$B:$B,'Product Tgt'!$D:$D),0) -> 0 | DD11: =IFERROR(BU11*_xlfn.XLOOKUP(DD$7,'Product Tgt'!$B:$B,'Product Tgt'!$D:$D),0) -> 0 | DE11: =IFERROR(BV11*_xlfn.XLOOKUP(DE$7,'Product Tgt'!$B:$B,'Product Tgt'!$D:$D),0) -> 0 | DF11: =IFERROR(BW11*_xlfn.XLOOKUP(DF$7,'Product Tgt'!$B:$B,'Product Tgt'!$D:$D),0) -> 0 | DG11: =IFERROR(BX11*_xlfn.XLOOKUP(DG$7,'Product Tgt'!$B:$B,'Product Tgt'!$D:$D),0) -> 0 | DH11: =IFERROR(BY11*_xlfn.XLOOKUP(DH$7,'Product Tgt'!$B:$B,'Product Tgt'!$D:$D),0) -> 0 | ... EI11: =IFERROR(CZ11*_xlfn.XLOOKUP(EI$7,'Product Tgt'!$B:$B,'Product Tgt'!$D:$D),0) -> 0
B12: SYT-BIRA-BIR1 | C12: =_xlfn.XLOOKUP($B12,'Terr Target'!$A:$A,'Terr Target'!$E:$E) -> 163481.17 | D12: =SUM(AM12:BQ12) -> 163481 | E12: =D12-C12 -> -0.17253931 | F12: =ABS(E12)/D12 -> 1.0554089e-06 | G12: =1-E12/D12 -> 1.0000011 | H12: 12567.979 | I12: 24122.736 | J12: 12933.638 | K12: 12617.714 | L12: 12672.257 | M12: 9411.4675 | N12: 176.759 | O12: 1054.4937 | P12: 1046.4234 | Q12: 883.80512 | R12: 8084.1993 | S12: 14280.774 | T12: 0 | U12: 0 | V12: 10388.389 | W12: 7246.1091 | X12: 1772.6302 | Y12: 1912.0274 | Z12: 382.8398 | AA12: 3273.5868 | AB12: 942.4083 | AC12: 1857.5149 | AD12: 6863.2693 | AE12: 9885.3836 | AF12: 0 | AG12: 5990.605 | AH12: 941.35785 | AI12: 3392.7729 | AJ12: 4668.4578 | AK12: 1699.0883 | AL12: 2043.1119 | AM12: =IFERROR(ROUND(_xlfn.XLOOKUP(AM$7,'Product Tgt'!$B:$B,'Product Tgt'!$G:$G)*H12/H$121,0),0) -> 12218 | AN12: =IFERROR(ROUND(_xlfn.XLOOKUP(AN$7,'Product Tgt'!$B:$B,'Product Tgt'!$G:$G)*I12/I$121,0),0) -> 23746 | AO12: =IFERROR(ROUND(_xlfn.XLOOKUP(AO$7,'Product Tgt'!$B:$B,'Product Tgt'!$G:$G)*J12/J$121,0),0) -> 12531 | AP12: =IFERROR(ROUND(_xlfn.XLOOKUP(AP$7,'Product Tgt'!$B:$B,'Product Tgt'!$G:$G)*K12/K$121,0),0) -> 12309 | AQ12: =IFERROR(ROUND(_xlfn.XLOOKUP(AQ$7,'Product Tgt'!$B:$B,'Product Tgt'!$G:$G)*L12/L$121,0),0) -> 12253 | AR12: =IFERROR(ROUND(_xlfn.XLOOKUP(AR$7,'Product Tgt'!$B:$B,'Product Tgt'!$G:$G)*M12/M$121,0),0) -> 9118 | AS12: =IFERROR(ROUND(_xlfn.XLOOKUP(AS$7,'Product Tgt'!$B:$B,'Product Tgt'!$G:$G)*N12/N$121,0),0) -> 163 | AT12: =IFERROR(ROUND(_xlfn.XLOOKUP(AT$7,'Product Tgt'!$B:$B,'Product Tgt'!$G:$G)*O12/O$121,0),0) -> 949 | ... BQ12: =IFERROR(ROUND(_xlfn.XLOOKUP(BQ$7,'Product Tgt'!$B:$B,'Product Tgt'!$G:$G)*AL12/AL$121,0),0) -> 1597 | BR12: =ROUND(IFERROR(AM12/_xlfn.XLOOKUP(BR$7,'Product Tgt'!$B:$B,'Product Tgt'!$D:$D),0),0) -> 0 | BS12: =ROUND(IFERROR(AN12/_xlfn.XLOOKUP(BS$7,'Product Tgt'!$B:$B,'Product Tgt'!$D:$D),0),0) -> 0 | BT12: =ROUND(IFERROR(AO12/_xlfn.XLOOKUP(BT$7,'Product Tgt'!$B:$B,'Product Tgt'!$D:$D),0),0) -> 0 | BU12: =ROUND(IFERROR(AP12/_xlfn.XLOOKUP(BU$7,'Product Tgt'!$B:$B,'Product Tgt'!$D:$D),0),0) -> 0 | BV12: =ROUND(IFERROR(AQ12/_xlfn.XLOOKUP(BV$7,'Product Tgt'!$B:$B,'Product Tgt'!$D:$D),0),0) -> 0 | BW12: =ROUND(IFERROR(AU12/_xlfn.XLOOKUP(BW$7,'Product Tgt'!$B:$B,'Product Tgt'!$D:$D),0),0) -> 0 | BX12: =ROUND(IFERROR(#REF!/_xlfn.XLOOKUP(BX$7,'Product Tgt'!$B:$B,'Product Tgt'!$D:$D),0),0) -> 0 | BY12: =ROUND(IFERROR(#REF!/_xlfn.XLOOKUP(BY$7,'Product Tgt'!$B:$B,'Product Tgt'!$D:$D),0),0) -> 0 | BZ12: =ROUND(IFERROR(#REF!/_xlfn.XLOOKUP(BZ$7,'Product Tgt'!$B:$B,'Product Tgt'!$D:$D),0),0) -> 0 | CA12: =ROUND(IFERROR(#REF!/_xlfn.XLOOKUP(CA$7,'Product Tgt'!$B:$B,'Product Tgt'!$D:$D),0),0) -> 0 | CB12: =ROUND(IFERROR(AV12/_xlfn.XLOOKUP(CB$7,'Product Tgt'!$B:$B,'Product Tgt'!$D:$D),0),0) -> 0 | CC12: =ROUND(IFERROR(AW12/_xlfn.XLOOKUP(CC$7,'Product Tgt'!$B:$B,'Product Tgt'!$D:$D),0),0) -> 0 | CD12: =ROUND(IFERROR(AX12/_xlfn.XLOOKUP(CD$7,'Product Tgt'!$B:$B,'Product Tgt'!$D:$D),0),0) -> 0 | CE12: =ROUND(IFERROR(AY12/_xlfn.XLOOKUP(CE$7,'Product Tgt'!$B:$B,'Product Tgt'!$D:$D),0),0) -> 0 | CF12: =ROUND(IFERROR(AZ12/_xlfn.XLOOKUP(CF$7,'Product Tgt'!$B:$B,'Product Tgt'!$D:$D),0),0) -> 0 | CG12: =ROUND(IFERROR(BA12/_xlfn.XLOOKUP(CG$7,'Product Tgt'!$B:$B,'Product Tgt'!$D:$D),0),0) -> 0 | CH12: =ROUND(IFERROR(BB12/_xlfn.XLOOKUP(CH$7,'Product Tgt'!$B:$B,'Product Tgt'!$D:$D),0),0) -> 0 | CI12: =ROUND(IFERROR(BC12/_xlfn.XLOOKUP(CI$7,'Product Tgt'!$B:$B,'Product Tgt'!$D:$D),0),0) -> 0 | ... CW12: =ROUND(IFERROR(BQ12/_xlfn.XLOOKUP(CW$7,'Product Tgt'!$B:$B,'Product Tgt'!$D:$D),0),0) -> 0 | CX12: =ROUND(IFERROR(#REF!/_xlfn.XLOOKUP(CX$7,'Product Tgt'!$B:$B,'Product Tgt'!$D:$D),0),0) -> 0 | CY12: =ROUND(IFERROR(#REF!/_xlfn.XLOOKUP(CY$7,'Product Tgt'!$B:$B,'Product Tgt'!$D:$D),0),0) -> 0 | CZ12: =ROUND(IFERROR(#REF!/_xlfn.XLOOKUP(CZ$7,'Product Tgt'!$B:$B,'Product Tgt'!$D:$D),0),0) -> 0 | DA12: =IFERROR(BR12*_xlfn.XLOOKUP(DA$7,'Product Tgt'!$B:$B,'Product Tgt'!$D:$D),0) -> 0 | DB12: =IFERROR(BS12*_xlfn.XLOOKUP(DB$7,'Product Tgt'!$B:$B,'Product Tgt'!$D:$D),0) -> 0 | DC12: =IFERROR(BT12*_xlfn.XLOOKUP(DC$7,'Product Tgt'!$B:$B,'Product Tgt'!$D:$D),0) -> 0 | DD12: =IFERROR(BU12*_xlfn.XLOOKUP(DD$7,'Product Tgt'!$B:$B,'Product Tgt'!$D:$D),0) -> 0 | DE12: =IFERROR(BV12*_xlfn.XLOOKUP(DE$7,'Product Tgt'!$B:$B,'Product Tgt'!$D:$D),0) -> 0 | DF12: =IFERROR(BW12*_xlfn.XLOOKUP(DF$7,'Product Tgt'!$B:$B,'Product Tgt'!$D:$D),0) -> 0 | DG12: =IFERROR(BX12*_xlfn.XLOOKUP(DG$7,'Product Tgt'!$B:$B,'Product Tgt'!$D:$D),0) -> 0 | DH12: =IFERROR(BY12*_xlfn.XLOOKUP(DH$7,'Product Tgt'!$B:$B,'Product Tgt'!$D:$D),0) -> 0 | ... EI12: =IFERROR(CZ12*_xlfn.XLOOKUP(EI$7,'Product Tgt'!$B:$B,'Product Tgt'!$D:$D),0) -> 0
B13: SYT-BIRA-BIR2 | C13: =_xlfn.XLOOKUP($B13,'Terr Target'!$A:$A,'Terr Target'!$E:$E) -> 134305.45 | D13: =SUM(AM13:BQ13) -> 134303 | E13: =D13-C13 -> -2.4516152 | F13: =ABS(E13)/D13 -> 1.8254359e-05 | G13: =1-E13/D13 -> 1.0000183 | H13: 10287.436 | I13: 19004.848 | J13: 10204.882 | K13: 12019.699 | L13: 11808.188 | M13: 6918.9492 | N13: 255.76805 | O13: 953.62945 | P13: 338.34209 | Q13: 0 | R13: 7033.415 | S13: 7636.9204 | T13: 0 | U13: 0 | V13: 8863.6383 | W13: 6587.7971 | X13: 2332.2131 | Y13: 2555.7773 | Z13: 0 | AA13: 2654.4734 | AB13: 889.2217 | AC13: 1011.0385 | AD13: 4727.8471 | AE13: 8868.6834 | AF13: 0 | AG13: 5363.2845 | AH13: 680.73232 | AI13: 2789.3913 | AJ13: 4599.9983 | AK13: 1459.2947 | AL13: 1942.2924 | AM13: =IFERROR(ROUND(_xlfn.XLOOKUP(AM$7,'Product Tgt'!$B:$B,'Product Tgt'!$G:$G)*H13/H$121,0),0) -> 10001 | AN13: =IFERROR(ROUND(_xlfn.XLOOKUP(AN$7,'Product Tgt'!$B:$B,'Product Tgt'!$G:$G)*I13/I$121,0),0) -> 18708 | AO13: =IFERROR(ROUND(_xlfn.XLOOKUP(AO$7,'Product Tgt'!$B:$B,'Product Tgt'!$G:$G)*J13/J$121,0),0) -> 9887 | AP13: =IFERROR(ROUND(_xlfn.XLOOKUP(AP$7,'Product Tgt'!$B:$B,'Product Tgt'!$G:$G)*K13/K$121,0),0) -> 11725 | AQ13: =IFERROR(ROUND(_xlfn.XLOOKUP(AQ$7,'Product Tgt'!$B:$B,'Product Tgt'!$G:$G)*L13/L$121,0),0) -> 11418 | AR13: =IFERROR(ROUND(_xlfn.XLOOKUP(AR$7,'Product Tgt'!$B:$B,'Product Tgt'!$G:$G)*M13/M$121,0),0) -> 6703 | AS13: =IFERROR(ROUND(_xlfn.XLOOKUP(AS$7,'Product Tgt'!$B:$B,'Product Tgt'!$G:$G)*N13/N$121,0),0) -> 236 | AT13: =IFERROR(ROUND(_xlfn.XLOOKUP(AT$7,'Product Tgt'!$B:$B,'Product Tgt'!$G:$G)*O13/O$121,0),0) -> 858 | ... BQ13: =IFERROR(ROUND(_xlfn.XLOOKUP(BQ$7,'Product Tgt'!$B:$B,'Product Tgt'!$G:$G)*AL13/AL$121,0),0) -> 1518 | BR13: =ROUND(IFERROR(AM13/_xlfn.XLOOKUP(BR$7,'Product Tgt'!$B:$B,'Product Tgt'!$D:$D),0),0) -> 0 | BS13: =ROUND(IFERROR(AN13/_xlfn.XLOOKUP(BS$7,'Product Tgt'!$B:$B,'Product Tgt'!$D:$D),0),0) -> 0 | BT13: =ROUND(IFERROR(AO13/_xlfn.XLOOKUP(BT$7,'Product Tgt'!$B:$B,'Product Tgt'!$D:$D),0),0) -> 0 | BU13: =ROUND(IFERROR(AP13/_xlfn.XLOOKUP(BU$7,'Product Tgt'!$B:$B,'Product Tgt'!$D:$D),0),0) -> 0 | BV13: =ROUND(IFERROR(AQ13/_xlfn.XLOOKUP(BV$7,'Product Tgt'!$B:$B,'Product Tgt'!$D:$D),0),0) -> 0 | BW13: =ROUND(IFERROR(AU13/_xlfn.XLOOKUP(BW$7,'Product Tgt'!$B:$B,'Product Tgt'!$D:$D),0),0) -> 0 | BX13: =ROUND(IFERROR(#REF!/_xlfn.XLOOKUP(BX$7,'Product Tgt'!$B:$B,'Product Tgt'!$D:$D),0),0) -> 0 | BY13: =ROUND(IFERROR(#REF!/_xlfn.XLOOKUP(BY$7,'Product Tgt'!$B:$B,'Product Tgt'!$D:$D),0),0) -> 0 | BZ13: =ROUND(IFERROR(#REF!/_xlfn.XLOOKUP(BZ$7,'Product Tgt'!$B:$B,'Product Tgt'!$D:$D),0),0) -> 0 | CA13: =ROUND(IFERROR(#REF!/_xlfn.XLOOKUP(CA$7,'Product Tgt'!$B:$B,'Product Tgt'!$D:$D),0),0) -> 0 | CB13: =ROUND(IFERROR(AV13/_xlfn.XLOOKUP(CB$7,'Product Tgt'!$B:$B,'Product Tgt'!$D:$D),0),0) -> 0 | CC13: =ROUND(IFERROR(AW13/_xlfn.XLOOKUP(CC$7,'Product Tgt'!$B:$B,'Product Tgt'!$D:$D),0),0) -> 0 | CD13: =ROUND(IFERROR(AX13/_xlfn.XLOOKUP(CD$7,'Product Tgt'!$B:$B,'Product Tgt'!$D:$D),0),0) -> 0 | CE13: =ROUND(IFERROR(AY13/_xlfn.XLOOKUP(CE$7,'Product Tgt'!$B:$B,'Product Tgt'!$D:$D),0),0) -> 0 | CF13: =ROUND(IFERROR(AZ13/_xlfn.XLOOKUP(CF$7,'Product Tgt'!$B:$B,'Product Tgt'!$D:$D),0),0) -> 0 | CG13: =ROUND(IFERROR(BA13/_xlfn.XLOOKUP(CG$7,'Product Tgt'!$B:$B,'Product Tgt'!$D:$D),0),0) -> 0 | CH13: =ROUND(IFERROR(BB13/_xlfn.XLOOKUP(CH$7,'Product Tgt'!$B:$B,'Product Tgt'!$D:$D),0),0) -> 0 | CI13: =ROUND(IFERROR(BC13/_xlfn.XLOOKUP(CI$7,'Product Tgt'!$B:$B,'Product Tgt'!$D:$D),0),0) -> 0 | ... CW13: =ROUND(IFERROR(BQ13/_xlfn.XLOOKUP(CW$7,'Product Tgt'!$B:$B,'Product Tgt'!$D:$D),0),0) -> 0 | CX13: =ROUND(IFERROR(#REF!/_xlfn.XLOOKUP(CX$7,'Product Tgt'!$B:$B,'Product Tgt'!$D:$D),0),0) -> 0 | CY13: =ROUND(IFERROR(#REF!/_xlfn.XLOOKUP(CY$7,'Product Tgt'!$B:$B,'Product Tgt'!$D:$D),0),0) -> 0 | CZ13: =ROUND(IFERROR(#REF!/_xlfn.XLOOKUP(CZ$7,'Product Tgt'!$B:$B,'Product Tgt'!$D:$D),0),0) -> 0 | DA13: =IFERROR(BR13*_xlfn.XLOOKUP(DA$7,'Product Tgt'!$B:$B,'Product Tgt'!$D:$D),0) -> 0 | DB13: =IFERROR(BS13*_xlfn.XLOOKUP(DB$7,'Product Tgt'!$B:$B,'Product Tgt'!$D:$D),0) -> 0 | DC13: =IFERROR(BT13*_xlfn.XLOOKUP(DC$7,'Product Tgt'!$B:$B,'Product Tgt'!$D:$D),0) -> 0 | DD13: =IFERROR(BU13*_xlfn.XLOOKUP(DD$7,'Product Tgt'!$B:$B,'Product Tgt'!$D:$D),0) -> 0 | DE13: =IFERROR(BV13*_xlfn.XLOOKUP(DE$7,'Product Tgt'!$B:$B,'Product Tgt'!$D:$D),0) -> 0 | DF13: =IFERROR(BW13*_xlfn.XLOOKUP(DF$7,'Product Tgt'!$B:$B,'Product Tgt'!$D:$D),0) -> 0 | DG13: =IFERROR(BX13*_xlfn.XLOOKUP(DG$7,'Product Tgt'!$B:$B,'Product Tgt'!$D:$D),0) -> 0 | DH13: =IFERROR(BY13*_xlfn.XLOOKUP(DH$7,'Product Tgt'!$B:$B,'Product Tgt'!$D:$D),0) -> 0 | ... EI13: =IFERROR(CZ13*_xlfn.XLOOKUP(EI$7,'Product Tgt'!$B:$B,'Product Tgt'!$D:$D),0) -> 0
B14: SYT-BIRA-BIR3 | C14: =_xlfn.XLOOKUP($B14,'Terr Target'!$A:$A,'Terr Target'!$E:$E) -> 127483.42 | D14: =SUM(AM14:BQ14) -> 127484 | E14: =D14-C14 -> 0.58 | F14: =ABS(E14)/D14 -> 4.5495905e-06 | G14: =1-E14/D14 -> 0.99999545 | H14: 9850.1174 | I14: 17880.151 | J14: 10012.323 | K14: 10389.816 | L14: 9190.9937 | M14: 6461.3605 | N14: 253.32974 | O14: 1126.7344 | P14: 262.87995 | Q14: 0 | R14: 3911.072 | S14: 6392.4739 | T14: 0 | U14: 1734.0792 | V14: 8136.2516 | W14: 5500.1172 | X14: 1189.2718 | Y14: 1159.593 | Z14: 217.3018 | AA14: 2271.488 | AB14: 697.44115 | AC14: 2298.0081 | AD14: 10552.89 | AE14: 11306.562 | AF14: 431.38133 | AG14: 4031.0167 | AH14: 480.14995 | AI14: 2139.0146 | AJ14: 4854.614 | AK14: 1028.2538 | AL14: 1368.2668 | AM14: =IFERROR(ROUND(_xlfn.XLOOKUP(AM$7,'Product Tgt'!$B:$B,'Product Tgt'!$G:$G)*H14/H$121,0),0) -> 9576 | AN14: =IFERROR(ROUND(_xlfn.XLOOKUP(AN$7,'Product Tgt'!$B:$B,'Product Tgt'!$G:$G)*I14/I$121,0),0) -> 17601 | AO14: =IFERROR(ROUND(_xlfn.XLOOKUP(AO$7,'Product Tgt'!$B:$B,'Product Tgt'!$G:$G)*J14/J$121,0),0) -> 9701 | AP14: =IFERROR(ROUND(_xlfn.XLOOKUP(AP$7,'Product Tgt'!$B:$B,'Product Tgt'!$G:$G)*K14/K$121,0),0) -> 10136 | AQ14: =IFERROR(ROUND(_xlfn.XLOOKUP(AQ$7,'Product Tgt'!$B:$B,'Product Tgt'!$G:$G)*L14/L$121,0),0) -> 8887 | AR14: =IFERROR(ROUND(_xlfn.XLOOKUP(AR$7,'Product Tgt'!$B:$B,'Product Tgt'!$G:$G)*M14/M$121,0),0) -> 6260 | AS14: =IFERROR(ROUND(_xlfn.XLOOKUP(AS$7,'Product Tgt'!$B:$B,'Product Tgt'!$G:$G)*N14/N$121,0),0) -> 234 | AT14: =IFERROR(ROUND(_xlfn.XLOOKUP(AT$7,'Product Tgt'!$B:$B,'Product Tgt'!$G:$G)*O14/O$121,0),0) -> 1014 | ... BQ14: =IFERROR(ROUND(_xlfn.XLOOKUP(BQ$7,'Product Tgt'!$B:$B,'Product Tgt'!$G:$G)*AL14/AL$121,0),0) -> 1070 | BR14: =ROUND(IFERROR(AM14/_xlfn.XLOOKUP(BR$7,'Product Tgt'!$B:$B,'Product Tgt'!$D:$D),0),0) -> 0 | BS14: =ROUND(IFERROR(AN14/_xlfn.XLOOKUP(BS$7,'Product Tgt'!$B:$B,'Product Tgt'!$D:$D),0),0) -> 0 | BT14: =ROUND(IFERROR(AO14/_xlfn.XLOOKUP(BT$7,'Product Tgt'!$B:$B,'Product Tgt'!$D:$D),0),0) -> 0 | BU14: =ROUND(IFERROR(AP14/_xlfn.XLOOKUP(BU$7,'Product Tgt'!$B:$B,'Product Tgt'!$D:$D),0),0) -> 0 | BV14: =ROUND(IFERROR(AQ14/_xlfn.XLOOKUP(BV$7,'Product Tgt'!$B:$B,'Product Tgt'!$D:$D),0),0) -> 0 | BW14: =ROUND(IFERROR(AU14/_xlfn.XLOOKUP(BW$7,'Product Tgt'!$B:$B,'Product Tgt'!$D:$D),0),0) -> 0 | BX14: =ROUND(IFERROR(#REF!/_xlfn.XLOOKUP(BX$7,'Product Tgt'!$B:$B,'Product Tgt'!$D:$D),0),0) -> 0 | BY14: =ROUND(IFERROR(#REF!/_xlfn.XLOOKUP(BY$7,'Product Tgt'!$B:$B,'Product Tgt'!$D:$D),0),0) -> 0 | BZ14: =ROUND(IFERROR(#REF!/_xlfn.XLOOKUP(BZ$7,'Product Tgt'!$B:$B,'Product Tgt'!$D:$D),0),0) -> 0 | CA14: =ROUND(IFERROR(#REF!/_xlfn.XLOOKUP(CA$7,'Product Tgt'!$B:$B,'Product Tgt'!$D:$D),0),0) -> 0 | CB14: =ROUND(IFERROR(AV14/_xlfn.XLOOKUP(CB$7,'Product Tgt'!$B:$B,'Product Tgt'!$D:$D),0),0) -> 0 | CC14: =ROUND(IFERROR(AW14/_xlfn.XLOOKUP(CC$7,'Product Tgt'!$B:$B,'Product Tgt'!$D:$D),0),0) -> 0 | CD14: =ROUND(IFERROR(AX14/_xlfn.XLOOKUP(CD$7,'Product Tgt'!$B:$B,'Product Tgt'!$D:$D),0),0) -> 0 | CE14: =ROUND(IFERROR(AY14/_xlfn.XLOOKUP(CE$7,'Product Tgt'!$B:$B,'Product Tgt'!$D:$D),0),0) -> 0 | CF14: =ROUND(IFERROR(AZ14/_xlfn.XLOOKUP(CF$7,'Product Tgt'!$B:$B,'Product Tgt'!$D:$D),0),0) -> 0 | CG14: =ROUND(IFERROR(BA14/_xlfn.XLOOKUP(CG$7,'Product Tgt'!$B:$B,'Product Tgt'!$D:$D),0),0) -> 0 | CH14: =ROUND(IFERROR(BB14/_xlfn.XLOOKUP(CH$7,'Product Tgt'!$B:$B,'Product Tgt'!$D:$D),0),0) -> 0 | CI14: =ROUND(IFERROR(BC14/_xlfn.XLOOKUP(CI$7,'Product Tgt'!$B:$B,'Product Tgt'!$D:$D),0),0) -> 0 | ... CW14: =ROUND(IFERROR(BQ14/_xlfn.XLOOKUP(CW$7,'Product Tgt'!$B:$B,'Product Tgt'!$D:$D),0),0) -> 0 | CX14: =ROUND(IFERROR(#REF!/_xlfn.XLOOKUP(CX$7,'Product Tgt'!$B:$B,'Product Tgt'!$D:$D),0),0) -> 0 | CY14: =ROUND(IFERROR(#REF!/_xlfn.XLOOKUP(CY$7,'Product Tgt'!$B:$B,'Product Tgt'!$D:$D),0),0) -> 0 | CZ14: =ROUND(IFERROR(#REF!/_xlfn.XLOOKUP(CZ$7,'Product Tgt'!$B:$B,'Product Tgt'!$D:$D),0),0) -> 0 | DA14: =IFERROR(BR14*_xlfn.XLOOKUP(DA$7,'Product Tgt'!$B:$B,'Product Tgt'!$D:$D),0) -> 0 | DB14: =IFERROR(BS14*_xlfn.XLOOKUP(DB$7,'Product Tgt'!$B:$B,'Product Tgt'!$D:$D),0) -> 0 | DC14: =IFERROR(BT14*_xlfn.XLOOKUP(DC$7,'Product Tgt'!$B:$B,'Product Tgt'!$D:$D),0) -> 0 | DD14: =IFERROR(BU14*_xlfn.XLOOKUP(DD$7,'Product Tgt'!$B:$B,'Product Tgt'!$D:$D),0) -> 0 | DE14: =IFERROR(BV14*_xlfn.XLOOKUP(DE$7,'Product Tgt'!$B:$B,'Product Tgt'!$D:$D),0) -> 0 | DF14: =IFERROR(BW14*_xlfn.XLOOKUP(DF$7,'Product Tgt'!$B:$B,'Product Tgt'!$D:$D),0) -> 0 | DG14: =IFERROR(BX14*_xlfn.XLOOKUP(DG$7,'Product Tgt'!$B:$B,'Product Tgt'!$D:$D),0) -> 0 | DH14: =IFERROR(BY14*_xlfn.XLOOKUP(DH$7,'Product Tgt'!$B:$B,'Product Tgt'!$D:$D),0) -> 0 | ... EI14: =IFERROR(CZ14*_xlfn.XLOOKUP(EI$7,'Product Tgt'!$B:$B,'Product Tgt'!$D:$D),0) -> 0
B15: SYT-BIRA-ICH1 | C15: =_xlfn.XLOOKUP($B15,'Terr Target'!$A:$A,'Terr Target'!$E:$E) -> 200671.52 | D15: =SUM(AM15:BQ15) -> 200663 | E15: =D15-C15 -> -8.5196618 | F15: =ABS(E15)/D15 -> 4.2457562e-05 | G15: =1-E15/D15 -> 1.0000425 | H15: 15820.847 | I15: 27715.627 | J15: 14916.237 | K15: 16489.316 | L15: 11570.668 | M15: 9040.3456 | N15: 212.26689 | O15: 1171.5111 | P15: 2283.3852 | Q15: 1719.4123 | R15: 5553.5487 | S15: 8018.4625 | T15: 0 | U15: 1235.2012 | V15: 13842.854 | W15: 9042.5592 | X15: 2930.3039 | Y15: 2871.6576 | Z15: 0 | AA15: 3074.8476 | AB15: 1182.6298 | AC15: 2954.5933 | AD15: 12011.223 | AE15: 18365.129 | AF15: 6235.3802 | AG15: 7133.1377 | AH15: 544.81834 | AI15: 3942.1195 | AJ15: 10204.933 | AK15: 1182.741 | AL15: 1383.6263 | AM15: =IFERROR(ROUND(_xlfn.XLOOKUP(AM$7,'Product Tgt'!$B:$B,'Product Tgt'!$G:$G)*H15/H$121,0),0) -> 15380 | AN15: =IFERROR(ROUND(_xlfn.XLOOKUP(AN$7,'Product Tgt'!$B:$B,'Product Tgt'!$G:$G)*I15/I$121,0),0) -> 27283 | AO15: =IFERROR(ROUND(_xlfn.XLOOKUP(AO$7,'Product Tgt'!$B:$B,'Product Tgt'!$G:$G)*J15/J$121,0),0) -> 14452 | AP15: =IFERROR(ROUND(_xlfn.XLOOKUP(AP$7,'Product Tgt'!$B:$B,'Product Tgt'!$G:$G)*K15/K$121,0),0) -> 16086 | AQ15: =IFERROR(ROUND(_xlfn.XLOOKUP(AQ$7,'Product Tgt'!$B:$B,'Product Tgt'!$G:$G)*L15/L$121,0),0) -> 11188 | AR15: =IFERROR(ROUND(_xlfn.XLOOKUP(AR$7,'Product Tgt'!$B:$B,'Product Tgt'!$G:$G)*M15/M$121,0),0) -> 8758 | AS15: =IFERROR(ROUND(_xlfn.XLOOKUP(AS$7,'Product Tgt'!$B:$B,'Product Tgt'!$G:$G)*N15/N$121,0),0) -> 196 | AT15: =IFERROR(ROUND(_xlfn.XLOOKUP(AT$7,'Product Tgt'!$B:$B,'Product Tgt'!$G:$G)*O15/O$121,0),0) -> 1054 | ... BQ15: =IFERROR(ROUND(_xlfn.XLOOKUP(BQ$7,'Product Tgt'!$B:$B,'Product Tgt'!$G:$G)*AL15/AL$121,0),0) -> 1082 | BR15: =ROUND(IFERROR(AM15/_xlfn.XLOOKUP(BR$7,'Product Tgt'!$B:$B,'Product Tgt'!$D:$D),0),0) -> 0 | BS15: =ROUND(IFERROR(AN15/_xlfn.XLOOKUP(BS$7,'Product Tgt'!$B:$B,'Product Tgt'!$D:$D),0),0) -> 0 | BT15: =ROUND(IFERROR(AO15/_xlfn.XLOOKUP(BT$7,'Product Tgt'!$B:$B,'Product Tgt'!$D:$D),0),0) -> 0 | BU15: =ROUND(IFERROR(AP15/_xlfn.XLOOKUP(BU$7,'Product Tgt'!$B:$B,'Product Tgt'!$D:$D),0),0) -> 0 | BV15: =ROUND(IFERROR(AQ15/_xlfn.XLOOKUP(BV$7,'Product Tgt'!$B:$B,'Product Tgt'!$D:$D),0),0) -> 0 | BW15: =ROUND(IFERROR(AU15/_xlfn.XLOOKUP(BW$7,'Product Tgt'!$B:$B,'Product Tgt'!$D:$D),0),0) -> 0 | BX15: =ROUND(IFERROR(#REF!/_xlfn.XLOOKUP(BX$7,'Product Tgt'!$B:$B,'Product Tgt'!$D:$D),0),0) -> 0 | BY15: =ROUND(IFERROR(#REF!/_xlfn.XLOOKUP(BY$7,'Product Tgt'!$B:$B,'Product Tgt'!$D:$D),0),0) -> 0 | BZ15: =ROUND(IFERROR(#REF!/_xlfn.XLOOKUP(BZ$7,'Product Tgt'!$B:$B,'Product Tgt'!$D:$D),0),0) -> 0 | CA15: =ROUND(IFERROR(#REF!/_xlfn.XLOOKUP(CA$7,'Product Tgt'!$B:$B,'Product Tgt'!$D:$D),0),0) -> 0 | CB15: =ROUND(IFERROR(AV15/_xlfn.XLOOKUP(CB$7,'Product Tgt'!$B:$B,'Product Tgt'!$D:$D),0),0) -> 0 | CC15: =ROUND(IFERROR(AW15/_xlfn.XLOOKUP(CC$7,'Product Tgt'!$B:$B,'Product Tgt'!$D:$D),0),0) -> 0 | CD15: =ROUND(IFERROR(AX15/_xlfn.XLOOKUP(CD$7,'Product Tgt'!$B:$B,'Product Tgt'!$D:$D),0),0) -> 0 | CE15: =ROUND(IFERROR(AY15/_xlfn.XLOOKUP(CE$7,'Product Tgt'!$B:$B,'Product Tgt'!$D:$D),0),0) -> 0 | CF15: =ROUND(IFERROR(AZ15/_xlfn.XLOOKUP(CF$7,'Product Tgt'!$B:$B,'Product Tgt'!$D:$D),0),0) -> 0 | CG15: =ROUND(IFERROR(BA15/_xlfn.XLOOKUP(CG$7,'Product Tgt'!$B:$B,'Product Tgt'!$D:$D),0),0) -> 0 | CH15: =ROUND(IFERROR(BB15/_xlfn.XLOOKUP(CH$7,'Product Tgt'!$B:$B,'Product Tgt'!$D:$D),0),0) -> 0 | CI15: =ROUND(IFERROR(BC15/_xlfn.XLOOKUP(CI$7,'Product Tgt'!$B:$B,'Product Tgt'!$D:$D),0),0) -> 0 | ... CW15: =ROUND(IFERROR(BQ15/_xlfn.XLOOKUP(CW$7,'Product Tgt'!$B:$B,'Product Tgt'!$D:$D),0),0) -> 0 | CX15: =ROUND(IFERROR(#REF!/_xlfn.XLOOKUP(CX$7,'Product Tgt'!$B:$B,'Product Tgt'!$D:$D),0),0) -> 0 | CY15: =ROUND(IFERROR(#REF!/_xlfn.XLOOKUP(CY$7,'Product Tgt'!$B:$B,'Product Tgt'!$D:$D),0),0) -> 0 | CZ15: =ROUND(IFERROR(#REF!/_xlfn.XLOOKUP(CZ$7,'Product Tgt'!$B:$B,'Product Tgt'!$D:$D),0),0) -> 0 | DA15: =IFERROR(BR15*_xlfn.XLOOKUP(DA$7,'Product Tgt'!$B:$B,'Product Tgt'!$D:$D),0) -> 0 | DB15: =IFERROR(BS15*_xlfn.XLOOKUP(DB$7,'Product Tgt'!$B:$B,'Product Tgt'!$D:$D),0) -> 0 | DC15: =IFERROR(BT15*_xlfn.XLOOKUP(DC$7,'Product Tgt'!$B:$B,'Product Tgt'!$D:$D),0) -> 0 | DD15: =IFERROR(BU15*_xlfn.XLOOKUP(DD$7,'Product Tgt'!$B:$B,'Product Tgt'!$D:$D),0) -> 0 | DE15: =IFERROR(BV15*_xlfn.XLOOKUP(DE$7,'Product Tgt'!$B:$B,'Product Tgt'!$D:$D),0) -> 0 | DF15: =IFERROR(BW15*_xlfn.XLOOKUP(DF$7,'Product Tgt'!$B:$B,'Product Tgt'!$D:$D),0) -> 0 | DG15: =IFERROR(BX15*_xlfn.XLOOKUP(DG$7,'Product Tgt'!$B:$B,'Product Tgt'!$D:$D),0) -> 0 | DH15: =IFERROR(BY15*_xlfn.XLOOKUP(DH$7,'Product Tgt'!$B:$B,'Product Tgt'!$D:$D),0) -> 0 | ... EI15: =IFERROR(CZ15*_xlfn.XLOOKUP(EI$7,'Product Tgt'!$B:$B,'Product Tgt'!$D:$D),0) -> 0
B16: SYT-BOGA-BOG1 | C16: =_xlfn.XLOOKUP($B16,'Terr Target'!$A:$A,'Terr Target'!$E:$E) -> 319622.16 | D16: =SUM(AM16:BQ16) -> 319621 | E16: =D16-C16 -> -1.1550293 | F16: =ABS(E16)/D16 -> 3.6137465e-06 | G16: =1-E16/D16 -> 1.0000036 | H16: 35360.079 | I16: 66712.788 | J16: 25727.298 | K16: 23685.834 | L16: 31275.753 | M16: 22712.063 | N16: 293.41275 | O16: 2568.8486 | P16: 1307.4033 | Q16: 1111.8347 | R16: 4890.2724 | S16: 12692.307 | T16: 0 | U16: 1480.0378 | V16: 18838.336 | W16: 19826.349 | X16: 3366.2826 | Y16: 8793.3905 | Z16: 335.34882 | AA16: 6023.9434 | AB16: 1676.6742 | AC16: 396.21699 | AD16: 3335.3046 | AE16: 7335.3287 | AF16: 911.14639 | AG16: 13024.951 | AH16: 1416.1457 | AI16: 8105.7967 | AJ16: 8684.6381 | AK16: 884.3101 | AL16: 1641.5246 | AM16: =IFERROR(ROUND(_xlfn.XLOOKUP(AM$7,'Product Tgt'!$B:$B,'Product Tgt'!$G:$G)*H16/H$121,0),0) -> 34376 | AN16: =IFERROR(ROUND(_xlfn.XLOOKUP(AN$7,'Product Tgt'!$B:$B,'Product Tgt'!$G:$G)*I16/I$121,0),0) -> 65672 | AO16: =IFERROR(ROUND(_xlfn.XLOOKUP(AO$7,'Product Tgt'!$B:$B,'Product Tgt'!$G:$G)*J16/J$121,0),0) -> 24927 | AP16: =IFERROR(ROUND(_xlfn.XLOOKUP(AP$7,'Product Tgt'!$B:$B,'Product Tgt'!$G:$G)*K16/K$121,0),0) -> 23106 | AQ16: =IFERROR(ROUND(_xlfn.XLOOKUP(AQ$7,'Product Tgt'!$B:$B,'Product Tgt'!$G:$G)*L16/L$121,0),0) -> 30242 | AR16: =IFERROR(ROUND(_xlfn.XLOOKUP(AR$7,'Product Tgt'!$B:$B,'Product Tgt'!$G:$G)*M16/M$121,0),0) -> 22003 | AS16: =IFERROR(ROUND(_xlfn.XLOOKUP(AS$7,'Product Tgt'!$B:$B,'Product Tgt'!$G:$G)*N16/N$121,0),0) -> 271 | AT16: =IFERROR(ROUND(_xlfn.XLOOKUP(AT$7,'Product Tgt'!$B:$B,'Product Tgt'!$G:$G)*O16/O$121,0),0) -> 2312 | ... BQ16: =IFERROR(ROUND(_xlfn.XLOOKUP(BQ$7,'Product Tgt'!$B:$B,'Product Tgt'!$G:$G)*AL16/AL$121,0),0) -> 1283 | BR16: =ROUND(IFERROR(AM16/_xlfn.XLOOKUP(BR$7,'Product Tgt'!$B:$B,'Product Tgt'!$D:$D),0),0) -> 0 | BS16: =ROUND(IFERROR(AN16/_xlfn.XLOOKUP(BS$7,'Product Tgt'!$B:$B,'Product Tgt'!$D:$D),0),0) -> 0 | BT16: =ROUND(IFERROR(AO16/_xlfn.XLOOKUP(BT$7,'Product Tgt'!$B:$B,'Product Tgt'!$D:$D),0),0) -> 0 | BU16: =ROUND(IFERROR(AP16/_xlfn.XLOOKUP(BU$7,'Product Tgt'!$B:$B,'Product Tgt'!$D:$D),0),0) -> 0 | BV16: =ROUND(IFERROR(AQ16/_xlfn.XLOOKUP(BV$7,'Product Tgt'!$B:$B,'Product Tgt'!$D:$D),0),0) -> 0 | BW16: =ROUND(IFERROR(AU16/_xlfn.XLOOKUP(BW$7,'Product Tgt'!$B:$B,'Product Tgt'!$D:$D),0),0) -> 0 | BX16: =ROUND(IFERROR(#REF!/_xlfn.XLOOKUP(BX$7,'Product Tgt'!$B:$B,'Product Tgt'!$D:$D),0),0) -> 0 | BY16: =ROUND(IFERROR(#REF!/_xlfn.XLOOKUP(BY$7,'Product Tgt'!$B:$B,'Product Tgt'!$D:$D),0),0) -> 0 | BZ16: =ROUND(IFERROR(#REF!/_xlfn.XLOOKUP(BZ$7,'Product Tgt'!$B:$B,'Product Tgt'!$D:$D),0),0) -> 0 | CA16: =ROUND(IFERROR(#REF!/_xlfn.XLOOKUP(CA$7,'Product Tgt'!$B:$B,'Product Tgt'!$D:$D),0),0) -> 0 | CB16: =ROUND(IFERROR(AV16/_xlfn.XLOOKUP(CB$7,'Product Tgt'!$B:$B,'Product Tgt'!$D:$D),0),0) -> 0 | CC16: =ROUND(IFERROR(AW16/_xlfn.XLOOKUP(CC$7,'Product Tgt'!$B:$B,'Product Tgt'!$D:$D),0),0) -> 0 | CD16: =ROUND(IFERROR(AX16/_xlfn.XLOOKUP(CD$7,'Product Tgt'!$B:$B,'Product Tgt'!$D:$D),0),0) -> 0 | CE16: =ROUND(IFERROR(AY16/_xlfn.XLOOKUP(CE$7,'Product Tgt'!$B:$B,'Product Tgt'!$D:$D),0),0) -> 0 | CF16: =ROUND(IFERROR(AZ16/_xlfn.XLOOKUP(CF$7,'Product Tgt'!$B:$B,'Product Tgt'!$D:$D),0),0) -> 0 | CG16: =ROUND(IFERROR(BA16/_xlfn.XLOOKUP(CG$7,'Product Tgt'!$B:$B,'Product Tgt'!$D:$D),0),0) -> 0 | CH16: =ROUND(IFERROR(BB16/_xlfn.XLOOKUP(CH$7,'Product Tgt'!$B:$B,'Product Tgt'!$D:$D),0),0) -> 0 | CI16: =ROUND(IFERROR(BC16/_xlfn.XLOOKUP(CI$7,'Product Tgt'!$B:$B,'Product Tgt'!$D:$D),0),0) -> 0 | ... CW16: =ROUND(IFERROR(BQ16/_xlfn.XLOOKUP(CW$7,'Product Tgt'!$B:$B,'Product Tgt'!$D:$D),0),0) -> 0 | CX16: =ROUND(IFERROR(#REF!/_xlfn.XLOOKUP(CX$7,'Product Tgt'!$B:$B,'Product Tgt'!$D:$D),0),0) -> 0 | CY16: =ROUND(IFERROR(#REF!/_xlfn.XLOOKUP(CY$7,'Product Tgt'!$B:$B,'Product Tgt'!$D:$D),0),0) -> 0 | CZ16: =ROUND(IFERROR(#REF!/_xlfn.XLOOKUP(CZ$7,'Product Tgt'!$B:$B,'Product Tgt'!$D:$D),0),0) -> 0 | DA16: =IFERROR(BR16*_xlfn.XLOOKUP(DA$7,'Product Tgt'!$B:$B,'Product Tgt'!$D:$D),0) -> 0 | DB16: =IFERROR(BS16*_xlfn.XLOOKUP(DB$7,'Product Tgt'!$B:$B,'Product Tgt'!$D:$D),0) -> 0 | DC16: =IFERROR(BT16*_xlfn.XLOOKUP(DC$7,'Product Tgt'!$B:$B,'Product Tgt'!$D:$D),0) -> 0 | DD16: =IFERROR(BU16*_xlfn.XLOOKUP(DD$7,'Product Tgt'!$B:$B,'Product Tgt'!$D:$D),0) -> 0 | DE16: =IFERROR(BV16*_xlfn.XLOOKUP(DE$7,'Product Tgt'!$B:$B,'Product Tgt'!$D:$D),0) -> 0 | DF16: =IFERROR(BW16*_xlfn.XLOOKUP(DF$7,'Product Tgt'!$B:$B,'Product Tgt'!$D:$D),0) -> 0 | DG16: =IFERROR(BX16*_xlfn.XLOOKUP(DG$7,'Product Tgt'!$B:$B,'Product Tgt'!$D:$D),0) -> 0 | DH16: =IFERROR(BY16*_xlfn.XLOOKUP(DH$7,'Product Tgt'!$B:$B,'Product Tgt'!$D:$D),0) -> 0 | ... EI16: =IFERROR(CZ16*_xlfn.XLOOKUP(EI$7,'Product Tgt'!$B:$B,'Product Tgt'!$D:$D),0) -> 0
B17: SYT-BOGA-BOG2 | C17: =_xlfn.XLOOKUP($B17,'Terr Target'!$A:$A,'Terr Target'!$E:$E) -> 355435.28 | D17: =SUM(AM17:BQ17) -> 355437 | E17: =D17-C17 -> 1.7185006 | F17: =ABS(E17)/D17 -> 4.8348949e-06 | G17: =1-E17/D17 -> 0.99999517 | H17: 40073.952 | I17: 75709.976 | J17: 29875.894 | K17: 26512.613 | L17: 34210.467 | M17: 24488.446 | N17: 274.83547 | O17: 2548.4762 | P17: 1183.4775 | Q17: 727.10025 | R17: 5208.8597 | S17: 13540.931 | T17: 0 | U17: 1483.9618 | V17: 19597.146 | W17: 23750.608 | X17: 3993.4878 | Y17: 9909.8086 | Z17: 260.49836 | AA17: 6762.4456 | AB17: 1471.6655 | AC17: 428.67728 | AD17: 3481.721 | AE17: 6893.705 | AF17: 969.10806 | AG17: 14408.889 | AH17: 1274.7303 | AI17: 10002.159 | AJ17: 9855.4753 | AK17: 937.44953 | AL17: 1558.6521 | AM17: =IFERROR(ROUND(_xlfn.XLOOKUP(AM$7,'Product Tgt'!$B:$B,'Product Tgt'!$G:$G)*H17/H$121,0),0) -> 38958 | AN17: =IFERROR(ROUND(_xlfn.XLOOKUP(AN$7,'Product Tgt'!$B:$B,'Product Tgt'!$G:$G)*I17/I$121,0),0) -> 74529 | AO17: =IFERROR(ROUND(_xlfn.XLOOKUP(AO$7,'Product Tgt'!$B:$B,'Product Tgt'!$G:$G)*J17/J$121,0),0) -> 28947 | AP17: =IFERROR(ROUND(_xlfn.XLOOKUP(AP$7,'Product Tgt'!$B:$B,'Product Tgt'!$G:$G)*K17/K$121,0),0) -> 25864 | AQ17: =IFERROR(ROUND(_xlfn.XLOOKUP(AQ$7,'Product Tgt'!$B:$B,'Product Tgt'!$G:$G)*L17/L$121,0),0) -> 33079 | AR17: =IFERROR(ROUND(_xlfn.XLOOKUP(AR$7,'Product Tgt'!$B:$B,'Product Tgt'!$G:$G)*M17/M$121,0),0) -> 23724 | AS17: =IFERROR(ROUND(_xlfn.XLOOKUP(AS$7,'Product Tgt'!$B:$B,'Product Tgt'!$G:$G)*N17/N$121,0),0) -> 254 | AT17: =IFERROR(ROUND(_xlfn.XLOOKUP(AT$7,'Product Tgt'!$B:$B,'Product Tgt'!$G:$G)*O17/O$121,0),0) -> 2294 | ... BQ17: =IFERROR(ROUND(_xlfn.XLOOKUP(BQ$7,'Product Tgt'!$B:$B,'Product Tgt'!$G:$G)*AL17/AL$121,0),0) -> 1218 | BR17: =ROUND(IFERROR(AM17/_xlfn.XLOOKUP(BR$7,'Product Tgt'!$B:$B,'Product Tgt'!$D:$D),0),0) -> 0 | BS17: =ROUND(IFERROR(AN17/_xlfn.XLOOKUP(BS$7,'Product Tgt'!$B:$B,'Product Tgt'!$D:$D),0),0) -> 0 | BT17: =ROUND(IFERROR(AO17/_xlfn.XLOOKUP(BT$7,'Product Tgt'!$B:$B,'Product Tgt'!$D:$D),0),0) -> 0 | BU17: =ROUND(IFERROR(AP17/_xlfn.XLOOKUP(BU$7,'Product Tgt'!$B:$B,'Product Tgt'!$D:$D),0),0) -> 0 | BV17: =ROUND(IFERROR(AQ17/_xlfn.XLOOKUP(BV$7,'Product Tgt'!$B:$B,'Product Tgt'!$D:$D),0),0) -> 0 | BW17: =ROUND(IFERROR(AU17/_xlfn.XLOOKUP(BW$7,'Product Tgt'!$B:$B,'Product Tgt'!$D:$D),0),0) -> 0 | BX17: =ROUND(IFERROR(#REF!/_xlfn.XLOOKUP(BX$7,'Product Tgt'!$B:$B,'Product Tgt'!$D:$D),0),0) -> 0 | BY17: =ROUND(IFERROR(#REF!/_xlfn.XLOOKUP(BY$7,'Product Tgt'!$B:$B,'Product Tgt'!$D:$D),0),0) -> 0 | BZ17: =ROUND(IFERROR(#REF!/_xlfn.XLOOKUP(BZ$7,'Product Tgt'!$B:$B,'Product Tgt'!$D:$D),0),0) -> 0 | CA17: =ROUND(IFERROR(#REF!/_xlfn.XLOOKUP(CA$7,'Product Tgt'!$B:$B,'Product Tgt'!$D:$D),0),0) -> 0 | CB17: =ROUND(IFERROR(AV17/_xlfn.XLOOKUP(CB$7,'Product Tgt'!$B:$B,'Product Tgt'!$D:$D),0),0) -> 0 | CC17: =ROUND(IFERROR(AW17/_xlfn.XLOOKUP(CC$7,'Product Tgt'!$B:$B,'Product Tgt'!$D:$D),0),0) -> 0 | CD17: =ROUND(IFERROR(AX17/_xlfn.XLOOKUP(CD$7,'Product Tgt'!$B:$B,'Product Tgt'!$D:$D),0),0) -> 0 | CE17: =ROUND(IFERROR(AY17/_xlfn.XLOOKUP(CE$7,'Product Tgt'!$B:$B,'Product Tgt'!$D:$D),0),0) -> 0 | CF17: =ROUND(IFERROR(AZ17/_xlfn.XLOOKUP(CF$7,'Product Tgt'!$B:$B,'Product Tgt'!$D:$D),0),0) -> 0 | CG17: =ROUND(IFERROR(BA17/_xlfn.XLOOKUP(CG$7,'Product Tgt'!$B:$B,'Product Tgt'!$D:$D),0),0) -> 0 | CH17: =ROUND(IFERROR(BB17/_xlfn.XLOOKUP(CH$7,'Product Tgt'!$B:$B,'Product Tgt'!$D:$D),0),0) -> 0 | CI17: =ROUND(IFERROR(BC17/_xlfn.XLOOKUP(CI$7,'Product Tgt'!$B:$B,'Product Tgt'!$D:$D),0),0) -> 0 | ... CW17: =ROUND(IFERROR(BQ17/_xlfn.XLOOKUP(CW$7,'Product Tgt'!$B:$B,'Product Tgt'!$D:$D),0),0) -> 0 | CX17: =ROUND(IFERROR(#REF!/_xlfn.XLOOKUP(CX$7,'Product Tgt'!$B:$B,'Product Tgt'!$D:$D),0),0) -> 0 | CY17: =ROUND(IFERROR(#REF!/_xlfn.XLOOKUP(CY$7,'Product Tgt'!$B:$B,'Product Tgt'!$D:$D),0),0) -> 0 | CZ17: =ROUND(IFERROR(#REF!/_xlfn.XLOOKUP(CZ$7,'Product Tgt'!$B:$B,'Product Tgt'!$D:$D),0),0) -> 0 | DA17: =IFERROR(BR17*_xlfn.XLOOKUP(DA$7,'Product Tgt'!$B:$B,'Product Tgt'!$D:$D),0) -> 0 | DB17: =IFERROR(BS17*_xlfn.XLOOKUP(DB$7,'Product Tgt'!$B:$B,'Product Tgt'!$D:$D),0) -> 0 | DC17: =IFERROR(BT17*_xlfn.XLOOKUP(DC$7,'Product Tgt'!$B:$B,'Product Tgt'!$D:$D),0) -> 0 | DD17: =IFERROR(BU17*_xlfn.XLOOKUP(DD$7,'Product Tgt'!$B:$B,'Product Tgt'!$D:$D),0) -> 0 | DE17: =IFERROR(BV17*_xlfn.XLOOKUP(DE$7,'Product Tgt'!$B:$B,'Product Tgt'!$D:$D),0) -> 0 | DF17: =IFERROR(BW17*_xlfn.XLOOKUP(DF$7,'Product Tgt'!$B:$B,'Product Tgt'!$D:$D),0) -> 0 | DG17: =IFERROR(BX17*_xlfn.XLOOKUP(DG$7,'Product Tgt'!$B:$B,'Product Tgt'!$D:$D),0) -> 0 | DH17: =IFERROR(BY17*_xlfn.XLOOKUP(DH$7,'Product Tgt'!$B:$B,'Product Tgt'!$D:$D),0) -> 0 | ... EI17: =IFERROR(CZ17*_xlfn.XLOOKUP(EI$7,'Product Tgt'!$B:$B,'Product Tgt'!$D:$D),0) -> 0
B18: SYT-BOGA-BOG3 | C18: =_xlfn.XLOOKUP($B18,'Terr Target'!$A:$A,'Terr Target'!$E:$E) -> 472811.12 | D18: =SUM(AM18:BQ18) -> 472815 | E18: =D18-C18 -> 3.8774987 | F18: =ABS(E18)/D18 -> 8.2008791e-06 | G18: =1-E18/D18 -> 0.9999918 | H18: 57458.74 | I18: 96301.436 | J18: 37966.63 | K18: 32925.024 | L18: 47735.431 | M18: 38058.99 | N18: 474.16486 | O18: 3734.4912 | P18: 2382.8933 | Q18: 959.35054 | R18: 8716.7511 | S18: 17483.136 | T18: 0 | U18: 2266.0566 | V18: 21775.157 | W18: 32322.802 | X18: 5568.34 | Y18: 12162.824 | Z18: 347.42541 | AA18: 9876.8423 | AB18: 2168.2468 | AC18: 521.09319 | AD18: 4460.1984 | AE18: 10071.464 | AF18: 1119.0227 | AG18: 18410.931 | AH18: 2012.4978 | AI18: 12299.636 | AJ18: 10391.926 | AK18: 1597.3802 | AL18: 3251.9909 | AM18: =IFERROR(ROUND(_xlfn.XLOOKUP(AM$7,'Product Tgt'!$B:$B,'Product Tgt'!$G:$G)*H18/H$121,0),0) -> 55859 | AN18: =IFERROR(ROUND(_xlfn.XLOOKUP(AN$7,'Product Tgt'!$B:$B,'Product Tgt'!$G:$G)*I18/I$121,0),0) -> 94799 | AO18: =IFERROR(ROUND(_xlfn.XLOOKUP(AO$7,'Product Tgt'!$B:$B,'Product Tgt'!$G:$G)*J18/J$121,0),0) -> 36786 | AP18: =IFERROR(ROUND(_xlfn.XLOOKUP(AP$7,'Product Tgt'!$B:$B,'Product Tgt'!$G:$G)*K18/K$121,0),0) -> 32119 | AQ18: =IFERROR(ROUND(_xlfn.XLOOKUP(AQ$7,'Product Tgt'!$B:$B,'Product Tgt'!$G:$G)*L18/L$121,0),0) -> 46157 | AR18: =IFERROR(ROUND(_xlfn.XLOOKUP(AR$7,'Product Tgt'!$B:$B,'Product Tgt'!$G:$G)*M18/M$121,0),0) -> 36871 | AS18: =IFERROR(ROUND(_xlfn.XLOOKUP(AS$7,'Product Tgt'!$B:$B,'Product Tgt'!$G:$G)*N18/N$121,0),0) -> 438 | AT18: =IFERROR(ROUND(_xlfn.XLOOKUP(AT$7,'Product Tgt'!$B:$B,'Product Tgt'!$G:$G)*O18/O$121,0),0) -> 3361 | ... BQ18: =IFERROR(ROUND(_xlfn.XLOOKUP(BQ$7,'Product Tgt'!$B:$B,'Product Tgt'!$G:$G)*AL18/AL$121,0),0) -> 2542 | BR18: =ROUND(IFERROR(AM18/_xlfn.XLOOKUP(BR$7,'Product Tgt'!$B:$B,'Product Tgt'!$D:$D),0),0) -> 0 | BS18: =ROUND(IFERROR(AN18/_xlfn.XLOOKUP(BS$7,'Product Tgt'!$B:$B,'Product Tgt'!$D:$D),0),0) -> 0 | BT18: =ROUND(IFERROR(AO18/_xlfn.XLOOKUP(BT$7,'Product Tgt'!$B:$B,'Product Tgt'!$D:$D),0),0) -> 0 | BU18: =ROUND(IFERROR(AP18/_xlfn.XLOOKUP(BU$7,'Product Tgt'!$B:$B,'Product Tgt'!$D:$D),0),0) -> 0 | BV18: =ROUND(IFERROR(AQ18/_xlfn.XLOOKUP(BV$7,'Product Tgt'!$B:$B,'Product Tgt'!$D:$D),0),0) -> 0 | BW18: =ROUND(IFERROR(AU18/_xlfn.XLOOKUP(BW$7,'Product Tgt'!$B:$B,'Product Tgt'!$D:$D),0),0) -> 0 | BX18: =ROUND(IFERROR(#REF!/_xlfn.XLOOKUP(BX$7,'Product Tgt'!$B:$B,'Product Tgt'!$D:$D),0),0) -> 0 | BY18: =ROUND(IFERROR(#REF!/_xlfn.XLOOKUP(BY$7,'Product Tgt'!$B:$B,'Product Tgt'!$D:$D),0),0) -> 0 | BZ18: =ROUND(IFERROR(#REF!/_xlfn.XLOOKUP(BZ$7,'Product Tgt'!$B:$B,'Product Tgt'!$D:$D),0),0) -> 0 | CA18: =ROUND(IFERROR(#REF!/_xlfn.XLOOKUP(CA$7,'Product Tgt'!$B:$B,'Product Tgt'!$D:$D),0),0) -> 0 | CB18: =ROUND(IFERROR(AV18/_xlfn.XLOOKUP(CB$7,'Product Tgt'!$B:$B,'Product Tgt'!$D:$D),0),0) -> 0 | CC18: =ROUND(IFERROR(AW18/_xlfn.XLOOKUP(CC$7,'Product Tgt'!$B:$B,'Product Tgt'!$D:$D),0),0) -> 0 | CD18: =ROUND(IFERROR(AX18/_xlfn.XLOOKUP(CD$7,'Product Tgt'!$B:$B,'Product Tgt'!$D:$D),0),0) -> 0 | CE18: =ROUND(IFERROR(AY18/_xlfn.XLOOKUP(CE$7,'Product Tgt'!$B:$B,'Product Tgt'!$D:$D),0),0) -> 0 | CF18: =ROUND(IFERROR(AZ18/_xlfn.XLOOKUP(CF$7,'Product Tgt'!$B:$B,'Product Tgt'!$D:$D),0),0) -> 0 | CG18: =ROUND(IFERROR(BA18/_xlfn.XLOOKUP(CG$7,'Product Tgt'!$B:$B,'Product Tgt'!$D:$D),0),0) -> 0 | CH18: =ROUND(IFERROR(BB18/_xlfn.XLOOKUP(CH$7,'Product Tgt'!$B:$B,'Product Tgt'!$D:$D),0),0) -> 0 | CI18: =ROUND(IFERROR(BC18/_xlfn.XLOOKUP(CI$7,'Product Tgt'!$B:$B,'Product Tgt'!$D:$D),0),0) -> 0 | ... CW18: =ROUND(IFERROR(BQ18/_xlfn.XLOOKUP(CW$7,'Product Tgt'!$B:$B,'Product Tgt'!$D:$D),0),0) -> 0 | CX18: =ROUND(IFERROR(#REF!/_xlfn.XLOOKUP(CX$7,'Product Tgt'!$B:$B,'Product Tgt'!$D:$D),0),0) -> 0 | CY18: =ROUND(IFERROR(#REF!/_xlfn.XLOOKUP(CY$7,'Product Tgt'!$B:$B,'Product Tgt'!$D:$D),0),0) -> 0 | CZ18: =ROUND(IFERROR(#REF!/_xlfn.XLOOKUP(CZ$7,'Product Tgt'!$B:$B,'Product Tgt'!$D:$D),0),0) -> 0 | DA18: =IFERROR(BR18*_xlfn.XLOOKUP(DA$7,'Product Tgt'!$B:$B,'Product Tgt'!$D:$D),0) -> 0 | DB18: =IFERROR(BS18*_xlfn.XLOOKUP(DB$7,'Product Tgt'!$B:$B,'Product Tgt'!$D:$D),0) -> 0 | DC18: =IFERROR(BT18*_xlfn.XLOOKUP(DC$7,'Product Tgt'!$B:$B,'Product Tgt'!$D:$D),0) -> 0 | DD18: =IFERROR(BU18*_xlfn.XLOOKUP(DD$7,'Product Tgt'!$B:$B,'Product Tgt'!$D:$D),0) -> 0 | DE18: =IFERROR(BV18*_xlfn.XLOOKUP(DE$7,'Product Tgt'!$B:$B,'Product Tgt'!$D:$D),0) -> 0 | DF18: =IFERROR(BW18*_xlfn.XLOOKUP(DF$7,'Product Tgt'!$B:$B,'Product Tgt'!$D:$D),0) -> 0 | DG18: =IFERROR(BX18*_xlfn.XLOOKUP(DG$7,'Product Tgt'!$B:$B,'Product Tgt'!$D:$D),0) -> 0 | DH18: =IFERROR(BY18*_xlfn.XLOOKUP(DH$7,'Product Tgt'!$B:$B,'Product Tgt'!$D:$D),0) -> 0 | ... EI18: =IFERROR(CZ18*_xlfn.XLOOKUP(EI$7,'Product Tgt'!$B:$B,'Product Tgt'!$D:$D),0) -> 0
B19: SYT-BOGA-NAO1 | C19: =_xlfn.XLOOKUP($B19,'Terr Target'!$A:$A,'Terr Target'!$E:$E) -> 530445.51 | D19: =SUM(AM19:BQ19) -> 530449 | E19: =D19-C19 -> 3.4902579 | F19: =ABS(E19)/D19 -> 6.5798181e-06 | G19: =1-E19/D19 -> 0.99999342 | H19: 65392.577 | I19: 125325.2 | J19: 51977.053 | K19: 39548.266 | L19: 53629.368 | M19: 47777.582 | N19: 481.45645 | O19: 3938.2658 | P19: 2034.3149 | Q19: 1502.1055 | R19: 8643.4558 | S19: 20336.464 | T19: 0 | U19: 1023.6035 | V19: 19745.126 | W19: 33521.66 | X19: 5763.6999 | Y19: 6785.284 | Z19: 402.89983 | AA19: 7168.2985 | AB19: 1974.6489 | AC19: 467.54963 | AD19: 3146.4326 | AE19: 4960.8944 | AF19: 852.484 | AG19: 18219.136 | AH19: 1894.0331 | AI19: 9355.7873 | AJ19: 10234.155 | AK19: 2258.3559 | AL19: 4833.0373 | AM19: =IFERROR(ROUND(_xlfn.XLOOKUP(AM$7,'Product Tgt'!$B:$B,'Product Tgt'!$G:$G)*H19/H$121,0),0) -> 63572 | AN19: =IFERROR(ROUND(_xlfn.XLOOKUP(AN$7,'Product Tgt'!$B:$B,'Product Tgt'!$G:$G)*I19/I$121,0),0) -> 123370 | AO19: =IFERROR(ROUND(_xlfn.XLOOKUP(AO$7,'Product Tgt'!$B:$B,'Product Tgt'!$G:$G)*J19/J$121,0),0) -> 50360 | AP19: =IFERROR(ROUND(_xlfn.XLOOKUP(AP$7,'Product Tgt'!$B:$B,'Product Tgt'!$G:$G)*K19/K$121,0),0) -> 38580 | AQ19: =IFERROR(ROUND(_xlfn.XLOOKUP(AQ$7,'Product Tgt'!$B:$B,'Product Tgt'!$G:$G)*L19/L$121,0),0) -> 51856 | AR19: =IFERROR(ROUND(_xlfn.XLOOKUP(AR$7,'Product Tgt'!$B:$B,'Product Tgt'!$G:$G)*M19/M$121,0),0) -> 46287 | AS19: =IFERROR(ROUND(_xlfn.XLOOKUP(AS$7,'Product Tgt'!$B:$B,'Product Tgt'!$G:$G)*N19/N$121,0),0) -> 445 | AT19: =IFERROR(ROUND(_xlfn.XLOOKUP(AT$7,'Product Tgt'!$B:$B,'Product Tgt'!$G:$G)*O19/O$121,0),0) -> 3545 | ... BQ19: =IFERROR(ROUND(_xlfn.XLOOKUP(BQ$7,'Product Tgt'!$B:$B,'Product Tgt'!$G:$G)*AL19/AL$121,0),0) -> 3778 | BR19: =ROUND(IFERROR(AM19/_xlfn.XLOOKUP(BR$7,'Product Tgt'!$B:$B,'Product Tgt'!$D:$D),0),0) -> 0 | BS19: =ROUND(IFERROR(AN19/_xlfn.XLOOKUP(BS$7,'Product Tgt'!$B:$B,'Product Tgt'!$D:$D),0),0) -> 0 | BT19: =ROUND(IFERROR(AO19/_xlfn.XLOOKUP(BT$7,'Product Tgt'!$B:$B,'Product Tgt'!$D:$D),0),0) -> 0 | BU19: =ROUND(IFERROR(AP19/_xlfn.XLOOKUP(BU$7,'Product Tgt'!$B:$B,'Product Tgt'!$D:$D),0),0) -> 0 | BV19: =ROUND(IFERROR(AQ19/_xlfn.XLOOKUP(BV$7,'Product Tgt'!$B:$B,'Product Tgt'!$D:$D),0),0) -> 0 | BW19: =ROUND(IFERROR(AU19/_xlfn.XLOOKUP(BW$7,'Product Tgt'!$B:$B,'Product Tgt'!$D:$D),0),0) -> 0 | BX19: =ROUND(IFERROR(#REF!/_xlfn.XLOOKUP(BX$7,'Product Tgt'!$B:$B,'Product Tgt'!$D:$D),0),0) -> 0 | BY19: =ROUND(IFERROR(#REF!/_xlfn.XLOOKUP(BY$7,'Product Tgt'!$B:$B,'Product Tgt'!$D:$D),0),0) -> 0 | BZ19: =ROUND(IFERROR(#REF!/_xlfn.XLOOKUP(BZ$7,'Product Tgt'!$B:$B,'Product Tgt'!$D:$D),0),0) -> 0 | CA19: =ROUND(IFERROR(#REF!/_xlfn.XLOOKUP(CA$7,'Product Tgt'!$B:$B,'Product Tgt'!$D:$D),0),0) -> 0 | CB19: =ROUND(IFERROR(AV19/_xlfn.XLOOKUP(CB$7,'Product Tgt'!$B:$B,'Product Tgt'!$D:$D),0),0) -> 0 | CC19: =ROUND(IFERROR(AW19/_xlfn.XLOOKUP(CC$7,'Product Tgt'!$B:$B,'Product Tgt'!$D:$D),0),0) -> 0 | CD19: =ROUND(IFERROR(AX19/_xlfn.XLOOKUP(CD$7,'Product Tgt'!$B:$B,'Product Tgt'!$D:$D),0),0) -> 0 | CE19: =ROUND(IFERROR(AY19/_xlfn.XLOOKUP(CE$7,'Product Tgt'!$B:$B,'Product Tgt'!$D:$D),0),0) -> 0 | CF19: =ROUND(IFERROR(AZ19/_xlfn.XLOOKUP(CF$7,'Product Tgt'!$B:$B,'Product Tgt'!$D:$D),0),0) -> 0 | CG19: =ROUND(IFERROR(BA19/_xlfn.XLOOKUP(CG$7,'Product Tgt'!$B:$B,'Product Tgt'!$D:$D),0),0) -> 0 | CH19: =ROUND(IFERROR(BB19/_xlfn.XLOOKUP(CH$7,'Product Tgt'!$B:$B,'Product Tgt'!$D:$D),0),0) -> 0 | CI19: =ROUND(IFERROR(BC19/_xlfn.XLOOKUP(CI$7,'Product Tgt'!$B:$B,'Product Tgt'!$D:$D),0),0) -> 0 | ... CW19: =ROUND(IFERROR(BQ19/_xlfn.XLOOKUP(CW$7,'Product Tgt'!$B:$B,'Product Tgt'!$D:$D),0),0) -> 0 | CX19: =ROUND(IFERROR(#REF!/_xlfn.XLOOKUP(CX$7,'Product Tgt'!$B:$B,'Product Tgt'!$D:$D),0),0) -> 0 | CY19: =ROUND(IFERROR(#REF!/_xlfn.XLOOKUP(CY$7,'Product Tgt'!$B:$B,'Product Tgt'!$D:$D),0),0) -> 0 | CZ19: =ROUND(IFERROR(#REF!/_xlfn.XLOOKUP(CZ$7,'Product Tgt'!$B:$B,'Product Tgt'!$D:$D),0),0) -> 0 | DA19: =IFERROR(BR19*_xlfn.XLOOKUP(DA$7,'Product Tgt'!$B:$B,'Product Tgt'!$D:$D),0) -> 0 | DB19: =IFERROR(BS19*_xlfn.XLOOKUP(DB$7,'Product Tgt'!$B:$B,'Product Tgt'!$D:$D),0) -> 0 | DC19: =IFERROR(BT19*_xlfn.XLOOKUP(DC$7,'Product Tgt'!$B:$B,'Product Tgt'!$D:$D),0) -> 0 | DD19: =IFERROR(BU19*_xlfn.XLOOKUP(DD$7,'Product Tgt'!$B:$B,'Product Tgt'!$D:$D),0) -> 0 | DE19: =IFERROR(BV19*_xlfn.XLOOKUP(DE$7,'Product Tgt'!$B:$B,'Product Tgt'!$D:$D),0) -> 0 | DF19: =IFERROR(BW19*_xlfn.XLOOKUP(DF$7,'Product Tgt'!$B:$B,'Product Tgt'!$D:$D),0) -> 0 | DG19: =IFERROR(BX19*_xlfn.XLOOKUP(DG$7,'Product Tgt'!$B:$B,'Product Tgt'!$D:$D),0) -> 0 | DH19: =IFERROR(BY19*_xlfn.XLOOKUP(DH$7,'Product Tgt'!$B:$B,'Product Tgt'!$D:$D),0) -> 0 | ... EI19: =IFERROR(CZ19*_xlfn.XLOOKUP(EI$7,'Product Tgt'!$B:$B,'Product Tgt'!$D:$D),0) -> 0
... B120: SYT-UTTA-UTT3 | C120: =_xlfn.XLOOKUP($B120,'Terr Target'!$A:$A,'Terr Target'!$E:$E) -> 279550.75 | D120: =SUM(AM120:BQ120) -> 279547 | E120: =D120-C120 -> -3.7505235 | F120: =ABS(E120)/D120 -> 1.3416433e-05 | G120: =1-E120/D120 -> 1.0000134 | H120: 25835.109 | I120: 48706.537 | J120: 25838.093 | K120: 31688.537 | L120: 23201.591 | M120: 14520.799 | N120: 370.55395 | O120: 1820.7711 | P120: 1209.8613 | Q120: 648.97769 | R120: 9194.0225 | S120: 12661.97 | T120: 1119.6941 | U120: 5408.2309 | V120: 15182.106 | W120: 13539.626 | X120: 1961.996 | Y120: 2081.1674 | Z120: 0 | AA120: 6650.1409 | AB120: 2325.5893 | AC120: 4639.1404 | AD120: 6579.0027 | AE120: 11390.335 | AF120: 549.8368 | AG120: 12407.864 | AH120: 1038.5906 | AI120: 5741.7685 | AJ120: 5914.9921 | AK120: 801.29951 | AL120: 491.69832 | AM120: =IFERROR(ROUND(_xlfn.XLOOKUP(AM$7,'Product Tgt'!$B:$B,'Product Tgt'!$G:$G)*H120/H$121,0),0) -> 25116 | AN120: =IFERROR(ROUND(_xlfn.XLOOKUP(AN$7,'Product Tgt'!$B:$B,'Product Tgt'!$G:$G)*I120/I$121,0),0) -> 47947 | AO120: =IFERROR(ROUND(_xlfn.XLOOKUP(AO$7,'Product Tgt'!$B:$B,'Product Tgt'!$G:$G)*J120/J$121,0),0) -> 25034 | AP120: =IFERROR(ROUND(_xlfn.XLOOKUP(AP$7,'Product Tgt'!$B:$B,'Product Tgt'!$G:$G)*K120/K$121,0),0) -> 30913 | AQ120: =IFERROR(ROUND(_xlfn.XLOOKUP(AQ$7,'Product Tgt'!$B:$B,'Product Tgt'!$G:$G)*L120/L$121,0),0) -> 22434 | AR120: =IFERROR(ROUND(_xlfn.XLOOKUP(AR$7,'Product Tgt'!$B:$B,'Product Tgt'!$G:$G)*M120/M$121,0),0) -> 14068 | AS120: =IFERROR(ROUND(_xlfn.XLOOKUP(AS$7,'Product Tgt'!$B:$B,'Product Tgt'!$G:$G)*N120/N$121,0),0) -> 342 | AT120: =IFERROR(ROUND(_xlfn.XLOOKUP(AT$7,'Product Tgt'!$B:$B,'Product Tgt'!$G:$G)*O120/O$121,0),0) -> 1639 | ... BQ120: =IFERROR(ROUND(_xlfn.XLOOKUP(BQ$7,'Product Tgt'!$B:$B,'Product Tgt'!$G:$G)*AL120/AL$121,0),0) -> 384 | BR120: =ROUND(IFERROR(AM120/_xlfn.XLOOKUP(BR$7,'Product Tgt'!$B:$B,'Product Tgt'!$D:$D),0),0) -> 0 | BS120: =ROUND(IFERROR(AN120/_xlfn.XLOOKUP(BS$7,'Product Tgt'!$B:$B,'Product Tgt'!$D:$D),0),0) -> 0 | BT120: =ROUND(IFERROR(AO120/_xlfn.XLOOKUP(BT$7,'Product Tgt'!$B:$B,'Product Tgt'!$D:$D),0),0) -> 0 | BU120: =ROUND(IFERROR(AP120/_xlfn.XLOOKUP(BU$7,'Product Tgt'!$B:$B,'Product Tgt'!$D:$D),0),0) -> 0 | BV120: =ROUND(IFERROR(AQ120/_xlfn.XLOOKUP(BV$7,'Product Tgt'!$B:$B,'Product Tgt'!$D:$D),0),0) -> 0 | BW120: =ROUND(IFERROR(AU120/_xlfn.XLOOKUP(BW$7,'Product Tgt'!$B:$B,'Product Tgt'!$D:$D),0),0) -> 0 | BX120: =ROUND(IFERROR(#REF!/_xlfn.XLOOKUP(BX$7,'Product Tgt'!$B:$B,'Product Tgt'!$D:$D),0),0) -> 0 | BY120: =ROUND(IFERROR(#REF!/_xlfn.XLOOKUP(BY$7,'Product Tgt'!$B:$B,'Product Tgt'!$D:$D),0),0) -> 0 | BZ120: =ROUND(IFERROR(#REF!/_xlfn.XLOOKUP(BZ$7,'Product Tgt'!$B:$B,'Product Tgt'!$D:$D),0),0) -> 0 | CA120: =ROUND(IFERROR(#REF!/_xlfn.XLOOKUP(CA$7,'Product Tgt'!$B:$B,'Product Tgt'!$D:$D),0),0) -> 0 | CB120: =ROUND(IFERROR(AV120/_xlfn.XLOOKUP(CB$7,'Product Tgt'!$B:$B,'Product Tgt'!$D:$D),0),0) -> 0 | CC120: =ROUND(IFERROR(AW120/_xlfn.XLOOKUP(CC$7,'Product Tgt'!$B:$B,'Product Tgt'!$D:$D),0),0) -> 0 | CD120: =ROUND(IFERROR(AX120/_xlfn.XLOOKUP(CD$7,'Product Tgt'!$B:$B,'Product Tgt'!$D:$D),0),0) -> 0 | CE120: =ROUND(IFERROR(AY120/_xlfn.XLOOKUP(CE$7,'Product Tgt'!$B:$B,'Product Tgt'!$D:$D),0),0) -> 0 | CF120: =ROUND(IFERROR(AZ120/_xlfn.XLOOKUP(CF$7,'Product Tgt'!$B:$B,'Product Tgt'!$D:$D),0),0) -> 0 | CG120: =ROUND(IFERROR(BA120/_xlfn.XLOOKUP(CG$7,'Product Tgt'!$B:$B,'Product Tgt'!$D:$D),0),0) -> 0 | CH120: =ROUND(IFERROR(BB120/_xlfn.XLOOKUP(CH$7,'Product Tgt'!$B:$B,'Product Tgt'!$D:$D),0),0) -> 0 | CI120: =ROUND(IFERROR(BC120/_xlfn.XLOOKUP(CI$7,'Product Tgt'!$B:$B,'Product Tgt'!$D:$D),0),0) -> 0 | ... CW120: =ROUND(IFERROR(BQ120/_xlfn.XLOOKUP(CW$7,'Product Tgt'!$B:$B,'Product Tgt'!$D:$D),0),0) -> 0 | CX120: =ROUND(IFERROR(#REF!/_xlfn.XLOOKUP(CX$7,'Product Tgt'!$B:$B,'Product Tgt'!$D:$D),0),0) -> 0 | CY120: =ROUND(IFERROR(#REF!/_xlfn.XLOOKUP(CY$7,'Product Tgt'!$B:$B,'Product Tgt'!$D:$D),0),0) -> 0 | CZ120: =ROUND(IFERROR(#REF!/_xlfn.XLOOKUP(CZ$7,'Product Tgt'!$B:$B,'Product Tgt'!$D:$D),0),0) -> 0 | DA120: =IFERROR(BR120*_xlfn.XLOOKUP(DA$7,'Product Tgt'!$B:$B,'Product Tgt'!$D:$D),0) -> 0 | DB120: =IFERROR(BS120*_xlfn.XLOOKUP(DB$7,'Product Tgt'!$B:$B,'Product Tgt'!$D:$D),0) -> 0 | DC120: =IFERROR(BT120*_xlfn.XLOOKUP(DC$7,'Product Tgt'!$B:$B,'Product Tgt'!$D:$D),0) -> 0 | DD120: =IFERROR(BU120*_xlfn.XLOOKUP(DD$7,'Product Tgt'!$B:$B,'Product Tgt'!$D:$D),0) -> 0 | DE120: =IFERROR(BV120*_xlfn.XLOOKUP(DE$7,'Product Tgt'!$B:$B,'Product Tgt'!$D:$D),0) -> 0 | DF120: =IFERROR(BW120*_xlfn.XLOOKUP(DF$7,'Product Tgt'!$B:$B,'Product Tgt'!$D:$D),0) -> 0 | DG120: =IFERROR(BX120*_xlfn.XLOOKUP(DG$7,'Product Tgt'!$B:$B,'Product Tgt'!$D:$D),0) -> 0 | DH120: =IFERROR(BY120*_xlfn.XLOOKUP(DH$7,'Product Tgt'!$B:$B,'Product Tgt'!$D:$D),0) -> 0 | ... EI120: =IFERROR(CZ120*_xlfn.XLOOKUP(EI$7,'Product Tgt'!$B:$B,'Product Tgt'!$D:$D),0) -> 0
C121: =SUM(C8:C120) -> 50915411 | D121: =SUM(D8:D120) -> 50915407 | E121: =SUM(E8:E120) -> -4.3765079 | F121: =ABS(E121)/C121 -> 8.5956448e-08 | H121: =SUM(H8:H120) -> 4978854.1 | I121: =SUM(I8:I120) -> 9824167.8 | J121: =SUM(J8:J120) -> 4839213.1 | K121: =SUM(K8:K120) -> 5365118.1 | L121: =SUM(L8:L120) -> 4778318.6 | M121: =SUM(M8:M120) -> 3561262 | N121: =SUM(N8:N120) -> 65992.322 | O121: =SUM(O8:O120) -> 502287.14 | ... AL121: =SUM(AL8:AL120) -> 299589.64

Sheet Product Tgt
A1: Family | B1: Product Id | C1: Product Name | D1: TP | E1: Group | F1: Sales Line | G1: Jan'26 | H1: Qty
A2: Betanol | B2: 520 | C2: Betanol 25mg Tab 20x10's | D2: 68 | E2: CVD | F2: SYNTARA | G2: 60975.854
A3: Betanol | B3: 521 | C3: BETANOL 50mg Tab. 5x4x10?s | D3: 116 | E3: CVD | F3: SYNTARA | G3: 452098.99
A4: Lasix | B4: 594 | C4: Lasix 2ml Inj 5x5's Amp | D4: 168.75 | E4: CVD | F4: SYNTARA | G4: 2032067.2
A5: Lasix | B5: 595 | C5: Lasix 40mg Tab 10x10's | D5: 75 | E5: CVD | F5: SYNTARA | G5: 2693943.5
A6: Orva | B6: 617 | C6: Orva 20mg Tab 3x10's | D6: 450 | E6: CVD | F6: SYNTARA | G6: 249774.57
A7: Orva | B7: 615 | C7: Orva 10mg Tab 2X15's | D7: 270.68 | E7: CVD | F7: SYNTARA | G7: 713785.95
A8: Ovenox | B8: 751 | C8: Ovenox 20mg Inj 1 PFS | D8: 203.01 | E8: CVD | F8: SYNTARA | G8: 178175.29
A9: Ovenox | B9: 752 | C9: Ovenox 40mg Inj 1 PFS | D9: 345.86 | E9: CVD | F9: SYNTARA | G9: 846197.89
A10: Ovenox | B10: 753 | C10: Ovenox 60mg Inj 1 PFS | D10: 488.72 | E10: CVD | F10: SYNTARA | G10: 1362207.2
A11: Ovenox | B11: 754 | C11: Ovenox 80mg Inj 1 PFS | D11: 601.51 | E11: CVD | F11: SYNTARA | G11: 217558.47
A12: Copixa | B12: 784 | C12: Copixa 2.5mg | D12: 337.2 | E12: CVD | F12: SYNTARA | G12: 76690.111
A13: Copixa | B13: 785 | C13: Copixa 5mg | D13: 562.2 | E13: CVD | F13: SYNTARA | G13: 92939.585
... A32: Metsa | B32: 772 | C32: METSA XR 750mg Tab | D32: 202.4 | E32: OAD | F32: SYNTARA | G32: 38529.205
G33: =SUM(G2:G32) -> 50915411
G34: ='Terr Target'!E115 -> 50915411
G35: =G34-G33 -> 0

Sheet Terr Target
A1: Territory | B1: Team | C1: Region | D1: Sales line | E1: Current Mnth Target
A2: SYT-BBRA-BBR1 | B2: SYT-BBRA | C2: SYT Chattogram | D2: Syntara | E2: 684081.29
A3: SYT-BBRA-BBR2 | B3: SYT-BBRA | C3: SYT Chattogram | D3: Syntara | E3: 535351
A4: SYT-BBRA-HAB1 | B4: SYT-BBRA | C4: SYT Chattogram | D4: Syntara | E4: 365084.91
A5: SYT-BBRA-MOU1 | B5: SYT-BBRA | C5: SYT Chattogram | D5: Syntara | E5: 340830.85
A6: SYT-CTGA-CMC1 | B6: SYT-CTGA | C6: SYT Chattogram | D6: Syntara | E6: 554481.26
A7: SYT-CTGA-CMC2 | B7: SYT-CTGA | C7: SYT Chattogram | D7: Syntara | E7: 565945
A8: SYT-CTGA-HAT1 | B8: SYT-CTGA | C8: SYT Chattogram | D8: Syntara | E8: 817036.18
A9: SYT-CTGA-KDB1 | B9: SYT-CTGA | C9: SYT Chattogram | D9: Syntara | E9: 374132.84
A10: SYT-CTGB-CGH1 | B10: SYT-CTGB | C10: SYT Chattogram | D10: Syntara | E10: 461545.08
A11: SYT-CTGB-CMC3 | B11: SYT-CTGB | C11: SYT Chattogram | D11: Syntara | E11: 362587.11
A12: SYT-CTGB-COX1 | B12: SYT-CTGB | C12: SYT Chattogram | D12: Syntara | E12: 345064
A13: SYT-CTGB-MOS1 | B13: SYT-CTGB | C13: SYT Chattogram | D13: Syntara | E13: 788636.64
... A114: SYT-RANA-RAN3 | B114: SYT-RANA | C114: SYT Rajshahi | D114: Syntara | E114: 388387.14
E115: =SUM(E2:E114) -> 50915411

Sheet SYD_SORT
B1: AMARYL 1mg Tab 4x15's | C1: AMARYL 2mg Tab 3x15's | D1: Amaryl 3mg Tablet 2x15's | E1: Amaryl 4mg tablet 2x15's | F1: AMARYL M 2mg Tab 3x10's | G1: AMARYL M1 1mg Tab 3x10's | H1: BETANOL 25mg Tablet 20x10's | I1: BETANOL 5x40x50mg Tab | J1: Copixa 2.5mg Tab 3x10's | K1: Copixa 5mg Tab 3x10's | L1: ERTU 15 mg Tablet 2X10's | M1: ERTU 5 mg Tablet 3X10's | N1: INCRIT 50mg Tablet 2x10's | O1: Incrit-M 50/500 Tablet 2x10's | P1: LASIX 2ml Injection 5x5's Ampoule | Q1: LASIX 40mg Tablet 10x10's | R1: METSA 500mg Tablet 10x10's | S1: METSA XR 500mg Tablet 5x10's | T1: METSA XR 750MG TABLET | U1: Orva 10mg Tab 2 X 15's | V1: ORVA 20mg Tab 3x10's | W1: Ovenox 20mg/0.2 ml Inj. 1PFS | X1: Ovenox 40mg/0.4 ml Inj. 1PFS | Y1: Ovenox 60mg/0.6 ml Inj. 1PFS | Z1: Ovenox 80mg/0.8 ml Inj. 1PFS | AA1: Rozenon 10mg Tab 3X10's | AB1: Rozenon 20mg Tab 2x10's | AC1: Rozenon 5mg Tab 3X10's | AD1: Sacutril 50 mg Tablet 2x10's | AE1: TRITACE 2.5mg Tablet 2x15's | AF1: TRITACE 5mg Tablet 2x15's
A2: Row Labels | B2: 502 | C2: 504 | D2: 505 | E2: 506 | F2: 508 | G2: 507 | H2: 520 | I2: 521 | J2: 784 | K2: 785 | L2: 758 | M2: 757 | N2: 580 | O2: 582 | P2: 594 | Q2: 595 | R2: 603 | S2: 606 | T2: 772 | U2: 615 | V2: 617 | W2: 751 | X2: 752 | Y2: 753 | Z2: 754 | AA2: 614 | AB2: 797 | AC2: 613 | AD2: 767 | AE2: 807 | AF2: 808
A3: SYT-BBRA-BBR1 | B3: 46504.408 | C3: 96387.743 | D3: 87763.386 | E3: 132399.32 | F3: 58787.585 | G3: 45911.457 | H3: 1149.8441 | I3: 8675.6859 | J3: 1939.7623 | K3: 1284.7554 | L3: 20238.667 | M3: 35553.674 | N3: 0 | O3: 2493.3906 | P3: 24282.022 | Q3: 42963.708 | R3: 3149.4622 | S3: 4042.7466 | T3: 520.21728 | U3: 9455.4845 | V3: 3370.5627 | W3: 0 | X3: 7677.9099 | Y3: 10493.769 | Z3: 0 | AA3: 33408.943 | AB3: 2829.0009 | AC3: 17587.753 | AD3: 15373.118 | AE3: 1224.0073 | AF3: 1703.3101
A4: SYT-BBRA-BBR2 | B4: 34652.939 | C4: 69844.189 | D4: 63294.634 | E4: 81908.942 | F4: 50856.179 | G4: 37472.296 | H4: 897.93791 | I4: 6796.211 | J4: 2892.6459 | K4: 2162.2125 | L4: 15030.527 | M4: 25329.894 | N4: 0 | O4: 2357.9068 | P4: 20778.155 | Q4: 37238.988 | R4: 3676.5936 | S4: 3945.9608 | T4: 535.78839 | U4: 6064.7686 | V4: 2039.1115 | W4: 0 | X4: 13408.815 | Y4: 14931.308 | Z4: 0 | AA4: 26460.515 | AB4: 2668.6507 | AC4: 13470.451 | AD4: 12267.752 | AE4: 1637.6738 | AF4: 2335.4679
A5: SYT-BBRA-HAB1 | B5: 26359.88 | C5: 52211.4 | D5: 43604.76 | E5: 44135.54 | F5: 34745.32 | G5: 25328.46 | H5: 773.99 | I5: 6727.99 | J5: 1698 | K5: 1001 | L5: 8477.9 | M5: 20065.54 | N5: 0 | O5: 1967 | P5: 11645 | Q5: 30137.96 | R5: 4101 | S5: 5543.98 | T5: 903.07 | U5: 6198.03 | V5: 2091.02 | W5: 0 | X5: 3849.01 | Y5: 8009.97 | Z5: 0 | AA5: 19019 | AB5: 1873.01 | AC5: 10726.06 | AD5: 9166.98 | AE5: 892.1 | AF5: 1491.84
A6: SYT-BBRA-MOU1 | B6: 25176.71 | C6: 53150.83 | D6: 44563.495 | E6: 47657.212 | F6: 32645.121 | G6: 33988.165 | H6: 1133.6408 | I6: 7550.7387 | J6: 1236.3782 | K6: 827.59227 | L6: 4943.5185 | M6: 12170.87 | N6: 0 | O6: 2654.1819 | P6: 9099.1976 | Q6: 23906.561 | R6: 3055.9983 | S6: 2916.3896 | T6: 343.00964 | U6: 6213.727 | V6: 2661.2012 | W6: 0 | X6: 3696.1128 | Y6: 5735.0968 | Z6: 0 | AA6: 13838.268 | AB6: 1231.3928 | AC6: 6951.5537 | AD6: 6709.2175 | AE6: 1399.0191 | AF6: 1862.3344
A7: SYT-BIRA-BIR1 | B7: 12442.91 | C7: 23882.68 | D7: 12804.93 | E7: 12492.15 | F7: 12546.15 | G7: 9317.81 | H7: 175 | I7: 1044 | J7: 1036.01 | K7: 875.01 | L7: 8003.75 | M7: 14138.66 | N7: 0 | O7: 0 | P7: 10285.01 | Q7: 7174 | R7: 1754.99 | S7: 1893 | T7: 379.03 | U7: 3241.01 | V7: 933.03 | W7: 1839.03 | X7: 6794.97 | Y7: 9787.01 | Z7: 0 | AA7: 5930.99 | AB7: 931.99 | AC7: 3359.01 | AD7: 4622 | AE7: 1682.18 | AF7: 2022.78
A8: SYT-BIRA-BIR2 | B8: 10215.92 | C8: 18872.73 | D8: 10133.94 | E8: 11936.14 | F8: 11726.1 | G8: 6870.85 | H8: 253.99 | I8: 947 | J8: 335.99 | K8: 0 | L8: 6984.52 | M8: 7583.83 | N8: 0 | O8: 0 | P8: 8802.02 | Q8: 6542 | R8: 2316 | S8: 2538.01 | T8: 0 | U8: 2636.02 | V8: 883.04 | W8: 1004.01 | X8: 4694.98 | Y8: 8807.03 | Z8: 0 | AA8: 5326 | AB8: 676 | AC8: 2770 | AD8: 4568.02 | AE8: 1449.15 | AF8: 1928.79
A9: SYT-BIRA-BIR3 | B9: 9292.94 | C9: 16868.75 | D9: 9445.97 | E9: 9802.11 | F9: 8671.1 | G9: 6095.87 | H9: 239 | I9: 1063 | J9: 248.01 | K9: 0 | L9: 3689.84 | M9: 6030.88 | N9: 0 | O9: 1635.99 | P9: 7676.02 | Q9: 5189 | R9: 1122 | S9: 1094 | T9: 205.01 | U9: 2143 | V9: 657.99 | W9: 2168.02 | X9: 9955.96 | Y9: 10667 | Z9: 406.98 | AA9: 3803 | AB9: 452.99 | AC9: 2018.02 | AD9: 4580.01 | AE9: 970.09 | AF9: 1290.87
A10: SYT-BIRA-ICH1 | B10: 15651.89 | C10: 27419.64 | D10: 14756.94 | E10: 16313.22 | F10: 11447.1 | G10: 8943.8 | H10: 210 | I10: 1159 | J10: 2259 | K10: 1701.05 | L10: 5494.24 | M10: 7932.83 | N10: 0 | O10: 1222.01 | P10: 13695.02 | Q10: 8945.99 | R10: 2899.01 | S10: 2840.99 | T10: 0 | U10: 3042.01 | V10: 1170 | W10: 2923.04 | X10: 11882.95 | Y10: 18169 | Z10: 6168.79 | AA10: 7056.96 | AB10: 539 | AC10: 3900.02 | AD10: 10095.95 | AE10: 1170.11 | AF10: 1368.85
A11: SYT-BOGA-BOG1 | B11: 35430.85 | C11: 66846.31 | D11: 25778.79 | E11: 23733.24 | F11: 31338.35 | G11: 22757.52 | H11: 294 | I11: 2573.99 | J11: 1310.02 | K11: 1114.06 | L11: 4900.06 | M11: 12717.71 | N11: 0 | O11: 1483 | P11: 18876.04 | Q11: 19866.03 | R11: 3373.02 | S11: 8810.99 | T11: 336.02 | U11: 6036 | V11: 1680.03 | W11: 397.01 | X11: 3341.98 | Y11: 7350.01 | Z11: 912.97 | AA11: 13051.02 | AB11: 1418.98 | AC11: 8122.02 | AD11: 8702.02 | AE11: 886.08 | AF11: 1644.81
A12: SYT-BOGA-BOG2 | B12: 39075.81 | C12: 73824.23 | D12: 29131.76 | E12: 25852.25 | F12: 33358.37 | G12: 23878.5 | H12: 267.99 | I12: 2485 | J12: 1154 | K12: 708.99 | L12: 5079.12 | M12: 13203.66 | N12: 0 | O12: 1447 | P12: 19109.03 | Q12: 23159.04 | R12: 3894.02 | S12: 9662.98 | T12: 254.01 | U12: 6594.01 | V12: 1435.01 | W12: 418 | X12: 3395 | Y12: 6722 | Z12: 944.97 | AA12: 14050 | AB12: 1242.98 | AC12: 9753.03 | AD12: 9610 | AE12: 914.1 | AF12: 1519.83
A13: SYT-BOGA-BOG3 | B13: 57558.73 | C13: 96469.02 | D13: 38032.7 | E13: 32982.32 | F13: 47818.5 | G13: 38125.22 | H13: 474.99 | I13: 3740.99 | J13: 2387.04 | K13: 961.02 | L13: 8731.92 | M13: 17513.56 | N13: 0 | O13: 2270 | P13: 21813.05 | Q13: 32379.05 | R13: 5578.03 | S13: 12183.99 | T13: 348.03 | U13: 9894.03 | V13: 2172.02 | W13: 522 | X13: 4467.96 | Y13: 10088.99 | Z13: 1120.97 | AA13: 18442.97 | AB13: 2016 | AC13: 12321.04 | AD13: 10410.01 | AE13: 1600.16 | AF13: 3257.65
... A115: SYT-UTTA-UTT3 | B115: 25795.79 | C115: 48632.41 | D115: 25798.77 | E115: 31640.31 | F115: 23166.28 | G115: 14498.7 | H115: 369.99 | I115: 1818 | J115: 1208.02 | K115: 647.99 | L115: 9180.03 | M115: 12642.7 | N115: 1117.99 | O115: 5400 | P115: 15159 | Q115: 13519.02 | R115: 1959.01 | S115: 2078 | T115: 0 | U115: 6640.02 | V115: 2322.05 | W115: 4632.08 | X115: 6568.99 | Y115: 11373 | Z115: 549 | AA115: 12388.98 | AB115: 1037.01 | AC115: 5733.03 | AD115: 5905.99 | AE115: 800.08 | AF115: 490.95

Sheet Output Data
A1: Attribute | B1: Territory | C1: Month.1 | D1: Value | E1: QTY | F1: Price.1
A2: 502 | B2: SYT-BBRA-BBR1 | C2: 202602 | D2: 45018 | E2: 144.64079 | F2: 311.24
A3: 502 | B3: SYT-BBRA-BBR2 | C3: 202602 | D3: 34083 | E3: 109.50713 | F3: 311.24
A4: 520 | B4: SYT-BBRA-BBR1 | C4: 202602 | D4: 1058 | E4: 15.558824 | F4: 68
A5: 504 | B5: SYT-BBRA-BBR1 | C5: 202602 | D5: 94481 | E5: 216.44636 | F5: 436.51
A6: 521 | B6: SYT-BBRA-BBR1 | C6: 202602 | D6: 7776 | E6: 67.034483 | F6: 116
A7: 505 | B7: SYT-BBRA-BBR1 | C7: 202602 | D7: 84672 | E7: 227.50282 | F7: 372.18
A8: 594 | B8: SYT-BBRA-BBR1 | C8: 202602 | D8: 23279 | E8: 137.94963 | F8: 168.75
A9: 506 | B9: SYT-BBRA-BBR1 | C9: 202602 | D9: 128610 | E9: 271.50668 | F9: 473.69
A10: 595 | B10: SYT-BBRA-BBR1 | C10: 202602 | D10: 40952 | E10: 546.02667 | F10: 75
A11: 508 | B11: SYT-BBRA-BBR1 | C11: 202602 | D11: 56602 | E11: 139.86163 | F11: 404.7
A12: 617 | B12: SYT-BBRA-BBR1 | C12: 202602 | D12: 2690 | E12: 5.9777778 | F12: 450
A13: 507 | B13: SYT-BBRA-BBR1 | C13: 202602 | D13: 44290 | E13: 164.03704 | F13: 270
... A3504: 808 | B3504: SYT-UTTA-UTT3 | C3504: 202602 | D3504: 384 | E3504: 1.3028432 | F3504: 294.74

Sheet Input
A1: Territory | B1: 502 | C1: 504 | D1: 505 | E1: 506 | F1: 508 | G1: 507 | H1: 520 | I1: 521 | J1: 784 | K1: 785 | L1: 758 | M1: 757 | N1: 580 | O1: 582 | P1: 594 | Q1: 595 | R1: 603 | S1: 606 | T1: 772 | U1: 615 | V1: 617 | W1: 751 | X1: 752 | Y1: 753 | Z1: 754 | AA1: 614 | AB1: 797 | AC1: 613 | AD1: 767 | AE1: 807 | AF1: 808
A2: SYT-BBRA-BBR1 | B2: 45018 | C2: 94481 | D2: 84672 | E2: 128610 | F2: 56602 | G2: 44290 | H2: 1058 | I2: 7776 | J2: 824 | K2: 960 | L2: 19408 | M2: 34097 | N2: 0 | O2: 2376 | P2: 23279 | Q2: 40952 | R2: 3035 | S2: 3893 | T2: 492 | U2: 7630 | V2: 2690 | W2: 0 | X2: 6655 | Y2: 9725 | Z2: 0 | AA2: 31776 | AB2: 2209 | AC2: 16083 | AD2: 13240 | AE2: 928 | AF2: 1326
A3: SYT-BBRA-BBR2 | B3: 34083 | C3: 69559 | D3: 62044 | E3: 80839 | F3: 49750 | G3: 36728 | H3: 839 | I3: 6189 | J3: 1248 | K3: 1642 | L3: 14645 | M3: 24682 | N3: 0 | O3: 2283 | P3: 20239 | Q3: 36064 | R3: 3599 | S3: 3860 | T3: 515 | U3: 4972 | V3: 1653 | W3: 0 | X3: 11809 | Y3: 14060 | Z3: 0 | AA3: 25570 | AB3: 2117 | AC3: 12516 | AD3: 10735 | AE3: 1261 | AF3: 1847
A4: SYT-BBRA-HAB1 | B4: 25626 | C4: 51396 | D4: 42248 | E4: 43055 | F4: 33596 | G4: 24538 | H4: 715 | I4: 6056 | J4: 724 | K4: 751 | L4: 8165 | M4: 19325 | N4: 0 | O4: 1882 | P4: 11212 | Q4: 28849 | R4: 3968 | S4: 5361 | T4: 858 | U4: 5023 | V4: 1676 | W4: 0 | X4: 3351 | Y4: 7455 | Z4: 0 | AA4: 18166 | AB4: 1468 | AC4: 9850 | AD4: 7929 | AE4: 679 | AF4: 1166
A5: SYT-BBRA-MOU1 | B5: 24440 | C5: 52244 | D5: 43114 | E5: 46422 | F5: 31519 | G5: 32879 | H5: 1046 | I5: 6786 | J5: 526 | K5: 620 | L5: 4754 | M5: 11705 | N5: 0 | O5: 2536 | P5: 8748 | Q5: 22850 | R5: 2953 | S5: 2816 | T5: 325 | U5: 5028 | V5: 2130 | W5: 0 | X5: 3213 | Y5: 5330 | Z5: 0 | AA5: 13199 | AB5: 964 | AC5: 6375 | AD5: 5795 | AE5: 1064 | AF5: 1454
A6: SYT-BIRA-BIR1 | B6: 12218 | C6: 23746 | D6: 12531 | E6: 12309 | F6: 12253 | G6: 9118 | H6: 163 | I6: 949 | J6: 446 | K6: 663 | L6: 7786 | M6: 13754 | N6: 0 | O6: 0 | P6: 10002 | Q6: 6936 | R6: 1715 | S6: 1849 | T6: 364 | U6: 2653 | V6: 755 | W6: 1590 | X6: 5975 | Y6: 9201 | Z6: 0 | AA6: 5722 | AB6: 738 | AC6: 3116 | AD6: 4038 | AE6: 1294 | AF6: 1597
A7: SYT-BIRA-BIR2 | B7: 10001 | C7: 18708 | D7: 9887 | E7: 11725 | F7: 11418 | G7: 6703 | H7: 236 | I7: 858 | J7: 144 | K7: 0 | L7: 6774 | M7: 7355 | N7: 0 | O7: 0 | P7: 8534 | Q7: 6306 | R7: 2257 | S7: 2471 | T7: 0 | U7: 2151 | V7: 713 | W7: 865 | X7: 4116 | Y7: 8254 | Z7: 0 | AA7: 5123 | AB7: 534 | AC7: 2562 | AD7: 3979 | AE7: 1111 | AF7: 1518
A8: SYT-BIRA-BIR3 | B8: 9576 | C8: 17601 | D8: 9701 | E8: 10136 | F8: 8887 | G8: 6260 | H8: 234 | I8: 1014 | J8: 112 | K8: 0 | L8: 3767 | M8: 6157 | N8: 0 | O8: 1660 | P8: 7834 | Q8: 5265 | R8: 1151 | S8: 1121 | T8: 207 | U8: 1841 | V8: 559 | W8: 1967 | X8: 9187 | Y8: 10523 | Z8: 482 | AA8: 3850 | AB8: 376 | AC8: 1964 | AD8: 4199 | AE8: 783 | AF8: 1070
A9: SYT-BIRA-ICH1 | B9: 15380 | C9: 27283 | D9: 14452 | E9: 16086 | F9: 11188 | G9: 8758 | H9: 196 | I9: 1054 | J9: 974 | K9: 1290 | L9: 5348 | M9: 7723 | N9: 0 | O9: 1182 | P9: 13328 | Q9: 8656 | R9: 2835 | S9: 2777 | T9: 0 | U9: 2492 | V9: 948 | W9: 2529 | X9: 10456 | Y9: 17093 | Z9: 6966 | AA9: 6813 | AB9: 427 | AC9: 3620 | AD9: 8827 | AE9: 900 | AF9: 1082
A10: SYT-BOGA-BOG1 | B10: 34376 | C10: 65672 | D10: 24927 | E10: 23106 | F10: 30242 | G10: 22003 | H10: 271 | I10: 2312 | J10: 557 | K10: 834 | L10: 4710 | M10: 12224 | N10: 0 | O10: 1416 | P10: 18138 | Q10: 18978 | R10: 3257 | S10: 8503 | T10: 319 | U10: 4882 | V10: 1344 | W10: 339 | X10: 2903 | Y10: 6827 | Z10: 1018 | AA10: 12441 | AB10: 1110 | AC10: 7444 | AD10: 7512 | AE10: 673 | AF10: 1283
A11: SYT-BOGA-BOG2 | B11: 38958 | C11: 74529 | D11: 28947 | E11: 25864 | F11: 33079 | G11: 23724 | H11: 254 | I11: 2294 | J11: 505 | K11: 546 | L11: 5016 | M11: 13042 | N11: 0 | O11: 1420 | P11: 18868 | Q11: 22735 | R11: 3864 | S11: 9583 | T11: 248 | U11: 5480 | V11: 1179 | W11: 367 | X11: 3031 | Y11: 6416 | Z11: 1083 | AA11: 13763 | AB11: 999 | AC11: 9186 | AD11: 8525 | AE11: 714 | AF11: 1218
A12: SYT-BOGA-BOG3 | B12: 55859 | C12: 94799 | D12: 36786 | E12: 32119 | F12: 46157 | G12: 36871 | H12: 438 | I12: 3361 | J12: 1016 | K12: 720 | L12: 8395 | M12: 16839 | N12: 0 | O12: 2169 | P12: 20965 | Q12: 30940 | R12: 5388 | S12: 11761 | T12: 330 | U12: 8004 | V12: 1738 | W12: 446 | X12: 3883 | Y12: 9374 | Z12: 1250 | AA12: 17586 | AB12: 1578 | AC12: 11296 | AD12: 8989 | AE12: 1216 | AF12: 2542
A13: SYT-BOGA-NAO1 | B13: 63572 | C13: 123370 | D13: 50360 | E13: 38580 | F13: 51856 | G13: 46287 | H13: 445 | I13: 3545 | J13: 867 | K13: 1127 | L13: 8324 | M13: 19587 | N13: 0 | O13: 980 | P13: 19011 | Q13: 32088 | R13: 5577 | S13: 6561 | T13: 383 | U13: 5809 | V13: 1583 | W13: 400 | X13: 2739 | Y13: 4617 | Z13: 952 | AA13: 17403 | AB13: 1485 | AC13: 8592 | AD13: 8852 | AE13: 1719 | AF13: 3778
... A114: SYT-UTTA-UTT3 | B114: 25116 | C114: 47947 | D114: 25034 | E114: 30913 | F114: 22434 | G114: 14068 | H114: 342 | I114: 1639 | J114: 516 | K114: 487 | L114: 8854 | M114: 12195 | N114: 1124 | O114: 5176 | P114: 14617 | Q114: 12961 | R114: 1898 | S114: 2012 | T114: 0 | U114: 5389 | V114: 1864 | W114: 3970 | X114: 5727 | Y114: 10601 | Z114: 614 | AA114: 11852 | AB114: 814 | AC114: 5273 | AD114: 5116 | AE114: 610 | AF114: 384

Sheet Price
A1: ProductId | B1: Price
A2: 520 | B2: 68
A3: 521 | B3: 116
A4: 594 | B4: 168.75
A5: 595 | B5: 75
A6: 617 | B6: 450
A7: 615 | B7: 270.68
A8: 751 | B8: 203.01
A9: 752 | B9: 345.86
A10: 753 | B10: 488.72
A11: 754 | B11: 601.51
A12: 784 | B12: 337.2
A13: 785 | B13: 562.2
... A32: 772 | B32: 202.4

Sheet Month
A1: Month
A2: 202602
