Workbook

Sheet 3_Years_CountRx_with_RxShare_wi
B1: Column Labels | P1: Rx Share 23-24 | Q1: Rx Share 24-25 | R1: Rx Yield 23-24 | S1: Rx Yield 24-25 | T1: Rx Penetration 23-24 | U1: Rx Penetration 24-25 | V1: Rx Share Growth | W1: Rx Yield Growth | X1: Rx Penetration Growth | Y1: Broader market
B2: FY 23-24 | F2: FY 23-24 Sum of Count Rx | G2: FY 23-24 Sum of Count of Dr. Code | H2: FY 24-25 | L2: FY 24-25 Sum of Count Rx | M2: FY 24-25 Sum of Count of Dr. Code | N2: Total Sum of Count Rx | O2: Total Sum of Count of Dr. Code | Z2: FY 22-23 | AB2: FY 23-24 | AD2: FY 25-26
B3: Competitors | D3: Synovia | H3: Competitors | J3: Synovia
A4: Row Labels | B4: Sum of Count Rx | C4: Sum of Count of Dr. Code | D4: Sum of Count Rx | E4: Sum of Count of Dr. Code | H4: Sum of Count Rx | I4: Sum of Count of Dr. Code | J4: Sum of Count Rx | K4: Sum of Count of Dr. Code | Z4: Sum of Count Rx | AA4: Count of Dr. Code | AB4: Sum of Count Rx | AC4: Sum of Count of Dr Code | AD4: Sum of Count Rx | AE4: Sum of Count of Dr. Code | AF4: Total Sum of Count Rx | AG4: Total Sum of Dr. Code | AJ4: Rx Share | AK4: Rx Yield | AL4: Rx Penetration | AM4: Market Rx Share Growth | AN4: Gap From Market Rx Share Growth
A5: AMARYL | B5: 79753 | C5: 11368 | D5: 2076 | E5: 903 | F5: 81829 | G5: 12271 | H5: 61039 | I5: 11174 | J5: 1642 | K5: 862 | L5: 62681 | M5: 12036 | AJ5: =D5/(D5+B5) -> 0.025369979 | AK5: =D5/E5 -> 2.2990033 | AL5: =K5/(K5+I5) -> 0.071618478 | AM5: =F5/L5 -> 1.3054833 | AN5: =AM5-AJ5 -> 1.2801133
A6: APIDRA | B6: 3974 | C6: 1228 | D6: 166 | E6: 108 | F6: 4140 | G6: 1336 | H6: 3125 | I6: 1206 | J6: 83 | K6: 64 | L6: 3208 | M6: 1270 | N6: 7348 | O6: 2606 | P6: 0.040096618 | Q6: 0.025872818 | R6: =D6/C6 -> 0.13517915 | S6: =J6/K6 -> 1.296875 | T6: 0.080838323 | U6: 0.050393701 | V6: =(Q6/P6-1)*100 -> -35.473815 | W6: =S6/R6-1 -> 8.59375 | X6: =(U6/T6-1)*100 -> -37.661125 | Y6: Avil | Z6: 271107 | AA6: 33192 | AB6: 268305 | AC6: 32837 | AD6: 62916 | AE6: 20427 | AF6: 860015 | AG6: 119543 | AJ6: =D6/(D6+B6) -> 0.040096618 | AK6: =D6/E6 -> 1.537037 | AL6: =K6/(K6+I6) -> 0.050393701 | AM6: =F6/L6 -> 1.2905237 | AN6: =AM6-AJ6 -> 1.2504271
A7: AVAXIM | B7: 8 | C7: 5 | F7: 8 | G7: 5 | H7: 15 | I7: 11 | L7: 15 | M7: 11 | N7: 23 | O7: 16 | P7: 0 | Q7: 0 | R7: =D7/C7 -> 0 | S7: 0 | T7: 0 | U7: 0 | V7: 0 | W7: 0 | X7: 0 | Y7: Betanol | Z7: 62295 | AA7: 15527 | AB7: 54607 | AC7: 14124 | AD7: 14891 | AE7: 7361 | AF7: 182472 | AG7: 50952 | AJ7: =D7/(D7+B7) -> 0 | AK7: 0 | AL7: =K7/(K7+I7) -> 0 | AM7: =F7/L7 -> 0.53333333 | AN7: =AM7-AJ7 -> 0.53333333
A8: AVIL | B8: 225 | C8: 96 | D8: 841 | E8: 563 | F8: 1066 | G8: 659 | H8: 215 | I8: 83 | J8: 1024 | K8: 579 | L8: 1239 | M8: 662 | N8: 2305 | O8: 1321 | P8: 0.78893058 | Q8: 0.82647296 | R8: =D8/C8 -> 8.7604167 | S8: =J8/K8 -> 1.7685665 | T8: 0.85432473 | U8: 0.87462236 | V8: =(Q8/P8-1)*100 -> 4.7586417 | W8: =S8/R8-1 -> -0.79811845 | X8: =(U8/T8-1)*100 -> 2.3758673 | Y8: Brodactam | Z8: 50884 | AA8: 13613 | AB8: 46915 | AC8: 12906 | AD8: 10299 | AE8: 5996 | AF8: 146104 | AG8: 44482 | AJ8: =D8/(D8+B8) -> 0.78893058 | AK8: =D8/E8 -> 1.4937833 | AL8: =K8/(K8+I8) -> 0.87462236 | AM8: =F8/L8 -> 0.86037127 | AN8: =AM8-AJ8 -> 0.071440686
A9: BETANOL | B9: 1062 | C9: 703 | D9: 83 | E9: 74 | F9: 1145 | G9: 777 | H9: 807 | I9: 579 | J9: 65 | K9: 54 | L9: 872 | M9: 633 | N9: 2017 | O9: 1410 | P9: 0.072489083 | Q9: 0.074541284 | R9: =D9/C9 -> 0.11806543 | S9: =J9/K9 -> 1.2037037 | T9: 0.095238095 | U9: 0.085308057 | V9: =(Q9/P9-1)*100 -> 2.8310484 | W9: =S9/R9-1 -> 9.1952253 | X9: =(U9/T9-1)*100 -> -10.42654 | Y9: Butapan | Z9: 107427 | AA9: 22987 | AB9: 89932 | AC9: 21266 | AD9: 21203 | AE9: 10483 | AF9: 298396 | AG9: 75850 | AJ9: =D9/(D9+B9) -> 0.072489083 | AK9: =D9/E9 -> 1.1216216 | AL9: =K9/(K9+I9) -> 0.085308057 | AM9: =F9/L9 -> 1.3130734 | AN9: =AM9-AJ9 -> 1.2405843
A10: BETANOL A | B10: 6455 | C10: 3531 | F10: 6455 | G10: 3531 | H10: 4999 | I10: 3067 | L10: 4999 | M10: 3067 | N10: 11454 | O10: 6598 | P10: 0 | Q10: 0 | R10: =D10/C10 -> 0 | S10: 0 | T10: 0 | U10: 0 | V10: 0 | W10: 0 | X10: 0 | Y10: Carbanem | Z10: 23193 | AA10: 4837 | AB10: 35579 | AC10: 5949 | AD10: 10913 | AE10: 3920 | AF10: 128374 | AG10: 22654 | AJ10: =D10/(D10+B10) -> 0 | AK10: 0 | AL10: =K10/(K10+I10) -> 0 | AM10: =F10/L10 -> 1.2912583 | AN10: =AM10-AJ10 -> 1.2912583
A11: BRODACTAM | B11: 35 | C11: 32 | D11: 20 | E11: 15 | F11: 55 | G11: 47 | H11: 58 | I11: 45 | J11: 25 | K11: 16 | L11: 83 | M11: 61 | N11: 138 | O11: 108 | P11: 0.36363636 | Q11: 0.30120482 | R11: =D11/C11 -> 0.625 | S11: =J11/K11 -> 1.5625 | T11: 0.31914894 | U11: 0.26229508 | V11: =(Q11/P11-1)*100 -> -17.168675 | W11: =S11/R11-1 -> 1.5 | X11: =(U11/T11-1)*100 -> -17.814208 | Y11: CopiXa | Z11: 1051 | AA11: 665 | AB11: 974 | AC11: 601 | AD11: 307 | AE11: 251 | AF11: 3487 | AG11: 2170 | AJ11: =D11/(D11+B11) -> 0.36363636 | AK11: =D11/E11 -> 1.3333333 | AL11: =K11/(K11+I11) -> 0.26229508 | AM11: =F11/L11 -> 0.6626506 | AN11: =AM11-AJ11 -> 0.29901424
A12: BUTAPAN | B12: 1042 | C12: 414 | D12: 168 | E12: 76 | F12: 1210 | G12: 490 | H12: 864 | I12: 347 | J12: 361 | K12: 191 | L12: 1225 | M12: 538 | N12: 2435 | O12: 1028 | P12: 0.13884298 | Q12: 0.29469388 | R12: =D12/C12 -> 0.4057971 | S12: =J12/K12 -> 1.8900524 | T12: 0.15510204 | U12: 0.35501859 | V12: =(Q12/P12-1)*100 -> 112.24976 | W12: =S12/R12-1 -> 3.657629 | X12: =(U12/T12-1)*100 -> 128.89356 | Y12: Curazith | Z12: 97219 | AA12: 19745 | AB12: 86206 | AC12: 18515 | AD12: 16697 | AE12: 8284 | AF12: 266865 | AG12: 63391 | AJ12: =D12/(D12+B12) -> 0.13884298 | AK12: =D12/E12 -> 2.2105263 | AL12: =K12/(K12+I12) -> 0.35501859 | AM12: =F12/L12 -> 0.9877551 | AN12: =AM12-AJ12 -> 0.84891213
A13: CARBANEM | B13: 2298 | C13: 1171 | D13: 15 | E13: 9 | F13: 2313 | G13: 1180 | H13: 2105 | I13: 1185 | J13: 21 | K13: 11 | L13: 2126 | M13: 1196 | N13: 4439 | O13: 2376 | P13: 0.006485084 | Q13: 0.009877705 | R13: =D13/C13 -> 0.012809564 | S13: =J13/K13 -> 1.9090909 | T13: 0.007627119 | U13: 0.009197324 | V13: =(Q13/P13-1)*100 -> 52.314218 | W13: =S13/R13-1 -> 148.03636 | X13: =(U13/T13-1)*100 -> 20.587131 | Y13: Enterogermina | Z13: 21970 | AA13: 6030 | AB13: 18805 | AC13: 5381 | AD13: 3337 | AE13: 2018 | AF13: 60521 | AG13: 18589 | AJ13: =D13/(D13+B13) -> 0.0064850843 | AK13: =D13/E13 -> 1.6666667 | AL13: =K13/(K13+I13) -> 0.0091973244 | AM13: =F13/L13 -> 1.0879586 | AN13: =AM13-AJ13 -> 1.0814735
A14: CDENS | B14: 3432 | C14: 1454 | F14: 3432 | G14: 1454 | H14: 2026 | I14: 803 | L14: 2026 | M14: 803 | N14: 5458 | O14: 2257 | P14: 0 | Q14: 0 | R14: =D14/C14 -> 0 | S14: 0 | T14: 0 | U14: 0 | V14: 0 | W14: 0 | X14: 0 | Y14: Epilim | Z14: 130823 | AA14: 24215 | AB14: 108780 | AC14: 21473 | AD14: 25881 | AE14: 10821 | AF14: 359722 | AG14: 77385 | AJ14: =D14/(D14+B14) -> 0 | AK14: 0 | AL14: =K14/(K14+I14) -> 0 | AM14: =F14/L14 -> 1.6939783 | AN14: =AM14-AJ14 -> 1.6939783
A15: COPIXA | B15: 106 | C15: 78 | F15: 106 | G15: 78 | H15: 135 | I15: 81 | J15: 4 | K15: 4 | L15: 139 | M15: 85 | N15: 245 | O15: 163 | P15: 0 | Q15: 0.028776978 | R15: =D15/C15 -> 0 | S15: =J15/K15 -> 1 | T15: 0 | U15: 0.047058824 | V15: 0 | W15: 0 | X15: 0 | Y15: ERTU | Z15: 30843 | AA15: 5586 | AB15: 29891 | AC15: 5813 | AD15: 8209 | AE15: 4024 | AF15: 96181 | AG15: 21884 | AJ15: =D15/(D15+B15) -> 0 | AK15: 0 | AL15: =K15/(K15+I15) -> 0.047058824 | AM15: =F15/L15 -> 0.76258993 | AN15: =AM15-AJ15 -> 0.76258993
A16: CURAZITH | B16: 67027 | C16: 14869 | D16: 24 | E16: 18 | F16: 67051 | G16: 14887 | H16: 50152 | I16: 13163 | J16: 17 | K16: 15 | L16: 50169 | M16: 13178 | N16: 117220 | O16: 28065 | P16: 0.000357936 | Q16: 0.000338855 | R16: =D16/C16 -> 0.0016140964 | S16: =J16/K16 -> 1.1333333 | T16: 0.001209109 | U16: 0.001138261 | V16: =(Q16/P16-1)*100 -> -5.3308413 | W16: =S16/R16-1 -> 701.14722 | X16: =(U16/T16-1)*100 -> -5.8595214 | Y16: EXPRES | Z16: 33144 | AA16: 7766 | AB16: 30427 | AC16: 7229 | AD16: 8421 | AE16: 4124 | AF16: 100092 | AG16: 26413 | AJ16: =D16/(D16+B16) -> 0.0003579365 | AK16: =D16/E16 -> 1.3333333 | AL16: =K16/(K16+I16) -> 0.0011382607 | AM16: =F16/L16 -> 1.3365026 | AN16: =AM16-AJ16 -> 1.3361447
A17: DOXOVIA | B17: 61674 | C17: 13519 | F17: 61674 | G17: 13519 | H17: 49155 | I17: 12771 | L17: 49155 | M17: 12771 | N17: 110829 | O17: 26290 | P17: 0 | Q17: 0 | R17: =D17/C17 -> 0 | S17: 0 | T17: 0 | U17: 0 | V17: 0 | W17: 0 | X17: 0 | Y17: Farpem | Z17: 2292 | AA17: 1137 | AB17: 2709 | AC17: 1395 | AD17: 1434 | AE17: 1022 | AF17: 10415 | AG17: 5754 | AJ17: =D17/(D17+B17) -> 0 | AK17: 0 | AL17: =K17/(K17+I17) -> 0 | AM17: =F17/L17 -> 1.2546842 | AN17: =AM17-AJ17 -> 1.2546842
A18: ELOXATIN | B18: 13 | C18: 9 | F18: 13 | G18: 9 | N18: 13 | O18: 9 | P18: 0 | Q18: 0 | R18: =D18/C18 -> 0 | S18: 0 | T18: 0 | U18: #DIV/0! | V18: 0 | W18: 0 | X18: 0 | Y18: Fimoxyclav | Z18: 50884 | AA18: 13613 | AB18: 46915 | AC18: 12906 | AD18: 10299 | AE18: 5996 | AF18: 146104 | AG18: 44482 | AJ18: =D18/(D18+B18) -> 0 | AK18: 0 | AL18: 0 | AM18: 0 | AN18: =AM18-AJ18 -> 0
A19: ENDOXAN | B19: 68 | C19: 50 | D19: 55 | E19: 38 | F19: 123 | G19: 88 | N19: 123 | O19: 88 | P19: 0.44715447 | Q19: 0 | R19: =D19/C19 -> 1.1 | S19: 0 | T19: 0.43181818 | U19: #DIV/0! | V19: =(Q19/P19-1)*100 -> -100 | W19: =S19/R19-1 -> -1 | X19: 0 | Y19: Fimoxyl | Z19: 50884 | AA19: 13613 | AB19: 46915 | AC19: 12906 | AD19: 10299 | AE19: 5996 | AF19: 146104 | AG19: 44482 | AJ19: =D19/(D19+B19) -> 0.44715447 | AK19: =D19/E19 -> 1.4473684 | AL19: 0 | AM19: 0 | AN19: =AM19-AJ19 -> -0.44715447
A20: ENTEROGERMINA | B20: 14503 | C20: 4493 | D20: 3168 | E20: 1303 | F20: 17671 | G20: 5796 | H20: 12924 | I20: 4352 | J20: 2762 | K20: 1197 | L20: 15686 | M20: 5549 | N20: 33357 | O20: 11345 | P20: 0.17927678 | Q20: 0.17608058 | R20: =D20/C20 -> 0.70509682 | S20: =J20/K20 -> 2.3074353 | T20: 0.22481021 | U20: 0.21571454 | V20: =(Q20/P20-1)*100 -> -1.7828299 | W20: =S20/R20-1 -> 2.2725084 | X20: =(U20/T20-1)*100 -> -4.0459332 | Y20: Flagyl | Z20: 54676 | AA20: 15532 | AB20: 45283 | AC20: 13934 | AD20: 8856 | AE20: 5342 | AF20: 148138 | AG20: 47782 | AJ20: =D20/(D20+B20) -> 0.17927678 | AK20: =D20/E20 -> 2.4313124 | AL20: =K20/(K20+I20) -> 0.21571454 | AM20: =F20/L20 -> 1.126546 | AN20: =AM20-AJ20 -> 0.94726918
A21: EPILIM | B21: 8121 | C21: 2239 | D21: 681 | E21: 333 | F21: 8802 | G21: 2572 | H21: 7888 | I21: 2306 | J21: 858 | K21: 395 | L21: 8746 | M21: 2701 | N21: 17548 | O21: 5273 | P21: 0.07736878 | Q21: 0.098101989 | R21: =D21/C21 -> 0.30415364 | S21: =J21/K21 -> 2.1721519 | T21: 0.12947123 | U21: 0.14624213 | V21: =(Q21/P21-1)*100 -> 26.797901 | W21: =S21/R21-1 -> 6.1416272 | X21: =(U21/T21-1)*100 -> 12.953383 | Y21: Frisium | Z21: 45463 | AA21: 13363 | AB21: 43658 | AC21: 12646 | AD21: 11858 | AE21: 6243 | AF21: 144891 | AG21: 44964 | AJ21: =D21/(D21+B21) -> 0.07736878 | AK21: =D21/E21 -> 2.045045 | AL21: =K21/(K21+I21) -> 0.14624213 | AM21: =F21/L21 -> 1.0064029 | AN21: =AM21-AJ21 -> 0.92903415
A22: ERTU | B22: 29487 | C22: 5790 | D22: 404 | E22: 168 | F22: 29891 | G22: 5958 | H22: 26992 | I22: 6435 | J22: 246 | K22: 133 | L22: 27238 | M22: 6568 | N22: 57129 | O22: 12526 | P22: 0.013515774 | Q22: 0.0090315 | R22: =D22/C22 -> 0.069775475 | S22: =J22/K22 -> 1.8496241 | T22: 0.028197382 | U22: 0.020249695 | V22: =(Q22/P22-1)*100 -> -33.178078 | W22: =S22/R22-1 -> 25.508226 | X22: =(U22/T22-1)*100 -> -28.185904 | Y22: Gavisyn | Z22: 96866 | AA22: 20124 | AB22: 81321 | AC22: 18362 | AD22: 19793 | AE22: 9474 | AF22: 268705 | AG22: 66013 | AJ22: =D22/(D22+B22) -> 0.013515774 | AK22: =D22/E22 -> 2.4047619 | AL22: =K22/(K22+I22) -> 0.020249695 | AM22: =F22/L22 -> 1.0974007 | AN22: =AM22-AJ22 -> 1.0838849
A23: ESCAP | B23: 394898 | C23: 46060 | D23: 4 | E23: 3 | F23: 394902 | G23: 46063 | H23: 364241 | I23: 47938 | J23: 9 | K23: 9 | L23: 364250 | M23: 47947 | N23: 759152 | O23: 94010 | P23: 1.01e-05 | Q23: 2.47e-05 | R23: =D23/C23 -> 8.6843248e-05 | S23: =J23/K23 -> 1 | T23: 6.51282e-05 | U23: 0.000187707 | V23: =(Q23/P23-1)*100 -> 144.55446 | W23: =S23/R23-1 -> 11514 | X23: =(U23/T23-1)*100 -> 188.21156 | Y23: Imovane | Z23: 2082 | AA23: 1086 | AB23: 1917 | AC23: 954 | AD23: 428 | AE23: 295 | AF23: 6043 | AG23: 3181 | AJ23: =D23/(D23+B23) -> 1.0129095e-05 | AK23: =D23/E23 -> 1.3333333 | AL23: =K23/(K23+I23) -> 0.00018770726 | AM23: =F23/L23 -> 1.084151 | AN23: =AM23-AJ23 -> 1.0841409
A24: EXPRES | B24: 20451 | C24: 5521 | D24: 218 | E24: 110 | F24: 20669 | G24: 5631 | H24: 18966 | I24: 5645 | J24: 216 | K24: 119 | L24: 19182 | M24: 5764 | N24: 39851 | O24: 11395 | P24: 0.010547196 | Q24: 0.011260557 | R24: =D24/C24 -> 0.0394856 | S24: =J24/K24 -> 1.8151261 | T24: 0.019534719 | U24: 0.020645385 | V24: =(Q24/P24-1)*100 -> 6.7635133 | W24: =S24/R24-1 -> 44.969316 | X24: =(U24/T24-1)*100 -> 5.6856001 | Y24: INCRIT | Z24: 144638 | AA24: 23320 | AB24: 128570 | AC24: 21723 | AD24: 34419 | AE24: 13713 | AF24: 423929 | AG24: 81229 | AJ24: =D24/(D24+B24) -> 0.010547196 | AK24: =D24/E24 -> 1.9818182 | AL24: =K24/(K24+I24) -> 0.020645385 | AM24: =F24/L24 -> 1.0775206 | AN24: =AM24-AJ24 -> 1.0669734
A25: FARPEM | B25: 371 | C25: 265 | F25: 371 | G25: 265 | H25: 1781 | I25: 1142 | J25: 54 | K25: 44 | L25: 1835 | M25: 1186 | N25: 2206 | O25: 1451 | P25: 0 | Q25: 0.029427793 | R25: =D25/C25 -> 0 | S25: =J25/K25 -> 1.2272727 | T25: 0 | U25: 0.037099494 | V25: 0 | W25: 0 | X25: 0 | Y25: Kuracef | Z25: 83333 | AA25: 20215 | AB25: 72292 | AC25: 18522 | AD25: 14835 | AE25: 8451 | AF25: 234176 | AG25: 65089 | AJ25: =D25/(D25+B25) -> 0 | AK25: 0 | AL25: =K25/(K25+I25) -> 0.037099494 | AM25: =F25/L25 -> 0.20217984 | AN25: =AM25-AJ25 -> 0.20217984
A26: FIMOXYCLAV | B26: 31849 | C26: 10335 | D26: 2503 | E26: 1407 | F26: 34352 | G26: 11742 | H26: 25094 | I26: 9362 | J26: 2413 | K26: 1444 | L26: 27507 | M26: 10806 | N26: 61859 | O26: 22548 | P26: 0.072863298 | Q26: 0.087723125 | R26: =D26/C26 -> 0.24218674 | S26: =J26/K26 -> 1.6710526 | T26: 0.11982627 | U26: 0.13362947 | V26: =(Q26/P26-1)*100 -> 20.394118 | W26: =S26/R26-1 -> 5.8998518 | X26: =(U26/T26-1)*100 -> 11.519344 | Y26: Lantus | Z26: 45274 | AA26: 7157 | AB26: 38234 | AC26: 6568 | AD26: 6638 | AE26: 3343 | AF26: 119414 | AG26: 23692 | AJ26: =D26/(D26+B26) -> 0.072863298 | AK26: =D26/E26 -> 1.7789623 | AL26: =K26/(K26+I26) -> 0.13362947 | AM26: =F26/L26 -> 1.2488457 | AN26: =AM26-AJ26 -> 1.1759825
A27: FIMOXYL | B27: 11749 | C27: 3152 | D27: 458 | E27: 269 | F27: 12207 | G27: 3421 | H27: 9890 | I27: 2826 | J27: 410 | K27: 261 | L27: 10300 | M27: 3087 | N27: 22507 | O27: 6508 | P27: 0.037519456 | Q27: 0.039805825 | R27: =D27/C27 -> 0.14530457 | S27: =J27/K27 -> 1.5708812 | T27: 0.078631979 | U27: 0.084548105 | V27: =(Q27/P27-1)*100 -> 6.0938224 | W27: =S27/R27-1 -> 9.8109555 | X27: =(U27/T27-1)*100 -> 7.5238167 | Y27: Lasix | Z27: 2514 | AA27: 1379 | AB27: 2604 | AC27: 1395 | AD27: 911 | AE27: 684 | AF27: 9302 | AG27: 5133 | AJ27: =D27/(D27+B27) -> 0.037519456 | AK27: =D27/E27 -> 1.7026022 | AL27: =K27/(K27+I27) -> 0.084548105 | AM27: =F27/L27 -> 1.1851456 | AN27: =AM27-AJ27 -> 1.1476262
A28: FLAGYL | B28: 32237 | C28: 10746 | D28: 430 | E28: 309 | F28: 32667 | G28: 11055 | H28: 27998 | I28: 9803 | J28: 455 | K28: 314 | L28: 28453 | M28: 10117 | N28: 61120 | O28: 21172 | P28: 0.013163131 | Q28: 0.015991284 | R28: =D28/C28 -> 0.040014889 | S28: =J28/K28 -> 1.4490446 | T28: 0.027951153 | U28: 0.031036869 | V28: =(Q28/P28-1)*100 -> 21.485413 | W28: =S28/R28-1 -> 35.212635 | X28: =(U28/T28-1)*100 -> 11.039673 | Y28: Leveron | Z28: 130823 | AA28: 24215 | AB28: 108780 | AC28: 21473 | AD28: 25881 | AE28: 10821 | AF28: 359722 | AG28: 77385 | AJ28: =D28/(D28+B28) -> 0.013163131 | AK28: =D28/E28 -> 1.3915858 | AL28: =K28/(K28+I28) -> 0.031036869 | AM28: =F28/L28 -> 1.1481039 | AN28: =AM28-AJ28 -> 1.1349408
A29: FRISIUM | B29: 1110 | C29: 564 | D29: 252 | E29: 105 | F29: 1362 | G29: 669 | H29: 1014 | I29: 567 | J29: 184 | K29: 87 | L29: 1198 | M29: 654 | N29: 2560 | O29: 1323 | P29: 0.18502203 | Q29: 0.15358932 | R29: =D29/C29 -> 0.44680851 | S29: =J29/K29 -> 2.1149425 | T29: 0.15695067 | U29: 0.13302752 | V29: =(Q29/P29-1)*100 -> -16.988631 | W29: =S29/R29-1 -> 3.7334428 | X29: =(U29/T29-1)*100 -> -15.242464 | Y29: Luzol | Z29: 71366 | AA29: 15130 | AB29: 70641 | AC29: 14533 | AD29: 19156 | AE29: 7585 | AF29: 234706 | AG29: 52231 | AJ29: =D29/(D29+B29) -> 0.18502203 | AK29: =D29/E29 -> 2.4 | AL29: =K29/(K29+I29) -> 0.13302752 | AM29: =F29/L29 -> 1.1368948 | AN29: =AM29-AJ29 -> 0.9518728
A30: GAVISYN | B30: 52742 | C30: 13678 | D30: 261 | E30: 175 | F30: 53003 | G30: 13853 | H30: 47255 | I30: 13683 | J30: 284 | K30: 175 | L30: 47539 | M30: 13858 | N30: 100542 | O30: 27711 | P30: 0.00492425 | Q30: 0.005974042 | R30: =D30/C30 -> 0.019081737 | S30: =J30/K30 -> 1.6228571 | T30: 0.012632643 | U30: 0.012628085 | V30: =(Q30/P30-1)*100 -> 21.31882 | W30: =S30/R30-1 -> 84.047663 | X30: =(U30/T30-1)*100 -> -0.036081127 | Y30: Metsa | Z30: 186282 | AA30: 18242 | AB30: 161232 | AC30: 17051 | AD30: 33928 | AE30: 10546 | AF30: 509587 | AG30: 63384 | AJ30: =D30/(D30+B30) -> 0.0049242496 | AK30: =D30/E30 -> 1.4914286 | AL30: =K30/(K30+I30) -> 0.012628085 | AM30: =F30/L30 -> 1.1149372 | AN30: =AM30-AJ30 -> 1.110013
A31: IMOVANE | B31: 16 | C31: 14 | D31: 7 | E31: 6 | F31: 23 | G31: 20 | H31: 8 | I31: 6 | J31: 11 | K31: 9 | L31: 19 | M31: 15 | N31: 42 | O31: 35 | P31: 0.30434783 | Q31: 0.57894737 | R31: =D31/C31 -> 0.5 | S31: =J31/K31 -> 1.2222222 | T31: 0.3 | U31: 0.6 | V31: =(Q31/P31-1)*100 -> 90.225564 | W31: =S31/R31-1 -> 1.4444444 | X31: =(U31/T31-1)*100 -> 100 | Y31: Monfast | Z31: 449109 | AA31: 32249 | AB31: 421224 | AC31: 31237 | AD31: 78357 | AE31: 17592 | AF31: 1275883 | AG31: 111101 | AJ31: =D31/(D31+B31) -> 0.30434783 | AK31: =D31/E31 -> 1.1666667 | AL31: =K31/(K31+I31) -> 0.6 | AM31: =F31/L31 -> 1.2105263 | AN31: =AM31-AJ31 -> 0.90617849
A32: INCRIT | B32: 1210 | C32: 550 | F32: 1210 | G32: 550 | H32: 730 | I32: 461 | L32: 730 | M32: 461 | N32: 1940 | O32: 1011 | P32: 0 | Q32: 0 | R32: =D32/C32 -> 0 | S32: 0 | T32: 0 | U32: 0 | V32: =(Q32/P32-1)*100 -> #DIV/0! | W32: 0 | X32: 0 | Y32: Oracyn-K | Z32: 47917 | AA32: 14463 | AB32: 44452 | AC32: 13851 | AD32: 9019 | AE32: 5360 | AF32: 144488 | AG32: 47365 | AJ32: =D32/(D32+B32) -> 0 | AK32: 0 | AL32: =K32/(K32+I32) -> 0 | AM32: =F32/L32 -> 1.6575342 | AN32: =AM32-AJ32 -> 1.6575342
A33: INCRIT M | B33: 7947 | C33: 2733 | D33: 17 | E33: 11 | F33: 7964 | G33: 2744 | H33: 5459 | I33: 2433 | J33: 4 | K33: 3 | L33: 5463 | M33: 2436 | N33: 13427 | O33: 5180 | P33: 0.002134606 | Q33: 0.000732198 | R33: =D33/C33 -> 0.0062202708 | S33: =J33/K33 -> 1.3333333 | T33: 0.004008746 | U33: 0.001231527 | V33: =(Q33/P33-1)*100 -> -65.698682 | W33: =S33/R33-1 -> 213.35294 | X33: =(U33/T33-1)*100 -> -69.278996 | Y33: Orva | Z33: 86393 | AA33: 14160 | AB33: 75318 | AC33: 13027 | AD33: 21471 | AE33: 8357 | AF33: 251923 | AG33: 48795 | AJ33: =D33/(D33+B33) -> 0.0021346057 | AK33: =D33/E33 -> 1.5454545 | AL33: =K33/(K33+I33) -> 0.0012315271 | AM33: =F33/L33 -> 1.4578071 | AN33: =AM33-AJ33 -> 1.4556725
A34: KURACEF | B34: 110487 | C34: 22164 | D34: 107 | E34: 47 | F34: 110594 | G34: 22211 | H34: 88177 | I34: 21092 | J34: 94 | K34: 36 | L34: 88271 | M34: 21128 | N34: 198865 | O34: 43339 | P34: 0.000967503 | Q34: 0.001064902 | R34: =D34/C34 -> 0.0048276484 | S34: =J34/K34 -> 2.6111111 | T34: 0.002116069 | U34: 0.0017039 | V34: =(Q34/P34-1)*100 -> 10.067049 | W34: =S34/R34-1 -> 539.86604 | X34: =(U34/T34-1)*100 -> -19.478051 | Y34: Ovenox | Z34: 901 | AA34: 521 | AB34: 895 | AC34: 510 | AD34: 179 | AE34: 140 | AF34: 2859 | AG34: 1707 | AJ34: =D34/(D34+B34) -> 0.00096750276 | AK34: =D34/E34 -> 2.2765957 | AL34: =K34/(K34+I34) -> 0.0017039 | AM34: =F34/L34 -> 1.2528917 | AN34: =AM34-AJ34 -> 1.2519242
A35: LANTUS+TOUJEO | B35: 3017 | C35: 1244 | D35: 731 | E35: 454 | F35: 3776 | G35: 1717 | H35: 2282 | I35: 1219 | J35: 716 | K35: 473 | L35: 3025 | M35: 1712 | N35: 6801 | O35: 3429 | P35: 0.20100636 | Q35: 0.24561984 | R35: =D35/C35 -> 0.58762058 | S35: =J35/K35 -> 1.5137421 | T35: 0.27548049 | U35: 0.28796729 | V35: =(Q35/P35-1)*100 -> 22.195059 | W35: =S35/R35-1 -> 1.5760535 | X35: =(U35/T35-1)*100 -> 4.5327352 | Y35: Pevisone | Z35: 24056 | AA35: 7583 | AB35: 21291 | AC35: 6875 | AD35: 4219 | AE35: 2687 | AF35: 68750 | AG35: 23914 | AJ35: =D35/(D35+B35) -> 0.19503735 | AK35: =D35/E35 -> 1.6101322 | AL35: =K35/(K35+I35) -> 0.27955083 | AM35: =F35/L35 -> 1.2482645 | AN35: =AM35-AJ35 -> 1.0532271
A36: TOUJEO | B36: 3017 | C36: 1244 | D36: 28 | E36: 19 | F36: 3776 | G36: 1717 | H36: 2282 | I36: 1219 | J36: 27 | K36: 20 | L36: 3025 | M36: 1712 | N36: 6801 | O36: 3429 | P36: 0.20100636 | Q36: 0.24561984 | R36: 0.61012862 | S36: 1.5070994 | T36: 0.27548049 | U36: 0.28796729 | V36: 22.195059 | W36: 1.4701339 | X36: 4.5327352 | Y36: Pevisone | Z36: 24056 | AA36: 7583 | AB36: 21291 | AC36: 6875 | AD36: 4219 | AE36: 2687 | AF36: 68750 | AG36: 23914
A37: LASILACTONE | B37: 24738 | C37: 8076 | D37: 2 | E37: 2 | F37: 24740 | G37: 8078 | H37: 23948 | I37: 7939 | L37: 23948 | M37: 7939 | N37: 48688 | O37: 16017 | P37: 8.08e-05 | Q37: 0 | R37: =D37/C37 -> 0.00024764735 | S37: 0 | T37: 0.000247586 | U37: 0 | V37: =(Q37/P37-1)*100 -> -100 | W37: =S37/R37-1 -> -1 | X37: =(U37/T37-1)*100 -> -100 | Y37: Phenergan Plus | Z37: 271107 | AA37: 33192 | AB37: 268305 | AC37: 32837 | AD37: 62916 | AE37: 20427 | AF37: 860015 | AG37: 119543 | AJ37: =D37/(D37+B37) -> 8.0840744e-05 | AK37: =D37/E37 -> 1 | AL37: =K37/(K37+I37) -> 0 | AM37: =F37/L37 -> 1.0330717 | AN37: =AM37-AJ37 -> 1.0329908
A38: LASIX | B38: 4737 | C38: 2167 | D38: 3152 | E38: 1654 | F38: 7889 | G38: 3821 | H38: 4414 | I38: 2103 | J38: 3439 | K38: 1730 | L38: 7853 | M38: 3833 | N38: 15742 | O38: 7654 | P38: 0.39954367 | Q38: 0.43792181 | R38: =D38/C38 -> 1.4545455 | S38: =J38/K38 -> 1.9878613 | T38: 0.43287098 | U38: 0.45134359 | V38: =(Q38/P38-1)*100 -> 9.6054945 | W38: =S38/R38-1 -> 0.36665462 | X38: =(U38/T38-1)*100 -> 4.2674654 | Y38: Profenid | Z38: 279456 | AA38: 37548 | AB38: 242234 | AC38: 34883 | AD38: 64342 | AE38: 21281 | AF38: 805344 | AG38: 128664 | AJ38: =D38/(D38+B38) -> 0.39954367 | AK38: =D38/E38 -> 1.9056832 | AL38: =K38/(K38+I38) -> 0.4513436 | AM38: =F38/L38 -> 1.0045842 | AN38: =AM38-AJ38 -> 0.60504057
A39: LEVERON | B39: 2263 | C39: 1137 | D39: 40 | E39: 20 | F39: 2303 | G39: 1157 | H39: 2584 | I39: 1237 | J39: 22 | K39: 19 | L39: 2606 | M39: 1256 | N39: 4909 | O39: 2413 | P39: 0.01736865 | Q39: 0.008442057 | R39: =D39/C39 -> 0.035180299 | S39: =J39/K39 -> 1.1578947 | T39: 0.017286085 | U39: 0.015127389 | V39: =(Q39/P39-1)*100 -> -51.394858 | W39: =S39/R39-1 -> 31.913158 | X39: =(U39/T39-1)*100 -> -12.488056 | Y39: Qpine | Z39: 76150 | AA39: 17223 | AB39: 73530 | AC39: 16995 | AD39: 18418 | AE39: 8214 | AF39: 234007 | AG39: 58961 | AJ39: =D39/(D39+B39) -> 0.01736865 | AK39: =D39/E39 -> 2 | AL39: =K39/(K39+I39) -> 0.015127389 | AM39: =F39/L39 -> 0.88372985 | AN39: =AM39-AJ39 -> 0.8663612
A40: LUZOL | B40: 11868 | C40: 3376 | D40: 185 | E40: 103 | F40: 12053 | G40: 3479 | H40: 15529 | I40: 4169 | J40: 227 | K40: 140 | L40: 15756 | M40: 4309 | N40: 27809 | O40: 7788 | P40: 0.015348876 | Q40: 0.01440721 | R40: =D40/C40 -> 0.054798578 | S40: =J40/K40 -> 1.6214286 | T40: 0.029606209 | U40: 0.032490137 | V40: =(Q40/P40-1)*100 -> -6.1350812 | W40: =S40/R40-1 -> 28.58888 | X40: =(U40/T40-1)*100 -> 9.7409567 | Y40: Renvela | Z40: 8864 | AA40: 3506 | AB40: 10863 | AC40: 4295 | AD40: 4344 | AE40: 2769 | AF40: 36912 | AG40: 15806 | AJ40: =D40/(D40+B40) -> 0.015348876 | AK40: =D40/E40 -> 1.7961165 | AL40: =K40/(K40+I40) -> 0.032490137 | AM40: =F40/L40 -> 0.76497842 | AN40: =AM40-AJ40 -> 0.74962955
A41: METSA | B41: 34627 | C41: 9209 | D41: 138 | E41: 69 | F41: 34765 | G41: 9278 | H41: 26897 | I41: 8872 | J41: 184 | K41: 104 | L41: 27081 | M41: 8976 | N41: 61846 | O41: 18254 | P41: 0.00396951 | Q41: 0.006794432 | R41: =D41/C41 -> 0.01498534 | S41: =J41/K41 -> 1.7692308 | T41: 0.007436948 | U41: 0.011586453 | V41: =(Q41/P41-1)*100 -> 71.165509 | W41: =S41/R41-1 -> 117.0641 | X41: =(U41/T41-1)*100 -> 55.795805 | Y41: Respite | Z41: 137296 | AA41: 22260 | AB41: 103341 | AC41: 18932 | AD41: 19501 | AE41: 9101 | AF41: 342467 | AG41: 68118 | AJ41: =D41/(D41+B41) -> 0.0039695096 | AK41: =D41/E41 -> 2 | AL41: =K41/(K41+I41) -> 0.011586453 | AM41: =F41/L41 -> 1.2837414 | AN41: =AM41-AJ41 -> 1.2797719
A42: MONFAST | B42: 174629 | C42: 27193 | D42: 129 | E42: 96 | F42: 174758 | G42: 27289 | H42: 139846 | I42: 25825 | J42: 513 | K42: 261 | L42: 140359 | M42: 26086 | N42: 315117 | O42: 53375 | P42: 0.000738164 | Q42: 0.003654913 | R42: =D42/C42 -> 0.0047438679 | S42: =J42/K42 -> 1.9655172 | T42: 0.003517901 | U42: 0.010005367 | V42: =(Q42/P42-1)*100 -> 395.13563 | W42: =S42/R42-1 -> 413.32799 | X42: =(U42/T42-1)*100 -> 184.41298 | Y42: Rozenon | Z42: 86393 | AA42: 14160 | AB42: 75318 | AC42: 13027 | AD42: 21471 | AE42: 8357 | AF42: 251923 | AG42: 48795 | AJ42: =D42/(D42+B42) -> 0.00073816363 | AK42: =D42/E42 -> 1.34375 | AL42: =K42/(K42+I42) -> 0.010005367 | AM42: =F42/L42 -> 1.2450787 | AN42: =AM42-AJ42 -> 1.2443405
A43: ORACYN K | B43: 5200 | C43: 2277 | D43: 286 | E43: 166 | F43: 5486 | G43: 2443 | H43: 4984 | I43: 2288 | J43: 296 | K43: 172 | L43: 5280 | M43: 2460 | N43: 10766 | O43: 4903 | P43: 0.052132701 | Q43: 0.056060606 | R43: =D43/C43 -> 0.12560386 | S43: =J43/K43 -> 1.7209302 | T43: 0.067949243 | U43: 0.069918699 | V43: =(Q43/P43-1)*100 -> 7.534436 | W43: =S43/R43-1 -> 12.701252 | X43: =(U43/T43-1)*100 -> 2.8984223 | Y43: Sacutril | Z43: 2548 | AA43: 1033 | AB43: 3150 | AC43: 1195 | AD43: 1104 | AE43: 686 | AF43: 10824 | AG43: 4354 | AJ43: =D43/(D43+B43) -> 0.052132701 | AK43: =D43/E43 -> 1.7228916 | AL43: =K43/(K43+I43) -> 0.069918699 | AM43: =F43/L43 -> 1.0390152 | AN43: =AM43-AJ43 -> 0.98688245
A44: ORVA | B44: 29827 | C44: 7528 | D44: 76 | E44: 40 | F44: 29903 | G44: 7568 | H44: 25562 | I44: 7021 | J44: 62 | K44: 33 | L44: 25624 | M44: 7054 | N44: 55527 | O44: 14622 | P44: 0.002541551 | Q44: 0.002419607 | R44: =D44/C44 -> 0.010095643 | S44: =J44/K44 -> 1.8787879 | T44: 0.005285412 | U44: 0.004678197 | V44: =(Q44/P44-1)*100 -> -4.7980151 | W44: =S44/R44-1 -> 185.09888 | X44: =(U44/T44-1)*100 -> -11.488508 | Y44: Sandom | Z44: 167858 | AA44: 28832 | AB44: 148919 | AC44: 27086 | AD44: 38368 | AE44: 15310 | AF44: 482927 | AG44: 98247 | AJ44: =D44/(D44+B44) -> 0.002541551 | AK44: =D44/E44 -> 1.9 | AL44: =K44/(K44+I44) -> 0.0046781968 | AM44: =F44/L44 -> 1.1669919 | AN44: =AM44-AJ44 -> 1.1644503
A45: OVENOX | B45: 850 | C45: 482 | D45: 45 | E45: 37 | F45: 895 | G45: 519 | H45: 839 | I45: 509 | J45: 45 | K45: 38 | L45: 884 | M45: 547 | N45: 1779 | O45: 1066 | P45: 0.05027933 | Q45: 0.050904977 | R45: =D45/C45 -> 0.093360996 | S45: =J45/K45 -> 1.1842105 | T45: 0.071290944 | U45: 0.069469835 | V45: =(Q45/P45-1)*100 -> 1.2443424 | W45: =S45/R45-1 -> 11.684211 | X45: =(U45/T45-1)*100 -> -2.5544745 | Y45: Sefrad | Z45: 94648 | AA45: 21950 | AB45: 81441 | AC45: 19989 | AD45: 16857 | AE45: 9297 | AF45: 265993 | AG45: 70614 | AJ45: =D45/(D45+B45) -> 0.05027933 | AK45: =D45/E45 -> 1.2162162 | AL45: =K45/(K45+I45) -> 0.069469835 | AM45: =F45/L45 -> 1.0124434 | AN45: =AM45-AJ45 -> 0.96216411
A46: PEVARYL | B46: 1549 | C46: 841 | D46: 11 | E46: 11 | F46: 1560 | G46: 852 | H46: 1432 | I46: 848 | J46: 9 | K46: 7 | L46: 1441 | M46: 855 | N46: 3001 | O46: 1707 | P46: 0.007051282 | Q46: 0.006245663 | R46: =D46/C46 -> 0.013079667 | S46: =J46/K46 -> 1.2857143 | T46: 0.012910798 | U46: 0.008187135 | V46: =(Q46/P46-1)*100 -> -11.425142 | W46: =S46/R46-1 -> 97.298701 | X46: =(U46/T46-1)*100 -> -36.586917 | Y46: Sefurox | Z46: 124499 | AA46: 23813 | AB46: 111697 | AC46: 22371 | AD46: 23021 | AE46: 10255 | AF46: 348455 | AG46: 77734 | AJ46: =D46/(D46+B46) -> 0.0070512821 | AK46: =D46/E46 -> 1 | AL46: =K46/(K46+I46) -> 0.0081871345 | AM46: =F46/L46 -> 1.0825815 | AN46: =AM46-AJ46 -> 1.0755303
A47: PEVISONE | B47: 6287 | C47: 2654 | D47: 652 | E47: 381 | F47: 6939 | G47: 3035 | H47: 5569 | I47: 2560 | J47: 716 | K47: 445 | L47: 6285 | M47: 3005 | N47: 13224 | O47: 6040 | P47: 0.093961666 | Q47: 0.11392204 | R47: =D47/C47 -> 0.24566692 | S47: =J47/K47 -> 1.6089888 | T47: 0.12553542 | U47: 0.14808652 | V47: =(Q47/P47-1)*100 -> 21.2431 | W47: =S47/R47-1 -> 5.5494727 | X47: =(U47/T47-1)*100 -> 17.963936 | Y47: Sperdal | Z47: 25805 | AA47: 5033 | AB47: 24907 | AC47: 4872 | AD47: 8327 | AE47: 2892 | AF47: 83734 | AG47: 17857 | AJ47: =D47/(D47+B47) -> 0.093961666 | AK47: =D47/E47 -> 1.7112861 | AL47: =K47/(K47+I47) -> 0.14808652 | AM47: =F47/L47 -> 1.1040573 | AN47: =AM47-AJ47 -> 1.0100956
A48: PHENERGAN PLUS | B48: 2718 | C48: 1511 | D48: 548 | E48: 275 | F48: 3266 | G48: 1786 | H48: 1622 | I48: 1043 | J48: 406 | K48: 212 | L48: 2028 | M48: 1255 | N48: 5294 | O48: 3041 | P48: 0.16778935 | Q48: 0.20019724 | R48: =D48/C48 -> 0.36267373 | S48: =J48/K48 -> 1.9150943 | T48: 0.15397536 | U48: 0.1689243 | V48: =(Q48/P48-1)*100 -> 19.314632 | W48: =S48/R48-1 -> 4.2804882 | X48: =(U48/T48-1)*100 -> 9.7086564 | Y48: Stemetil | Z48: 18289 | AA48: 6240 | AB48: 16036 | AC48: 5720 | AD48: 4325 | AE48: 2514 | AF48: 52949 | AG48: 20034 | AJ48: =D48/(D48+B48) -> 0.16778934 | AK48: =D48/E48 -> 1.9927273 | AL48: =K48/(K48+I48) -> 0.1689243 | AM48: =F48/L48 -> 1.6104536 | AN48: =AM48-AJ48 -> 1.4426643
A49: PRAZAN | B49: 57876 | C49: 11804 | F49: 57876 | G49: 11804 | H49: 22584 | I49: 6364 | L49: 22584 | M49: 6364 | N49: 80460 | O49: 18168 | P49: 0 | Q49: 0 | R49: =D49/C49 -> 0 | S49: 0 | T49: 0 | U49: 0 | V49: 0 | W49: 0 | X49: 0 | Y49: Synkolin | Z49: 88694 | AA49: 17306 | AB49: 81203 | AC49: 16181 | AD49: 24232 | AE49: 10201 | AF49: 268210 | AG49: 60227 | AJ49: =D49/(D49+B49) -> 0 | AK49: 0 | AL49: =K49/(K49+I49) -> 0 | AM49: =F49/L49 -> 2.5626993 | AN49: =AM49-AJ49 -> 2.5626993
A50: PROFENID | B50: 138032 | C50: 25122 | D50: 4327 | E50: 1467 | F50: 142359 | G50: 26589 | H50: 126954 | I50: 25104 | J50: 4018 | K50: 1350 | L50: 130972 | M50: 26454 | N50: 273331 | O50: 53043 | P50: 0.030394987 | Q50: 0.030678313 | R50: =D50/C50 -> 0.17223947 | S50: =J50/K50 -> 2.9762963 | T50: 0.055173192 | U50: 0.05103198 | V50: =(Q50/P50-1)*100 -> 0.93214713 | W50: =S50/R50-1 -> 16.27999 | X50: =(U50/T50-1)*100 -> -7.5058409 | Y50: Targocid | Z50: 12671 | AA50: 5443 | AB50: 14296 | AC50: 5982 | AD50: 4482 | AE50: 2875 | AF50: 48456 | AG50: 20994 | AJ50: =D50/(D50+B50) -> 0.030394987 | AK50: =D50/E50 -> 2.9495569 | AL50: =K50/(K50+I50) -> 0.05103198 | AM50: =F50/L50 -> 1.0869422 | AN50: =AM50-AJ50 -> 1.0565473
A51: QPINE | B51: 7893 | C51: 2525 | D51: 341 | E51: 178 | F51: 8234 | G51: 2703 | H51: 7723 | I51: 2565 | J51: 385 | K51: 182 | L51: 8108 | M51: 2747 | N51: 16342 | O51: 5450 | P51: 0.041413651 | Q51: 0.047483966 | R51: =D51/C51 -> 0.1350495 | S51: =J51/K51 -> 2.1153846 | T51: 0.065852756 | U51: 0.066254095 | V51: =(Q51/P51-1)*100 -> 14.657763 | W51: =S51/R51-1 -> 14.663772 | X51: =(U51/T51-1)*100 -> 0.60944906 | Y51: Telfast | Z51: 272244 | AA51: 33247 | AB51: 269371 | AC51: 32895 | AD51: 63072 | AE51: 20463 | AF51: 863168 | AG51: 119737 | AJ51: =D51/(D51+B51) -> 0.041413651 | AK51: =D51/E51 -> 1.9157303 | AL51: =K51/(K51+I51) -> 0.066254095 | AM51: =F51/L51 -> 1.0155402 | AN51: =AM51-AJ51 -> 0.97412656
A52: RENVELA | B52: 196 | C52: 92 | D52: 11 | E52: 8 | F52: 207 | G52: 100 | H52: 223 | I52: 118 | J52: 10 | K52: 9 | L52: 233 | M52: 127 | N52: 440 | O52: 227 | P52: 0.053140097 | Q52: 0.042918455 | R52: =D52/C52 -> 0.11956522 | S52: =J52/K52 -> 1.1111111 | T52: 0.08 | U52: 0.070866142 | V52: =(Q52/P52-1)*100 -> -19.235272 | W52: =S52/R52-1 -> 8.2929293 | X52: =(U52/T52-1)*100 -> -11.417323 | Y52: Toujeo | Z52: 38981 | AA52: 6537 | AB52: 32317 | AC52: 5994 | AD52: 5746 | AE52: 3071 | AF52: 101582 | AG52: 21660 | AJ52: =D52/(D52+B52) -> 0.053140097 | AK52: =D52/E52 -> 1.375 | AL52: =K52/(K52+I52) -> 0.070866142 | AM52: =F52/L52 -> 0.88841202 | AN52: =AM52-AJ52 -> 0.83527192
A53: RESPITE | B53: 103311 | C53: 18926 | D53: 30 | E53: 19 | F53: 103341 | G53: 18945 | H53: 82310 | I53: 17822 | J53: 19 | K53: 10 | L53: 82329 | M53: 17832 | N53: 185670 | O53: 36777 | P53: 0.000290301 | Q53: 0.000230781 | R53: =D53/C53 -> 0.001585121 | S53: =J53/K53 -> 1.9 | T53: 0.001002903 | U53: 0.00056079 | V53: =(Q53/P53-1)*100 -> -20.502857 | W53: =S53/R53-1 -> 1197.6467 | X53: =(U53/T53-1)*100 -> -44.083326 | Y53: Tritace | Z53: 7669 | AA53: 3042 | AB53: 6828 | AC53: 2579 | AD53: 1620 | AE53: 975 | AF53: 23046 | AG53: 8966 | AJ53: =D53/(D53+B53) -> 0.00029030104 | AK53: =D53/E53 -> 1.5789474 | AL53: =K53/(K53+I53) -> 0.00056078959 | AM53: =F53/L53 -> 1.2552199 | AN53: =AM53-AJ53 -> 1.2549296
A54: RETIN A | B54: 509 | C54: 246 | D54: 17 | E54: 17 | F54: 526 | G54: 263 | H54: 594 | I54: 338 | J54: 17 | K54: 17 | L54: 611 | M54: 355 | N54: 1137 | O54: 618 | P54: 0.032319392 | Q54: 0.027823241 | R54: =D54/C54 -> 0.069105691 | S54: =J54/K54 -> 1 | T54: 0.064638783 | U54: 0.047887324 | V54: =(Q54/P54-1)*100 -> -13.91162 | W54: =S54/R54-1 -> 13.470588 | X54: =(U54/T54-1)*100 -> -25.915493 | Y54: Vaxigrip Tetra SH | Z54: 4965 | AA54: 1392 | AB54: 6111 | AC54: 1455 | AD54: 1360 | AE54: 558 | AF54: 19347 | AG54: 5047 | AJ54: =D54/(D54+B54) -> 0.032319392 | AK54: =D54/E54 -> 1 | AL54: =K54/(K54+I54) -> 0.047887324 | AM54: =F54/L54 -> 0.8608838 | AN54: =AM54-AJ54 -> 0.82856441
A55: ROZENON | B55: 44748 | C55: 9383 | D55: 624 | E55: 224 | F55: 45372 | G55: 9607 | H55: 42605 | I55: 9961 | J55: 476 | K55: 183 | L55: 43081 | M55: 10144 | N55: 88453 | O55: 19751 | P55: 0.013752975 | Q55: 0.011048954 | R55: =D55/C55 -> 0.066503251 | S55: =J55/K55 -> 2.6010929 | T55: 0.023316332 | U55: 0.018040221 | V55: =(Q55/P55-1)*100 -> -19.661353 | W55: =S55/R55-1 -> 38.112267 | X55: =(U55/T55-1)*100 -> -22.628392 | Y55: Vortiox | Z55: 45739 | AA55: 12158 | AB55: 39788 | AC55: 11133 | AD55: 10892 | AE55: 5630 | AF55: 132673 | AG55: 39870 | AJ55: =D55/(D55+B55) -> 0.013752975 | AK55: =D55/E55 -> 2.7857143 | AL55: =K55/(K55+I55) -> 0.018040221 | AM55: =F55/L55 -> 1.0531789 | AN55: =AM55-AJ55 -> 1.0394259
A56: SACUTRIL | B56: 3092 | C56: 1184 | D56: 58 | E56: 31 | F56: 3150 | G56: 1215 | H56: 3972 | I56: 1429 | J56: 50 | K56: 25 | L56: 4022 | M56: 1454 | N56: 7172 | O56: 2669 | P56: 0.018412698 | Q56: 0.012431626 | R56: =D56/C56 -> 0.048986486 | S56: =J56/K56 -> 2 | T56: 0.025514403 | U56: 0.017193948 | V56: =(Q56/P56-1)*100 -> -32.483409 | W56: =S56/R56-1 -> 39.827586 | X56: =(U56/T56-1)*100 -> -32.610816 | Y56: VTAPA | Z56: 10252 | AA56: 2978 | AB56: 9601 | AC56: 2729 | AD56: 2283 | AE56: 1273 | AF56: 31856 | AG56: 9860 | AJ56: =D56/(D56+B56) -> 0.018412698 | AK56: =D56/E56 -> 1.8709677 | AL56: =K56/(K56+I56) -> 0.017193948 | AM56: =F56/L56 -> 0.78319244 | AN56: =AM56-AJ56 -> 0.76477974
A57: SANDOM | B57: 132209 | C57: 25752 | D57: 511 | E57: 228 | F57: 132720 | G57: 25980 | H57: 93332 | I57: 23201 | J57: 375 | K57: 194 | L57: 93707 | M57: 23395 | N57: 226427 | O57: 49375 | P57: 0.003850211 | Q57: 0.004001836 | R57: =D57/C57 -> 0.019843119 | S57: =J57/K57 -> 1.9329897 | T57: 0.008775982 | U57: 0.00829237 | V57: =(Q57/P57-1)*100 -> 3.9380959 | W57: =S57/R57-1 -> 96.413602 | X57: =(U57/T57-1)*100 -> -5.5106312 | Y57: Xerosec | Z57: 781892 | AA57: 62443 | AB57: 690262 | AC57: 59133 | AD57: 172045 | AE57: 41296 | AF57: 2244112 | AG57: 223107 | AJ57: =D57/(D57+B57) -> 0.003850211 | AK57: =D57/E57 -> 2.2412281 | AL57: =K57/(K57+I57) -> 0.0082923702 | AM57: =F57/L57 -> 1.4163296 | AN57: =AM57-AJ57 -> 1.4124794
A58: SEFRAD | B58: 8923 | C58: 3246 | D58: 226 | E58: 143 | F58: 9149 | G58: 3389 | H58: 9104 | I58: 3101 | J58: 227 | K58: 130 | L58: 9331 | M58: 3231 | N58: 18480 | O58: 6620 | P58: 0.024702153 | Q58: 0.02432751 | R58: =D58/C58 -> 0.069624153 | S58: =J58/K58 -> 1.7461538 | T58: 0.042195338 | U58: 0.040235221 | V58: =(Q58/P58-1)*100 -> -1.5166411 | W58: =S58/R58-1 -> 24.079714 | X58: =(U58/T58-1)*100 -> -4.6453402
A59: SEFUROX | B59: 26741 | C59: 9632 | D59: 50 | E59: 29 | F59: 26791 | G59: 9661 | H59: 22705 | I59: 8987 | J59: 39 | K59: 25 | L59: 22744 | M59: 9012 | N59: 49535 | O59: 18673 | P59: 0.001866298 | Q59: 0.001714738 | R59: =D59/C59 -> 0.0051910299 | S59: =J59/K59 -> 1.56 | T59: 0.00300176 | U59: 0.002774079 | V59: =(Q59/P59-1)*100 -> -8.1208896 | W59: =S59/R59-1 -> 299.5184 | X59: =(U59/T59-1)*100 -> -7.5849168
A60: SPERDAL | B60: 4407 | C60: 1229 | D60: 268 | E60: 135 | F60: 4675 | G60: 1364 | H60: 4492 | I60: 1347 | J60: 418 | K60: 171 | L60: 4910 | M60: 1518 | N60: 9585 | O60: 2882 | P60: 0.057326203 | Q60: 0.085132383 | R60: =D60/C60 -> 0.21806347 | S60: =J60/K60 -> 2.4444444 | T60: 0.098973607 | U60: 0.11264822 | V60: =(Q60/P60-1)*100 -> 48.505184 | W60: =S60/R60-1 -> 10.209784 | X60: =(U60/T60-1)*100 -> 13.816425
A61: STEMETIL | B61: 6774 | C61: 2653 | D61: 1544 | E61: 824 | F61: 8318 | G61: 3477 | H61: 5837 | I61: 2458 | J61: 1288 | K61: 771 | L61: 7125 | M61: 3229 | N61: 15443 | O61: 6706 | P61: 0.18562154 | Q61: 0.18077193 | R61: =D61/C61 -> 0.58198266 | S61: =J61/K61 -> 1.6705577 | T61: 0.23698591 | U61: 0.23877361 | V61: =(Q61/P61-1)*100 -> -2.6126353 | W61: =S61/R61-1 -> 1.8704596 | X61: =(U61/T61-1)*100 -> 0.75435161
A62: SYNKOLIN | B62: 11037 | C62: 3898 | F62: 11037 | G62: 3898 | H62: 20492 | I62: 6398 | J62: 117 | K62: 63 | L62: 20609 | M62: 6461 | N62: 31646 | O62: 10359 | P62: 0 | Q62: 0.005677131 | R62: =D62/C62 -> 0 | S62: =J62/K62 -> 1.8571429 | T62: 0 | U62: 0.009750813 | V62: 0 | W62: 0 | X62: 0
A63: TARGOCID | B63: 8 | C63: 6 | D63: 1 | E63: 1 | F63: 9 | G63: 7 | H63: 10 | I63: 9 | J63: 5 | K63: 4 | L63: 15 | M63: 13 | N63: 24 | O63: 20 | P63: 0.11111111 | Q63: 0.33333333 | R63: =D63/C63 -> 0.16666667 | S63: =J63/K63 -> 1.25 | T63: 0.14285714 | U63: 0.30769231 | V63: =(Q63/P63-1)*100 -> 200 | W63: =S63/R63-1 -> 6.5 | X63: =(U63/T63-1)*100 -> 115.38462
A64: TAXOTERE | B64: 7 | C64: 6 | F64: 7 | G64: 6 | N64: 7 | O64: 6 | P64: 0 | Q64: 0 | R64: =D64/C64 -> 0 | S64: 0 | T64: 0 | U64: #DIV/0! | V64: 0 | W64: 0 | X64: 0
A65: TELFAST | B65: 94054 | C65: 19009 | D65: 1848 | E65: 922 | F65: 95902 | G65: 19931 | H65: 84769 | I65: 18398 | J65: 1822 | K65: 878 | L65: 86591 | M65: 19276 | N65: 182493 | O65: 39207 | P65: 0.019269671 | Q65: 0.021041448 | R65: =D65/C65 -> 0.097217108 | S65: =J65/K65 -> 2.0751708 | T65: 0.046259596 | U65: 0.045548869 | V65: =(Q65/P65-1)*100 -> 9.1946406 | W65: =S65/R65-1 -> 20.345737 | X65: =(U65/T65-1)*100 -> -1.5363883
A66: TRENTAL | B66: 447 | C66: 351 | D66: 17 | E66: 16 | F66: 464 | G66: 367 | H66: 456 | I66: 319 | J66: 15 | K66: 13 | L66: 471 | M66: 332 | N66: 935 | O66: 699 | P66: 0.036637931 | Q66: 0.031847134 | R66: =D66/C66 -> 0.048433048 | S66: =J66/K66 -> 1.1538462 | T66: 0.04359673 | U66: 0.039156627 | V66: =(Q66/P66-1)*100 -> -13.076058 | W66: =S66/R66-1 -> 22.823529 | X66: =(U66/T66-1)*100 -> -10.184486
A67: TRITACE | B67: 5816 | C67: 2195 | D67: 52 | E67: 36 | F67: 5868 | G67: 2231 | H67: 5997 | I67: 1993 | J67: 55 | K67: 37 | L67: 6052 | M67: 2030 | N67: 11920 | O67: 4261 | P67: 0.008861622 | Q67: 0.009087905 | R67: =D67/C67 -> 0.023690205 | S67: =J67/K67 -> 1.4864865 | T67: 0.016136262 | U67: 0.018226601 | V67: =(Q67/P67-1)*100 -> 2.5535167 | W67: =S67/R67-1 -> 61.746881 | X67: =(U67/T67-1)*100 -> 12.954295
A68: TYPHIM | B68: 59 | C68: 35 | D68: 1 | E68: 1 | F68: 60 | G68: 36 | H68: 21 | I68: 19 | J68: 1 | K68: 1 | L68: 22 | M68: 20 | N68: 82 | O68: 56 | P68: 0.016666667 | Q68: 0.045454545 | R68: =D68/C68 -> 0.028571429 | S68: =J68/K68 -> 1 | T68: 0.027777778 | U68: 0.05 | V68: =(Q68/P68-1)*100 -> 172.72726 | W68: =S68/R68-1 -> 34 | X68: =(U68/T68-1)*100 -> 79.999999
A69: VAXIGRIP | B69: 2311 | C69: 739 | D69: 301 | E69: 76 | F69: 2612 | G69: 815 | H69: 2479 | I69: 924 | J69: 373 | K69: 86 | L69: 2852 | M69: 1010 | N69: 5464 | O69: 1825 | P69: 0.11523737 | Q69: 0.13078541 | R69: =D69/C69 -> 0.40730717 | S69: =J69/K69 -> 4.3372093 | T69: 0.093251534 | U69: 0.085148515 | V69: =(Q69/P69-1)*100 -> 13.492193 | W69: =S69/R69-1 -> 9.6484973 | X69: =(U69/T69-1)*100 -> -8.6894217
A70: VERORAB | B70: 656 | C70: 297 | D70: 2 | E70: 2 | F70: 658 | G70: 299 | H70: 707 | I70: 302 | J70: 1 | K70: 1 | L70: 708 | M70: 303 | N70: 1366 | O70: 602 | P70: 0.003039514 | Q70: 0.001412429 | R70: =D70/C70 -> 0.0067340067 | S70: =J70/K70 -> 1 | T70: 0.006688963 | U70: 0.00330033 | V70: =(Q70/P70-1)*100 -> -53.531091 | W70: =S70/R70-1 -> 147.5 | X70: =(U70/T70-1)*100 -> -50.660065
A71: VORTIOX | B71: 645 | C71: 365 | D71: 100 | E71: 70 | F71: 745 | G71: 435 | H71: 986 | I71: 444 | J71: 156 | K71: 95 | L71: 1142 | M71: 539 | N71: 1887 | O71: 974 | P71: 0.13422819 | Q71: 0.13660245 | R71: =D71/C71 -> 0.2739726 | S71: =J71/K71 -> 1.6421053 | T71: 0.16091954 | U71: 0.17625232 | V71: =(Q71/P71-1)*100 -> 1.7688267 | W71: =S71/R71-1 -> 4.9936842 | X71: =(U71/T71-1)*100 -> 9.528227
A72: VTAPA | B72: 159 | C72: 96 | D72: 11 | E72: 8 | F72: 170 | G72: 104 | H72: 82 | I72: 61 | J72: 44 | K72: 30 | L72: 126 | M72: 91 | N72: 296 | O72: 195 | P72: 0.064705882 | Q72: 0.34920635 | R72: =D72/C72 -> 0.11458333 | S72: =J72/K72 -> 1.4666667 | T72: 0.076923077 | U72: 0.32967033 | V72: =(Q72/P72-1)*100 -> 439.68254 | W72: =S72/R72-1 -> 11.8 | X72: =(U72/T72-1)*100 -> 328.57143
A73: XEROSEC | B73: 41482 | C73: 11540 | D73: 8 | E73: 5 | F73: 41490 | G73: 11545 | H73: 38470 | I73: 10482 | J73: 8 | K73: 8 | L73: 38478 | M73: 10490 | N73: 79968 | O73: 22035 | P73: 0.000192818 | Q73: 0.000207911 | R73: =D73/C73 -> 0.0006932409 | S73: =J73/K73 -> 1 | T73: 0.000433088 | U73: 0.000762631 | V73: =(Q73/P73-1)*100 -> 7.8275887 | W73: =S73/R73-1 -> 1441.5 | X73: =(U73/T73-1)*100 -> 76.091464
A74: Grand Total | B74: 1938052 | C74: 400380 | D74: 28329 | E74: 13917 | F74: 1966381 | G74: 414297 | H74: 1645524 | I74: 385681 | J74: 27823 | K74: 14034 | L74: 1673347 | M74: 399715 | N74: 3639728 | O74: 814012 | P74: 0.014406669 | Q74: 0.016627155 | R74: =D74/C74 -> 0.070755282 | S74: =J74/K74 -> 1.9825424 | T74: 0.033591844 | U74: 0.035110016 | V74: =(Q74/P74-1)*100 -> 15.412904 | W74: =S74/R74-1 -> 27.019709 | X74: =(U74/T74-1)*100 -> 4.5194661

Sheet Sheet1
A1: 2025
B2: IQVIA
B3: 1. IQVIA Market Share Growth%
B4: 2. IQVIA Growth%
B5: 3. IQVIA Market Position
B6: 4. Gap from Relevant Market growth
B8: Rx
B9: 1. Rx Share growth
B10: 2. Rxer penetration growth
B11: 3. Rx Yield growth
B12: 4. Gap from Relevant Market growth

Sheet BBB_Brands_Growths
A1: BBB Brands | B1: MS Growth | C1: Growth % | D1: Gap From Market Growth | E1: Position Q2 2025 | F1: Position Q2 2024 | J1: Row Labels | K1: Rx Share | L1: Rx Yield | M1: Rx Penetration | N1: Market Rx Share Growth | O1: Gap from Market Rx Share Growth
A2: Enterogermina | B2: =_xlfn.XLOOKUP(A2,'Updated_List_for_BBB_Rx&IQVIA'!D:D,'Updated_List_for_BBB_Rx&IQVIA'!P:P) -> -0.29089106 | C2: =_xlfn.XLOOKUP(A2,'Updated_List_for_BBB_Rx&IQVIA'!D:D,'Updated_List_for_BBB_Rx&IQVIA'!Q:Q) -> 0.075515888 | D2: =_xlfn.XLOOKUP(A2,'Updated_List_for_BBB_Rx&IQVIA'!D:D,'Updated_List_for_BBB_Rx&IQVIA'!R:R) -> 0.51671462 | E2: =_xlfn.XLOOKUP(A2,'Updated_List_for_BBB_Rx&IQVIA'!D:D,'Updated_List_for_BBB_Rx&IQVIA'!T:T) -> 1 | F2: =_xlfn.XLOOKUP(A2,'Updated_List_for_BBB_Rx&IQVIA'!D:D,'Updated_List_for_BBB_Rx&IQVIA'!U:U) -> 1 | Q2: AMARYL | R2: 0.037973187 | S2: 2.1356383 | T2: 0.079031723
A3: Lantus | B3: =_xlfn.XLOOKUP(A3,'Updated_List_for_BBB_Rx&IQVIA'!D:D,'Updated_List_for_BBB_Rx&IQVIA'!P:P) -> -0.23584741 | C3: =_xlfn.XLOOKUP(A3,'Updated_List_for_BBB_Rx&IQVIA'!D:D,'Updated_List_for_BBB_Rx&IQVIA'!Q:Q) -> -0.0089444441 | D3: =_xlfn.XLOOKUP(A3,'Updated_List_for_BBB_Rx&IQVIA'!D:D,'Updated_List_for_BBB_Rx&IQVIA'!R:R) -> 0.2969341 | E3: =_xlfn.XLOOKUP(A3,'Updated_List_for_BBB_Rx&IQVIA'!D:D,'Updated_List_for_BBB_Rx&IQVIA'!T:T) -> 1 | F3: =_xlfn.XLOOKUP(A3,'Updated_List_for_BBB_Rx&IQVIA'!D:D,'Updated_List_for_BBB_Rx&IQVIA'!U:U) -> 1 | J3: AMARYL | K3: 0.02423789 | L3: 2.0340092 | M3: 0.068810333 | N3: =_xlfn.XLOOKUP(BBB_Brands_Growths!J3,'3_Years_CountRx_with_RxShare_wi'!A:A,'3_Years_CountRx_with_RxShare_wi'!AM:AM) -> 1.3054833 | O3: =_xlfn.XLOOKUP(J3,'3_Years_CountRx_with_RxShare_wi'!A:A,'3_Years_CountRx_with_RxShare_wi'!AN:AN) -> 1.2801133 | Q3: AMARYL M | R3: 0.0118879 | S3: 1.87251 | T3: 0.02642228
A4: Toujeo | B4: =_xlfn.XLOOKUP(A4,'Updated_List_for_BBB_Rx&IQVIA'!D:D,'Updated_List_for_BBB_Rx&IQVIA'!P:P) -> -0.030579794 | C4: =_xlfn.XLOOKUP(A4,'Updated_List_for_BBB_Rx&IQVIA'!D:D,'Updated_List_for_BBB_Rx&IQVIA'!Q:Q) -> 0.25727412 | D4: =_xlfn.XLOOKUP(A4,'Updated_List_for_BBB_Rx&IQVIA'!D:D,'Updated_List_for_BBB_Rx&IQVIA'!R:R) -> 0.2969341 | E4: =_xlfn.XLOOKUP(A4,'Updated_List_for_BBB_Rx&IQVIA'!D:D,'Updated_List_for_BBB_Rx&IQVIA'!T:T) -> 7 | F4: =_xlfn.XLOOKUP(A4,'Updated_List_for_BBB_Rx&IQVIA'!D:D,'Updated_List_for_BBB_Rx&IQVIA'!U:U) -> 7 | J4: APIDRA | K4: =_xlfn.XLOOKUP(BBB_Brands_Growths!J4,'3_Years_CountRx_with_RxShare_wi'!A:A,'3_Years_CountRx_with_RxShare_wi'!AJ:AJ) -> 0.040096618 | L4: =_xlfn.XLOOKUP(J4,'3_Years_CountRx_with_RxShare_wi'!A:A,'3_Years_CountRx_with_RxShare_wi'!AK:AK) -> 1.537037 | M4: =_xlfn.XLOOKUP(J4,'3_Years_CountRx_with_RxShare_wi'!A:A,'3_Years_CountRx_with_RxShare_wi'!AL:AL) -> 0.050393701 | N4: =_xlfn.XLOOKUP(BBB_Brands_Growths!J4,'3_Years_CountRx_with_RxShare_wi'!A:A,'3_Years_CountRx_with_RxShare_wi'!AM:AM) -> 1.2905237 | O4: =_xlfn.XLOOKUP(J4,'3_Years_CountRx_with_RxShare_wi'!A:A,'3_Years_CountRx_with_RxShare_wi'!AN:AN) -> 1.2504271
A5: Synkolin | B5: 0 | C5: 0 | D5: =_xlfn.XLOOKUP(A5,'Updated_List_for_BBB_Rx&IQVIA'!D:D,'Updated_List_for_BBB_Rx&IQVIA'!R:R) -> 1.4764939 | E5: =_xlfn.XLOOKUP(A5,'Updated_List_for_BBB_Rx&IQVIA'!D:D,'Updated_List_for_BBB_Rx&IQVIA'!T:T) -> 16 | F5: =_xlfn.XLOOKUP(A5,'Updated_List_for_BBB_Rx&IQVIA'!D:D,'Updated_List_for_BBB_Rx&IQVIA'!U:U) -> 0 | J5: AVAXIM | K5: =_xlfn.XLOOKUP(BBB_Brands_Growths!J5,'3_Years_CountRx_with_RxShare_wi'!A:A,'3_Years_CountRx_with_RxShare_wi'!AJ:AJ) -> 0 | L5: 0 | M5: =_xlfn.XLOOKUP(J5,'3_Years_CountRx_with_RxShare_wi'!A:A,'3_Years_CountRx_with_RxShare_wi'!AL:AL) -> 0 | N5: =_xlfn.XLOOKUP(BBB_Brands_Growths!J5,'3_Years_CountRx_with_RxShare_wi'!A:A,'3_Years_CountRx_with_RxShare_wi'!AM:AM) -> 0.53333333 | O5: =_xlfn.XLOOKUP(J5,'3_Years_CountRx_with_RxShare_wi'!A:A,'3_Years_CountRx_with_RxShare_wi'!AN:AN) -> 0.53333333
A6: Amaryl | B6: =_xlfn.XLOOKUP(A6,'Updated_List_for_BBB_Rx&IQVIA'!D:D,'Updated_List_for_BBB_Rx&IQVIA'!P:P) -> -0.099367229 | C6: =_xlfn.XLOOKUP(A6,'Updated_List_for_BBB_Rx&IQVIA'!D:D,'Updated_List_for_BBB_Rx&IQVIA'!Q:Q) -> -0.0090318317 | D6: =_xlfn.XLOOKUP(A6,'Updated_List_for_BBB_Rx&IQVIA'!D:D,'Updated_List_for_BBB_Rx&IQVIA'!R:R) -> 0.10030214 | E6: =_xlfn.XLOOKUP(A6,'Updated_List_for_BBB_Rx&IQVIA'!D:D,'Updated_List_for_BBB_Rx&IQVIA'!T:T) -> 4 | F6: =_xlfn.XLOOKUP(A6,'Updated_List_for_BBB_Rx&IQVIA'!D:D,'Updated_List_for_BBB_Rx&IQVIA'!U:U) -> 4 | J6: AVIL | K6: =_xlfn.XLOOKUP(BBB_Brands_Growths!J6,'3_Years_CountRx_with_RxShare_wi'!A:A,'3_Years_CountRx_with_RxShare_wi'!AJ:AJ) -> 0.78893058 | L6: =_xlfn.XLOOKUP(J6,'3_Years_CountRx_with_RxShare_wi'!A:A,'3_Years_CountRx_with_RxShare_wi'!AK:AK) -> 1.4937833 | M6: =_xlfn.XLOOKUP(J6,'3_Years_CountRx_with_RxShare_wi'!A:A,'3_Years_CountRx_with_RxShare_wi'!AL:AL) -> 0.87462236 | N6: =_xlfn.XLOOKUP(BBB_Brands_Growths!J6,'3_Years_CountRx_with_RxShare_wi'!A:A,'3_Years_CountRx_with_RxShare_wi'!AM:AM) -> 0.86037127 | O6: =_xlfn.XLOOKUP(J6,'3_Years_CountRx_with_RxShare_wi'!A:A,'3_Years_CountRx_with_RxShare_wi'!AN:AN) -> 0.071440686
A7: Oracyn-K | B7: =_xlfn.XLOOKUP(A7,'Updated_List_for_BBB_Rx&IQVIA'!D:D,'Updated_List_for_BBB_Rx&IQVIA'!P:P) -> -0.020798881 | C7: =_xlfn.XLOOKUP(A7,'Updated_List_for_BBB_Rx&IQVIA'!D:D,'Updated_List_for_BBB_Rx&IQVIA'!Q:Q) -> 0.47706553 | D7: =_xlfn.XLOOKUP(A7,'Updated_List_for_BBB_Rx&IQVIA'!D:D,'Updated_List_for_BBB_Rx&IQVIA'!R:R) -> 0.50843938 | E7: =_xlfn.XLOOKUP(A7,'Updated_List_for_BBB_Rx&IQVIA'!D:D,'Updated_List_for_BBB_Rx&IQVIA'!T:T) -> 2 | F7: =_xlfn.XLOOKUP(A7,'Updated_List_for_BBB_Rx&IQVIA'!D:D,'Updated_List_for_BBB_Rx&IQVIA'!U:U) -> 2 | J7: BETANOL | K7: =_xlfn.XLOOKUP(BBB_Brands_Growths!J7,'3_Years_CountRx_with_RxShare_wi'!A:A,'3_Years_CountRx_with_RxShare_wi'!AJ:AJ) -> 0.072489083 | L7: =_xlfn.XLOOKUP(J7,'3_Years_CountRx_with_RxShare_wi'!A:A,'3_Years_CountRx_with_RxShare_wi'!AK:AK) -> 1.1216216 | M7: =_xlfn.XLOOKUP(J7,'3_Years_CountRx_with_RxShare_wi'!A:A,'3_Years_CountRx_with_RxShare_wi'!AL:AL) -> 0.085308057 | N7: =_xlfn.XLOOKUP(BBB_Brands_Growths!J7,'3_Years_CountRx_with_RxShare_wi'!A:A,'3_Years_CountRx_with_RxShare_wi'!AM:AM) -> 1.3130734 | O7: =_xlfn.XLOOKUP(J7,'3_Years_CountRx_with_RxShare_wi'!A:A,'3_Years_CountRx_with_RxShare_wi'!AN:AN) -> 1.2405843
A8: Luzol | B8: =_xlfn.XLOOKUP(A8,'Updated_List_for_BBB_Rx&IQVIA'!D:D,'Updated_List_for_BBB_Rx&IQVIA'!P:P) -> -0.078418486 | C8: =_xlfn.XLOOKUP(A8,'Updated_List_for_BBB_Rx&IQVIA'!D:D,'Updated_List_for_BBB_Rx&IQVIA'!Q:Q) -> 0.41464574 | D8: =_xlfn.XLOOKUP(A8,'Updated_List_for_BBB_Rx&IQVIA'!D:D,'Updated_List_for_BBB_Rx&IQVIA'!R:R) -> 0.53501966 | E8: =_xlfn.XLOOKUP(A8,'Updated_List_for_BBB_Rx&IQVIA'!D:D,'Updated_List_for_BBB_Rx&IQVIA'!T:T) -> 14 | F8: =_xlfn.XLOOKUP(A8,'Updated_List_for_BBB_Rx&IQVIA'!D:D,'Updated_List_for_BBB_Rx&IQVIA'!U:U) -> 9 | J8: BETANOL A | K8: =_xlfn.XLOOKUP(BBB_Brands_Growths!J8,'3_Years_CountRx_with_RxShare_wi'!A:A,'3_Years_CountRx_with_RxShare_wi'!AJ:AJ) -> 0 | L8: 0 | M8: =_xlfn.XLOOKUP(J8,'3_Years_CountRx_with_RxShare_wi'!A:A,'3_Years_CountRx_with_RxShare_wi'!AL:AL) -> 0 | N8: =_xlfn.XLOOKUP(BBB_Brands_Growths!J8,'3_Years_CountRx_with_RxShare_wi'!A:A,'3_Years_CountRx_with_RxShare_wi'!AM:AM) -> 1.2912583 | O8: =_xlfn.XLOOKUP(J8,'3_Years_CountRx_with_RxShare_wi'!A:A,'3_Years_CountRx_with_RxShare_wi'!AN:AN) -> 1.2912583
A9: Sperdal | B9: =_xlfn.XLOOKUP(A9,'Updated_List_for_BBB_Rx&IQVIA'!D:D,'Updated_List_for_BBB_Rx&IQVIA'!P:P) -> -0.0053494335 | C9: =_xlfn.XLOOKUP(A9,'Updated_List_for_BBB_Rx&IQVIA'!D:D,'Updated_List_for_BBB_Rx&IQVIA'!Q:Q) -> 0.041174164 | D9: =_xlfn.XLOOKUP(A9,'Updated_List_for_BBB_Rx&IQVIA'!D:D,'Updated_List_for_BBB_Rx&IQVIA'!R:R) -> 0.046773811 | E9: =_xlfn.XLOOKUP(A9,'Updated_List_for_BBB_Rx&IQVIA'!D:D,'Updated_List_for_BBB_Rx&IQVIA'!T:T) -> 8 | F9: =_xlfn.XLOOKUP(A9,'Updated_List_for_BBB_Rx&IQVIA'!D:D,'Updated_List_for_BBB_Rx&IQVIA'!U:U) -> 8 | J9: BRODACTAM | K9: =_xlfn.XLOOKUP(BBB_Brands_Growths!J9,'3_Years_CountRx_with_RxShare_wi'!A:A,'3_Years_CountRx_with_RxShare_wi'!AJ:AJ) -> 0.36363636 | L9: =_xlfn.XLOOKUP(J9,'3_Years_CountRx_with_RxShare_wi'!A:A,'3_Years_CountRx_with_RxShare_wi'!AK:AK) -> 1.3333333 | M9: =_xlfn.XLOOKUP(J9,'3_Years_CountRx_with_RxShare_wi'!A:A,'3_Years_CountRx_with_RxShare_wi'!AL:AL) -> 0.26229508 | N9: =_xlfn.XLOOKUP(BBB_Brands_Growths!J9,'3_Years_CountRx_with_RxShare_wi'!A:A,'3_Years_CountRx_with_RxShare_wi'!AM:AM) -> 0.6626506 | O9: =_xlfn.XLOOKUP(J9,'3_Years_CountRx_with_RxShare_wi'!A:A,'3_Years_CountRx_with_RxShare_wi'!AN:AN) -> 0.29901424
A10: Carbanem | B10: =_xlfn.XLOOKUP(A10,'Updated_List_for_BBB_Rx&IQVIA'!D:D,'Updated_List_for_BBB_Rx&IQVIA'!P:P) -> -0.44833139 | C10: =_xlfn.XLOOKUP(A10,'Updated_List_for_BBB_Rx&IQVIA'!D:D,'Updated_List_for_BBB_Rx&IQVIA'!Q:Q) -> -0.29464038 | D10: =_xlfn.XLOOKUP(A10,'Updated_List_for_BBB_Rx&IQVIA'!D:D,'Updated_List_for_BBB_Rx&IQVIA'!R:R) -> 0.278593 | E10: =_xlfn.XLOOKUP(A10,'Updated_List_for_BBB_Rx&IQVIA'!D:D,'Updated_List_for_BBB_Rx&IQVIA'!T:T) -> 17 | F10: =_xlfn.XLOOKUP(A10,'Updated_List_for_BBB_Rx&IQVIA'!D:D,'Updated_List_for_BBB_Rx&IQVIA'!U:U) -> 17 | J10: BUTAPAN | K10: =_xlfn.XLOOKUP(BBB_Brands_Growths!J10,'3_Years_CountRx_with_RxShare_wi'!A:A,'3_Years_CountRx_with_RxShare_wi'!AJ:AJ) -> 0.13884298 | L10: =_xlfn.XLOOKUP(J10,'3_Years_CountRx_with_RxShare_wi'!A:A,'3_Years_CountRx_with_RxShare_wi'!AK:AK) -> 2.2105263 | M10: =_xlfn.XLOOKUP(J10,'3_Years_CountRx_with_RxShare_wi'!A:A,'3_Years_CountRx_with_RxShare_wi'!AL:AL) -> 0.35501859 | N10: =_xlfn.XLOOKUP(BBB_Brands_Growths!J10,'3_Years_CountRx_with_RxShare_wi'!A:A,'3_Years_CountRx_with_RxShare_wi'!AM:AM) -> 0.9877551 | O10: =_xlfn.XLOOKUP(J10,'3_Years_CountRx_with_RxShare_wi'!A:A,'3_Years_CountRx_with_RxShare_wi'!AN:AN) -> 0.84891213
A11: Flagyl | B11: =_xlfn.XLOOKUP(A11,'Updated_List_for_BBB_Rx&IQVIA'!D:D,'Updated_List_for_BBB_Rx&IQVIA'!P:P) -> -0.043070217 | C11: =_xlfn.XLOOKUP(A11,'Updated_List_for_BBB_Rx&IQVIA'!D:D,'Updated_List_for_BBB_Rx&IQVIA'!Q:Q) -> 0.01438503 | D11: =_xlfn.XLOOKUP(A11,'Updated_List_for_BBB_Rx&IQVIA'!D:D,'Updated_List_for_BBB_Rx&IQVIA'!R:R) -> 0.060041236 | E11: =_xlfn.XLOOKUP(A11,'Updated_List_for_BBB_Rx&IQVIA'!D:D,'Updated_List_for_BBB_Rx&IQVIA'!T:T) -> 3 | F11: =_xlfn.XLOOKUP(A11,'Updated_List_for_BBB_Rx&IQVIA'!D:D,'Updated_List_for_BBB_Rx&IQVIA'!U:U) -> 3 | J11: CARBANEM | K11: =_xlfn.XLOOKUP(BBB_Brands_Growths!J11,'3_Years_CountRx_with_RxShare_wi'!A:A,'3_Years_CountRx_with_RxShare_wi'!AJ:AJ) -> 0.0064850843 | L11: =_xlfn.XLOOKUP(J11,'3_Years_CountRx_with_RxShare_wi'!A:A,'3_Years_CountRx_with_RxShare_wi'!AK:AK) -> 1.6666667 | M11: =_xlfn.XLOOKUP(J11,'3_Years_CountRx_with_RxShare_wi'!A:A,'3_Years_CountRx_with_RxShare_wi'!AL:AL) -> 0.0091973244 | N11: =_xlfn.XLOOKUP(BBB_Brands_Growths!J11,'3_Years_CountRx_with_RxShare_wi'!A:A,'3_Years_CountRx_with_RxShare_wi'!AM:AM) -> 1.0879586 | O11: =_xlfn.XLOOKUP(J11,'3_Years_CountRx_with_RxShare_wi'!A:A,'3_Years_CountRx_with_RxShare_wi'!AN:AN) -> 1.0814735
A12: Profenid | B12: =_xlfn.XLOOKUP(A12,'Updated_List_for_BBB_Rx&IQVIA'!D:D,'Updated_List_for_BBB_Rx&IQVIA'!P:P) -> -0.079841717 | C12: =_xlfn.XLOOKUP(A12,'Updated_List_for_BBB_Rx&IQVIA'!D:D,'Updated_List_for_BBB_Rx&IQVIA'!Q:Q) -> -0.012182778 | D12: =_xlfn.XLOOKUP(A12,'Updated_List_for_BBB_Rx&IQVIA'!D:D,'Updated_List_for_BBB_Rx&IQVIA'!R:R) -> 0.073529674 | E12: =_xlfn.XLOOKUP(A12,'Updated_List_for_BBB_Rx&IQVIA'!D:D,'Updated_List_for_BBB_Rx&IQVIA'!T:T) -> 9 | F12: =_xlfn.XLOOKUP(A12,'Updated_List_for_BBB_Rx&IQVIA'!D:D,'Updated_List_for_BBB_Rx&IQVIA'!U:U) -> 9 | J12: CDENS | K12: =_xlfn.XLOOKUP(BBB_Brands_Growths!J12,'3_Years_CountRx_with_RxShare_wi'!A:A,'3_Years_CountRx_with_RxShare_wi'!AJ:AJ) -> 0 | L12: 0 | M12: =_xlfn.XLOOKUP(J12,'3_Years_CountRx_with_RxShare_wi'!A:A,'3_Years_CountRx_with_RxShare_wi'!AL:AL) -> 0 | N12: =_xlfn.XLOOKUP(BBB_Brands_Growths!J12,'3_Years_CountRx_with_RxShare_wi'!A:A,'3_Years_CountRx_with_RxShare_wi'!AM:AM) -> 1.6939783 | O12: =_xlfn.XLOOKUP(J12,'3_Years_CountRx_with_RxShare_wi'!A:A,'3_Years_CountRx_with_RxShare_wi'!AN:AN) -> 1.6939783
A13: Telfast | B13: =_xlfn.XLOOKUP(A13,'Updated_List_for_BBB_Rx&IQVIA'!D:D,'Updated_List_for_BBB_Rx&IQVIA'!P:P) -> 0.058744565 | C13: =_xlfn.XLOOKUP(A13,'Updated_List_for_BBB_Rx&IQVIA'!D:D,'Updated_List_for_BBB_Rx&IQVIA'!Q:Q) -> 0.1646471 | D13: =_xlfn.XLOOKUP(A13,'Updated_List_for_BBB_Rx&IQVIA'!D:D,'Updated_List_for_BBB_Rx&IQVIA'!R:R) -> 0.10002652 | E13: =_xlfn.XLOOKUP(A13,'Updated_List_for_BBB_Rx&IQVIA'!D:D,'Updated_List_for_BBB_Rx&IQVIA'!T:T) -> 7 | F13: =_xlfn.XLOOKUP(A13,'Updated_List_for_BBB_Rx&IQVIA'!D:D,'Updated_List_for_BBB_Rx&IQVIA'!U:U) -> 7 | J13: COPIXA | K13: =_xlfn.XLOOKUP(BBB_Brands_Growths!J13,'3_Years_CountRx_with_RxShare_wi'!A:A,'3_Years_CountRx_with_RxShare_wi'!AJ:AJ) -> 0 | L13: 0 | M13: =_xlfn.XLOOKUP(J13,'3_Years_CountRx_with_RxShare_wi'!A:A,'3_Years_CountRx_with_RxShare_wi'!AL:AL) -> 0.047058824 | N13: =_xlfn.XLOOKUP(BBB_Brands_Growths!J13,'3_Years_CountRx_with_RxShare_wi'!A:A,'3_Years_CountRx_with_RxShare_wi'!AM:AM) -> 0.76258993 | O13: =_xlfn.XLOOKUP(J13,'3_Years_CountRx_with_RxShare_wi'!A:A,'3_Years_CountRx_with_RxShare_wi'!AN:AN) -> 0.76258993
A14: Apidra | B14: =_xlfn.XLOOKUP(A14,'Updated_List_for_BBB_Rx&IQVIA'!D:D,'Updated_List_for_BBB_Rx&IQVIA'!P:P) -> 0.027903298 | C14: =_xlfn.XLOOKUP(A14,'Updated_List_for_BBB_Rx&IQVIA'!D:D,'Updated_List_for_BBB_Rx&IQVIA'!Q:Q) -> -0.075574262 | D14: =_xlfn.XLOOKUP(A14,'Updated_List_for_BBB_Rx&IQVIA'!D:D,'Updated_List_for_BBB_Rx&IQVIA'!R:R) -> -0.10066857 | E14: =_xlfn.XLOOKUP(A14,'Updated_List_for_BBB_Rx&IQVIA'!D:D,'Updated_List_for_BBB_Rx&IQVIA'!T:T) -> 13 | F14: =_xlfn.XLOOKUP(A14,'Updated_List_for_BBB_Rx&IQVIA'!D:D,'Updated_List_for_BBB_Rx&IQVIA'!U:U) -> 13 | J14: CURAZITH | K14: =_xlfn.XLOOKUP(BBB_Brands_Growths!J14,'3_Years_CountRx_with_RxShare_wi'!A:A,'3_Years_CountRx_with_RxShare_wi'!AJ:AJ) -> 0.0003579365 | L14: =_xlfn.XLOOKUP(J14,'3_Years_CountRx_with_RxShare_wi'!A:A,'3_Years_CountRx_with_RxShare_wi'!AK:AK) -> 1.3333333 | M14: =_xlfn.XLOOKUP(J14,'3_Years_CountRx_with_RxShare_wi'!A:A,'3_Years_CountRx_with_RxShare_wi'!AL:AL) -> 0.0011382607 | N14: =_xlfn.XLOOKUP(BBB_Brands_Growths!J14,'3_Years_CountRx_with_RxShare_wi'!A:A,'3_Years_CountRx_with_RxShare_wi'!AM:AM) -> 1.3365026 | O14: =_xlfn.XLOOKUP(J14,'3_Years_CountRx_with_RxShare_wi'!A:A,'3_Years_CountRx_with_RxShare_wi'!AN:AN) -> 1.3361447
A15: Copixa | B15: 0 | C15: 0 | D15: =_xlfn.XLOOKUP(A15,'Updated_List_for_BBB_Rx&IQVIA'!D:D,'Updated_List_for_BBB_Rx&IQVIA'!R:R) -> 0.46011244 | E15: =_xlfn.XLOOKUP(A15,'Updated_List_for_BBB_Rx&IQVIA'!D:D,'Updated_List_for_BBB_Rx&IQVIA'!T:T) -> 3 | F15: =_xlfn.XLOOKUP(A15,'Updated_List_for_BBB_Rx&IQVIA'!D:D,'Updated_List_for_BBB_Rx&IQVIA'!U:U) -> 0 | J15: DOXOVIA | K15: =_xlfn.XLOOKUP(BBB_Brands_Growths!J15,'3_Years_CountRx_with_RxShare_wi'!A:A,'3_Years_CountRx_with_RxShare_wi'!AJ:AJ) -> 0 | L15: 0 | M15: =_xlfn.XLOOKUP(J15,'3_Years_CountRx_with_RxShare_wi'!A:A,'3_Years_CountRx_with_RxShare_wi'!AL:AL) -> 0 | N15: =_xlfn.XLOOKUP(BBB_Brands_Growths!J15,'3_Years_CountRx_with_RxShare_wi'!A:A,'3_Years_CountRx_with_RxShare_wi'!AM:AM) -> 1.2546842 | O15: =_xlfn.XLOOKUP(J15,'3_Years_CountRx_with_RxShare_wi'!A:A,'3_Years_CountRx_with_RxShare_wi'!AN:AN) -> 1.2546842
A16: Ovenox | B16: =_xlfn.XLOOKUP(A16,'Updated_List_for_BBB_Rx&IQVIA'!D:D,'Updated_List_for_BBB_Rx&IQVIA'!P:P) -> -0.65591121 | C16: =_xlfn.XLOOKUP(A16,'Updated_List_for_BBB_Rx&IQVIA'!D:D,'Updated_List_for_BBB_Rx&IQVIA'!Q:Q) -> -0.62293489 | D16: =_xlfn.XLOOKUP(A16,'Updated_List_for_BBB_Rx&IQVIA'!D:D,'Updated_List_for_BBB_Rx&IQVIA'!R:R) -> 0.095836654 | E16: =_xlfn.XLOOKUP(A16,'Updated_List_for_BBB_Rx&IQVIA'!D:D,'Updated_List_for_BBB_Rx&IQVIA'!T:T) -> 12 | F16: =_xlfn.XLOOKUP(A16,'Updated_List_for_BBB_Rx&IQVIA'!D:D,'Updated_List_for_BBB_Rx&IQVIA'!U:U) -> 8 | J16: ELOXATIN | K16: =_xlfn.XLOOKUP(BBB_Brands_Growths!J16,'3_Years_CountRx_with_RxShare_wi'!A:A,'3_Years_CountRx_with_RxShare_wi'!AJ:AJ) -> 0 | L16: 0 | M16: 0 | N16: =_xlfn.XLOOKUP(BBB_Brands_Growths!J16,'3_Years_CountRx_with_RxShare_wi'!A:A,'3_Years_CountRx_with_RxShare_wi'!AM:AM) -> 0 | O16: =_xlfn.XLOOKUP(J16,'3_Years_CountRx_with_RxShare_wi'!A:A,'3_Years_CountRx_with_RxShare_wi'!AN:AN) -> 0
A17: Fimoxyclav | B17: =_xlfn.XLOOKUP(A17,'Updated_List_for_BBB_Rx&IQVIA'!D:D,'Updated_List_for_BBB_Rx&IQVIA'!P:P) -> -0.19575148 | C17: =_xlfn.XLOOKUP(A17,'Updated_List_for_BBB_Rx&IQVIA'!D:D,'Updated_List_for_BBB_Rx&IQVIA'!Q:Q) -> -0.14511044 | D17: =_xlfn.XLOOKUP(A17,'Updated_List_for_BBB_Rx&IQVIA'!D:D,'Updated_List_for_BBB_Rx&IQVIA'!R:R) -> 0.062966904 | E17: =_xlfn.XLOOKUP(A17,'Updated_List_for_BBB_Rx&IQVIA'!D:D,'Updated_List_for_BBB_Rx&IQVIA'!T:T) -> 4 | F17: =_xlfn.XLOOKUP(A17,'Updated_List_for_BBB_Rx&IQVIA'!D:D,'Updated_List_for_BBB_Rx&IQVIA'!U:U) -> 3 | J17: ENDOXAN | K17: =_xlfn.XLOOKUP(BBB_Brands_Growths!J17,'3_Years_CountRx_with_RxShare_wi'!A:A,'3_Years_CountRx_with_RxShare_wi'!AJ:AJ) -> 0.44715447 | L17: =_xlfn.XLOOKUP(J17,'3_Years_CountRx_with_RxShare_wi'!A:A,'3_Years_CountRx_with_RxShare_wi'!AK:AK) -> 1.4473684 | M17: 0 | N17: =_xlfn.XLOOKUP(BBB_Brands_Growths!J17,'3_Years_CountRx_with_RxShare_wi'!A:A,'3_Years_CountRx_with_RxShare_wi'!AM:AM) -> 0 | O17: =_xlfn.XLOOKUP(J17,'3_Years_CountRx_with_RxShare_wi'!A:A,'3_Years_CountRx_with_RxShare_wi'!AN:AN) -> -0.44715447
A18: Epilim | B18: =_xlfn.XLOOKUP(A18,'Updated_List_for_BBB_Rx&IQVIA'!D:D,'Updated_List_for_BBB_Rx&IQVIA'!P:P) -> 0.10703058 | C18: =_xlfn.XLOOKUP(A18,'Updated_List_for_BBB_Rx&IQVIA'!D:D,'Updated_List_for_BBB_Rx&IQVIA'!Q:Q) -> 0.17993334 | D18: =_xlfn.XLOOKUP(A18,'Updated_List_for_BBB_Rx&IQVIA'!D:D,'Updated_List_for_BBB_Rx&IQVIA'!R:R) -> 0.065854332 | E18: =_xlfn.XLOOKUP(A18,'Updated_List_for_BBB_Rx&IQVIA'!D:D,'Updated_List_for_BBB_Rx&IQVIA'!T:T) -> 2 | F18: =_xlfn.XLOOKUP(A18,'Updated_List_for_BBB_Rx&IQVIA'!D:D,'Updated_List_for_BBB_Rx&IQVIA'!U:U) -> 2 | J18: ENTEROGERMINA | K18: =_xlfn.XLOOKUP(BBB_Brands_Growths!J18,'3_Years_CountRx_with_RxShare_wi'!A:A,'3_Years_CountRx_with_RxShare_wi'!AJ:AJ) -> 0.17927678 | L18: =_xlfn.XLOOKUP(J18,'3_Years_CountRx_with_RxShare_wi'!A:A,'3_Years_CountRx_with_RxShare_wi'!AK:AK) -> 2.4313124 | M18: =_xlfn.XLOOKUP(J18,'3_Years_CountRx_with_RxShare_wi'!A:A,'3_Years_CountRx_with_RxShare_wi'!AL:AL) -> 0.21571454 | N18: =_xlfn.XLOOKUP(BBB_Brands_Growths!J18,'3_Years_CountRx_with_RxShare_wi'!A:A,'3_Years_CountRx_with_RxShare_wi'!AM:AM) -> 1.126546 | O18: =_xlfn.XLOOKUP(J18,'3_Years_CountRx_with_RxShare_wi'!A:A,'3_Years_CountRx_with_RxShare_wi'!AN:AN) -> 0.94726918
A19: Vaxigrip | B19: =_xlfn.XLOOKUP(A19,'Updated_List_for_BBB_Rx&IQVIA'!D:D,'Updated_List_for_BBB_Rx&IQVIA'!P:P) -> -0.50976657 | C19: =_xlfn.XLOOKUP(A19,'Updated_List_for_BBB_Rx&IQVIA'!D:D,'Updated_List_for_BBB_Rx&IQVIA'!Q:Q) -> -0.39017094 | D19: =_xlfn.XLOOKUP(A19,'Updated_List_for_BBB_Rx&IQVIA'!D:D,'Updated_List_for_BBB_Rx&IQVIA'!R:R) -> 0.24395649 | E19: =_xlfn.XLOOKUP(A19,'Updated_List_for_BBB_Rx&IQVIA'!D:D,'Updated_List_for_BBB_Rx&IQVIA'!T:T) -> 0 | F19: =_xlfn.XLOOKUP(A19,'Updated_List_for_BBB_Rx&IQVIA'!D:D,'Updated_List_for_BBB_Rx&IQVIA'!U:U) -> 0 | J19: EPILIM | K19: =_xlfn.XLOOKUP(BBB_Brands_Growths!J19,'3_Years_CountRx_with_RxShare_wi'!A:A,'3_Years_CountRx_with_RxShare_wi'!AJ:AJ) -> 0.07736878 | L19: =_xlfn.XLOOKUP(J19,'3_Years_CountRx_with_RxShare_wi'!A:A,'3_Years_CountRx_with_RxShare_wi'!AK:AK) -> 2.045045 | M19: =_xlfn.XLOOKUP(J19,'3_Years_CountRx_with_RxShare_wi'!A:A,'3_Years_CountRx_with_RxShare_wi'!AL:AL) -> 0.14624213 | N19: =_xlfn.XLOOKUP(BBB_Brands_Growths!J19,'3_Years_CountRx_with_RxShare_wi'!A:A,'3_Years_CountRx_with_RxShare_wi'!AM:AM) -> 1.0064029 | O19: =_xlfn.XLOOKUP(J19,'3_Years_CountRx_with_RxShare_wi'!A:A,'3_Years_CountRx_with_RxShare_wi'!AN:AN) -> 0.92903415
A20: Phenergan Plus | B20: =_xlfn.XLOOKUP(A20,'Updated_List_for_BBB_Rx&IQVIA'!D:D,'Updated_List_for_BBB_Rx&IQVIA'!P:P) -> -0.27620562 | C20: =_xlfn.XLOOKUP(A20,'Updated_List_for_BBB_Rx&IQVIA'!D:D,'Updated_List_for_BBB_Rx&IQVIA'!Q:Q) -> -0.3713094 | D20: =_xlfn.XLOOKUP(A20,'Updated_List_for_BBB_Rx&IQVIA'!D:D,'Updated_List_for_BBB_Rx&IQVIA'!R:R) -> -0.13139613 | E20: =_xlfn.XLOOKUP(A20,'Updated_List_for_BBB_Rx&IQVIA'!D:D,'Updated_List_for_BBB_Rx&IQVIA'!T:T) -> 1 | F20: =_xlfn.XLOOKUP(A20,'Updated_List_for_BBB_Rx&IQVIA'!D:D,'Updated_List_for_BBB_Rx&IQVIA'!U:U) -> 1 | J20: ERTU | K20: =_xlfn.XLOOKUP(BBB_Brands_Growths!J20,'3_Years_CountRx_with_RxShare_wi'!A:A,'3_Years_CountRx_with_RxShare_wi'!AJ:AJ) -> 0.013515774 | L20: =_xlfn.XLOOKUP(J20,'3_Years_CountRx_with_RxShare_wi'!A:A,'3_Years_CountRx_with_RxShare_wi'!AK:AK) -> 2.4047619 | M20: =_xlfn.XLOOKUP(J20,'3_Years_CountRx_with_RxShare_wi'!A:A,'3_Years_CountRx_with_RxShare_wi'!AL:AL) -> 0.020249695 | N20: =_xlfn.XLOOKUP(BBB_Brands_Growths!J20,'3_Years_CountRx_with_RxShare_wi'!A:A,'3_Years_CountRx_with_RxShare_wi'!AM:AM) -> 1.0974007 | O20: =_xlfn.XLOOKUP(J20,'3_Years_CountRx_with_RxShare_wi'!A:A,'3_Years_CountRx_with_RxShare_wi'!AN:AN) -> 1.0838849
J21: ESCAP | K21: =_xlfn.XLOOKUP(BBB_Brands_Growths!J21,'3_Years_CountRx_with_RxShare_wi'!A:A,'3_Years_CountRx_with_RxShare_wi'!AJ:AJ) -> 1.0129095e-05 | L21: =_xlfn.XLOOKUP(J21,'3_Years_CountRx_with_RxShare_wi'!A:A,'3_Years_CountRx_with_RxShare_wi'!AK:AK) -> 1.3333333 | M21: =_xlfn.XLOOKUP(J21,'3_Years_CountRx_with_RxShare_wi'!A:A,'3_Years_CountRx_with_RxShare_wi'!AL:AL) -> 0.00018770726 | N21: =_xlfn.XLOOKUP(BBB_Brands_Growths!J21,'3_Years_CountRx_with_RxShare_wi'!A:A,'3_Years_CountRx_with_RxShare_wi'!AM:AM) -> 1.084151 | O21: =_xlfn.XLOOKUP(J21,'3_Years_CountRx_with_RxShare_wi'!A:A,'3_Years_CountRx_with_RxShare_wi'!AN:AN) -> 1.0841409
J22: EXPRES | K22: =_xlfn.XLOOKUP(BBB_Brands_Growths!J22,'3_Years_CountRx_with_RxShare_wi'!A:A,'3_Years_CountRx_with_RxShare_wi'!AJ:AJ) -> 0.010547196 | L22: =_xlfn.XLOOKUP(J22,'3_Years_CountRx_with_RxShare_wi'!A:A,'3_Years_CountRx_with_RxShare_wi'!AK:AK) -> 1.9818182 | M22: =_xlfn.XLOOKUP(J22,'3_Years_CountRx_with_RxShare_wi'!A:A,'3_Years_CountRx_with_RxShare_wi'!AL:AL) -> 0.020645385 | N22: =_xlfn.XLOOKUP(BBB_Brands_Growths!J22,'3_Years_CountRx_with_RxShare_wi'!A:A,'3_Years_CountRx_with_RxShare_wi'!AM:AM) -> 1.0775206 | O22: =_xlfn.XLOOKUP(J22,'3_Years_CountRx_with_RxShare_wi'!A:A,'3_Years_CountRx_with_RxShare_wi'!AN:AN) -> 1.0669734
J23: FARPEM | K23: =_xlfn.XLOOKUP(BBB_Brands_Growths!J23,'3_Years_CountRx_with_RxShare_wi'!A:A,'3_Years_CountRx_with_RxShare_wi'!AJ:AJ) -> 0 | L23: 0 | M23: =_xlfn.XLOOKUP(J23,'3_Years_CountRx_with_RxShare_wi'!A:A,'3_Years_CountRx_with_RxShare_wi'!AL:AL) -> 0.037099494 | N23: =_xlfn.XLOOKUP(BBB_Brands_Growths!J23,'3_Years_CountRx_with_RxShare_wi'!A:A,'3_Years_CountRx_with_RxShare_wi'!AM:AM) -> 0.20217984 | O23: =_xlfn.XLOOKUP(J23,'3_Years_CountRx_with_RxShare_wi'!A:A,'3_Years_CountRx_with_RxShare_wi'!AN:AN) -> 0.20217984
J24: FIMOXYCLAV | K24: =_xlfn.XLOOKUP(BBB_Brands_Growths!J24,'3_Years_CountRx_with_RxShare_wi'!A:A,'3_Years_CountRx_with_RxShare_wi'!AJ:AJ) -> 0.072863298 | L24: =_xlfn.XLOOKUP(J24,'3_Years_CountRx_with_RxShare_wi'!A:A,'3_Years_CountRx_with_RxShare_wi'!AK:AK) -> 1.7789623 | M24: =_xlfn.XLOOKUP(J24,'3_Years_CountRx_with_RxShare_wi'!A:A,'3_Years_CountRx_with_RxShare_wi'!AL:AL) -> 0.13362947 | N24: =_xlfn.XLOOKUP(BBB_Brands_Growths!J24,'3_Years_CountRx_with_RxShare_wi'!A:A,'3_Years_CountRx_with_RxShare_wi'!AM:AM) -> 1.2488457 | O24: =_xlfn.XLOOKUP(J24,'3_Years_CountRx_with_RxShare_wi'!A:A,'3_Years_CountRx_with_RxShare_wi'!AN:AN) -> 1.1759825
J25: FIMOXYL | K25: =_xlfn.XLOOKUP(BBB_Brands_Growths!J25,'3_Years_CountRx_with_RxShare_wi'!A:A,'3_Years_CountRx_with_RxShare_wi'!AJ:AJ) -> 0.037519456 | L25: =_xlfn.XLOOKUP(J25,'3_Years_CountRx_with_RxShare_wi'!A:A,'3_Years_CountRx_with_RxShare_wi'!AK:AK) -> 1.7026022 | M25: =_xlfn.XLOOKUP(J25,'3_Years_CountRx_with_RxShare_wi'!A:A,'3_Years_CountRx_with_RxShare_wi'!AL:AL) -> 0.084548105 | N25: =_xlfn.XLOOKUP(BBB_Brands_Growths!J25,'3_Years_CountRx_with_RxShare_wi'!A:A,'3_Years_CountRx_with_RxShare_wi'!AM:AM) -> 1.1851456 | O25: =_xlfn.XLOOKUP(J25,'3_Years_CountRx_with_RxShare_wi'!A:A,'3_Years_CountRx_with_RxShare_wi'!AN:AN) -> 1.1476262
J26: FLAGYL | K26: =_xlfn.XLOOKUP(BBB_Brands_Growths!J26,'3_Years_CountRx_with_RxShare_wi'!A:A,'3_Years_CountRx_with_RxShare_wi'!AJ:AJ) -> 0.013163131 | L26: =_xlfn.XLOOKUP(J26,'3_Years_CountRx_with_RxShare_wi'!A:A,'3_Years_CountRx_with_RxShare_wi'!AK:AK) -> 1.3915858 | M26: =_xlfn.XLOOKUP(J26,'3_Years_CountRx_with_RxShare_wi'!A:A,'3_Years_CountRx_with_RxShare_wi'!AL:AL) -> 0.031036869 | N26: =_xlfn.XLOOKUP(BBB_Brands_Growths!J26,'3_Years_CountRx_with_RxShare_wi'!A:A,'3_Years_CountRx_with_RxShare_wi'!AM:AM) -> 1.1481039 | O26: =_xlfn.XLOOKUP(J26,'3_Years_CountRx_with_RxShare_wi'!A:A,'3_Years_CountRx_with_RxShare_wi'!AN:AN) -> 1.1349408
J27: FRISIUM | K27: =_xlfn.XLOOKUP(BBB_Brands_Growths!J27,'3_Years_CountRx_with_RxShare_wi'!A:A,'3_Years_CountRx_with_RxShare_wi'!AJ:AJ) -> 0.18502203 | L27: =_xlfn.XLOOKUP(J27,'3_Years_CountRx_with_RxShare_wi'!A:A,'3_Years_CountRx_with_RxShare_wi'!AK:AK) -> 2.4 | M27: =_xlfn.XLOOKUP(J27,'3_Years_CountRx_with_RxShare_wi'!A:A,'3_Years_CountRx_with_RxShare_wi'!AL:AL) -> 0.13302752 | N27: =_xlfn.XLOOKUP(BBB_Brands_Growths!J27,'3_Years_CountRx_with_RxShare_wi'!A:A,'3_Years_CountRx_with_RxShare_wi'!AM:AM) -> 1.1368948 | O27: =_xlfn.XLOOKUP(J27,'3_Years_CountRx_with_RxShare_wi'!A:A,'3_Years_CountRx_with_RxShare_wi'!AN:AN) -> 0.9518728
J28: GAVISYN | K28: =_xlfn.XLOOKUP(BBB_Brands_Growths!J28,'3_Years_CountRx_with_RxShare_wi'!A:A,'3_Years_CountRx_with_RxShare_wi'!AJ:AJ) -> 0.0049242496 | L28: =_xlfn.XLOOKUP(J28,'3_Years_CountRx_with_RxShare_wi'!A:A,'3_Years_CountRx_with_RxShare_wi'!AK:AK) -> 1.4914286 | M28: =_xlfn.XLOOKUP(J28,'3_Years_CountRx_with_RxShare_wi'!A:A,'3_Years_CountRx_with_RxShare_wi'!AL:AL) -> 0.012628085 | N28: =_xlfn.XLOOKUP(BBB_Brands_Growths!J28,'3_Years_CountRx_with_RxShare_wi'!A:A,'3_Years_CountRx_with_RxShare_wi'!AM:AM) -> 1.1149372 | O28: =_xlfn.XLOOKUP(J28,'3_Years_CountRx_with_RxShare_wi'!A:A,'3_Years_CountRx_with_RxShare_wi'!AN:AN) -> 1.110013
J29: IMOVANE | K29: =_xlfn.XLOOKUP(BBB_Brands_Growths!J29,'3_Years_CountRx_with_RxShare_wi'!A:A,'3_Years_CountRx_with_RxShare_wi'!AJ:AJ) -> 0.30434783 | L29: =_xlfn.XLOOKUP(J29,'3_Years_CountRx_with_RxShare_wi'!A:A,'3_Years_CountRx_with_RxShare_wi'!AK:AK) -> 1.1666667 | M29: =_xlfn.XLOOKUP(J29,'3_Years_CountRx_with_RxShare_wi'!A:A,'3_Years_CountRx_with_RxShare_wi'!AL:AL) -> 0.6 | N29: =_xlfn.XLOOKUP(BBB_Brands_Growths!J29,'3_Years_CountRx_with_RxShare_wi'!A:A,'3_Years_CountRx_with_RxShare_wi'!AM:AM) -> 1.2105263 | O29: =_xlfn.XLOOKUP(J29,'3_Years_CountRx_with_RxShare_wi'!A:A,'3_Years_CountRx_with_RxShare_wi'!AN:AN) -> 0.90617849
J30: INCRIT | K30: =_xlfn.XLOOKUP(BBB_Brands_Growths!J30,'3_Years_CountRx_with_RxShare_wi'!A:A,'3_Years_CountRx_with_RxShare_wi'!AJ:AJ) -> 0 | L30: =_xlfn.XLOOKUP(J30,'3_Years_CountRx_with_RxShare_wi'!A:A,'3_Years_CountRx_with_RxShare_wi'!AK:AK) -> 0 | M30: =_xlfn.XLOOKUP(J30,'3_Years_CountRx_with_RxShare_wi'!A:A,'3_Years_CountRx_with_RxShare_wi'!AL:AL) -> 0 | N30: =_xlfn.XLOOKUP(BBB_Brands_Growths!J30,'3_Years_CountRx_with_RxShare_wi'!A:A,'3_Years_CountRx_with_RxShare_wi'!AM:AM) -> 1.6575342 | O30: =_xlfn.XLOOKUP(J30,'3_Years_CountRx_with_RxShare_wi'!A:A,'3_Years_CountRx_with_RxShare_wi'!AN:AN) -> 1.6575342
J31: INCRIT M | K31: =_xlfn.XLOOKUP(BBB_Brands_Growths!J31,'3_Years_CountRx_with_RxShare_wi'!A:A,'3_Years_CountRx_with_RxShare_wi'!AJ:AJ) -> 0.0021346057 | L31: =_xlfn.XLOOKUP(J31,'3_Years_CountRx_with_RxShare_wi'!A:A,'3_Years_CountRx_with_RxShare_wi'!AK:AK) -> 1.5454545 | M31: =_xlfn.XLOOKUP(J31,'3_Years_CountRx_with_RxShare_wi'!A:A,'3_Years_CountRx_with_RxShare_wi'!AL:AL) -> 0.0012315271 | N31: =_xlfn.XLOOKUP(BBB_Brands_Growths!J31,'3_Years_CountRx_with_RxShare_wi'!A:A,'3_Years_CountRx_with_RxShare_wi'!AM:AM) -> 1.4578071 | O31: =_xlfn.XLOOKUP(J31,'3_Years_CountRx_with_RxShare_wi'!A:A,'3_Years_CountRx_with_RxShare_wi'!AN:AN) -> 1.4556725
J32: KURACEF | K32: =_xlfn.XLOOKUP(BBB_Brands_Growths!J32,'3_Years_CountRx_with_RxShare_wi'!A:A,'3_Years_CountRx_with_RxShare_wi'!AJ:AJ) -> 0.00096750276 | L32: =_xlfn.XLOOKUP(J32,'3_Years_CountRx_with_RxShare_wi'!A:A,'3_Years_CountRx_with_RxShare_wi'!AK:AK) -> 2.2765957 | M32: =_xlfn.XLOOKUP(J32,'3_Years_CountRx_with_RxShare_wi'!A:A,'3_Years_CountRx_with_RxShare_wi'!AL:AL) -> 0.0017039 | N32: =_xlfn.XLOOKUP(BBB_Brands_Growths!J32,'3_Years_CountRx_with_RxShare_wi'!A:A,'3_Years_CountRx_with_RxShare_wi'!AM:AM) -> 1.2528917 | O32: =_xlfn.XLOOKUP(J32,'3_Years_CountRx_with_RxShare_wi'!A:A,'3_Years_CountRx_with_RxShare_wi'!AN:AN) -> 1.2519242
J33: LANTUS+TOUJEO | K33: =_xlfn.XLOOKUP(BBB_Brands_Growths!J33,'3_Years_CountRx_with_RxShare_wi'!A:A,'3_Years_CountRx_with_RxShare_wi'!AJ:AJ) -> 0.19503735 | L33: =_xlfn.XLOOKUP(J33,'3_Years_CountRx_with_RxShare_wi'!A:A,'3_Years_CountRx_with_RxShare_wi'!AK:AK) -> 1.6101322 | M33: =_xlfn.XLOOKUP(J33,'3_Years_CountRx_with_RxShare_wi'!A:A,'3_Years_CountRx_with_RxShare_wi'!AL:AL) -> 0.27955083 | N33: =_xlfn.XLOOKUP(BBB_Brands_Growths!J33,'3_Years_CountRx_with_RxShare_wi'!A:A,'3_Years_CountRx_with_RxShare_wi'!AM:AM) -> 1.2482645 | O33: =_xlfn.XLOOKUP(J33,'3_Years_CountRx_with_RxShare_wi'!A:A,'3_Years_CountRx_with_RxShare_wi'!AN:AN) -> 1.0532271
J34: LASILACTONE | K34: =_xlfn.XLOOKUP(BBB_Brands_Growths!J34,'3_Years_CountRx_with_RxShare_wi'!A:A,'3_Years_CountRx_with_RxShare_wi'!AJ:AJ) -> 8.0840744e-05 | L34: =_xlfn.XLOOKUP(J34,'3_Years_CountRx_with_RxShare_wi'!A:A,'3_Years_CountRx_with_RxShare_wi'!AK:AK) -> 1 | M34: =_xlfn.XLOOKUP(J34,'3_Years_CountRx_with_RxShare_wi'!A:A,'3_Years_CountRx_with_RxShare_wi'!AL:AL) -> 0 | N34: =_xlfn.XLOOKUP(BBB_Brands_Growths!J34,'3_Years_CountRx_with_RxShare_wi'!A:A,'3_Years_CountRx_with_RxShare_wi'!AM:AM) -> 1.0330717 | O34: =_xlfn.XLOOKUP(J34,'3_Years_CountRx_with_RxShare_wi'!A:A,'3_Years_CountRx_with_RxShare_wi'!AN:AN) -> 1.0329908
J35: LASIX | K35: =_xlfn.XLOOKUP(BBB_Brands_Growths!J35,'3_Years_CountRx_with_RxShare_wi'!A:A,'3_Years_CountRx_with_RxShare_wi'!AJ:AJ) -> 0.39954367 | L35: =_xlfn.XLOOKUP(J35,'3_Years_CountRx_with_RxShare_wi'!A:A,'3_Years_CountRx_with_RxShare_wi'!AK:AK) -> 1.9056832 | M35: =_xlfn.XLOOKUP(J35,'3_Years_CountRx_with_RxShare_wi'!A:A,'3_Years_CountRx_with_RxShare_wi'!AL:AL) -> 0.4513436 | N35: =_xlfn.XLOOKUP(BBB_Brands_Growths!J35,'3_Years_CountRx_with_RxShare_wi'!A:A,'3_Years_CountRx_with_RxShare_wi'!AM:AM) -> 1.0045842 | O35: =_xlfn.XLOOKUP(J35,'3_Years_CountRx_with_RxShare_wi'!A:A,'3_Years_CountRx_with_RxShare_wi'!AN:AN) -> 0.60504057
... J70: XEROSEC | K70: =_xlfn.XLOOKUP(BBB_Brands_Growths!J70,'3_Years_CountRx_with_RxShare_wi'!A:A,'3_Years_CountRx_with_RxShare_wi'!AJ:AJ) -> 0 | L70: =_xlfn.XLOOKUP(J70,'3_Years_CountRx_with_RxShare_wi'!A:A,'3_Years_CountRx_with_RxShare_wi'!AK:AK) -> 0 | M70: =_xlfn.XLOOKUP(J70,'3_Years_CountRx_with_RxShare_wi'!A:A,'3_Years_CountRx_with_RxShare_wi'!AL:AL) -> 0 | N70: =_xlfn.XLOOKUP(BBB_Brands_Growths!J70,'3_Years_CountRx_with_RxShare_wi'!A:A,'3_Years_CountRx_with_RxShare_wi'!AM:AM) -> 0 | O70: =_xlfn.XLOOKUP(J70,'3_Years_CountRx_with_RxShare_wi'!A:A,'3_Years_CountRx_with_RxShare_wi'!AN:AN) -> 0

Sheet Updated_List_for_BBB_Rx&IQVIA
H2: LC TK | I2: LC TK | J2: Selected Market | L2: Brand to Molecule | N2: Molecule to TC III MS
A3: TCI/ II/III | B3: TC IV | C3: Molecule | D3: BBB Brands | E3: Revised Brand | F3: BRAND | G3: Selected Market | H3: MAT Q2'25 | I3: MAT Q2'24 | J3: MAT Q2'25 | K3: MAT Q2'24 | L3: MAT Q2'25 | M3: MAT Q2'24 | N3: MAT Q2'25 | O3: MAT Q2'24 | P3: MS Growth | Q3: Growth% | R3: Mkt Growth | S3: Gap from Mkt Growth | T3: Position Q2 2025 | U3: Position Q2 2024 | V3: IQVIA Market position change
A4: CEPHALOSPORINS & COMBS | B4: CEPHALOSPORINS ORAL | C4: CEFUROXIME AXETIL | E4: Sefurox | F4: SEFUROX S.Y | G4: CEFUROXIME AXETIL | H4: 33 | I4: 177 | J4: 2365456 | K4: 2149742 | L4: =IFERROR(H4/J4,0) -> 1.3950798e-05 | M4: =IFERROR(I4/K4,0) -> 8.2335462e-05 | N4: 0.098694134 | O4: 0.092886543 | P4: =L4/M4-1 -> -0.83056148 | Q4: =H4/I4-1 -> -0.81355932 | R4: =J4/K4-1 -> 0.10034413 | S4: =Q4-R4 -> -0.91390346
A5: INTESTINAL DISORDER PROD | B5: ANTIDIARR MICRO-ORGANISMS | C5: BACILLUS CLAUSII | D5: Enterogermina | E5: Enterogermina | F5: ENTEROGERMINA S.Y | G5: ANTIDIARR MICRO-ORGANISMS | H5: 196543 | I5: 182743 | J5: 706924 | K5: 466089 | L5: =IFERROR(H5/J5,0) -> 0.27802564 | M5: =IFERROR(I5/K5,0) -> 0.39207748 | N5: 0.49285664 | O5: 0.40592414 | P5: =L5/M5-1 -> -0.29089106 | Q5: =H5/I5-1 -> 0.075515888 | R5: =J5/K5-1 -> 0.51671462 | S5: =Q5-R5 -> -0.44119873 | T5: 1 | U5: 1 | X5: Raised to top
A6: ANTIULCERANTS | B6: PROTON PUMP INHIBITORS | C6: OMEPRAZOLE | E6: Xerosec | F6: XEROSEC S.Y | G6: OMEPRAZOLE | H6: 779 | I6: 3165 | J6: 4496179 | K6: 4594748 | L6: =IFERROR(H6/J6,0) -> 0.00017325823 | M6: =IFERROR(I6/K6,0) -> 0.00068882994 | N6: 0.097337718 | O6: 0.11201131 | P6: =L6/M6-1 -> -0.7484746 | Q6: =H6/I6-1 -> -0.75387046 | R6: =J6/K6-1 -> -0.021452537 | S6: =Q6-R6 -> -0.73241792
A7: ANTIULCERANTS | B7: PROTON PUMP INHIBITORS | C7: RABEPRAZOLE | E7: Respite | F7: RESPITE S.Y | G7: RABEPRAZOLE | H7: 553 | I7: 807 | J7: 3188959 | K7: 3261185 | L7: =IFERROR(H7/J7,0) -> 0.00017341082 | M7: =IFERROR(I7/K7,0) -> 0.00024745606 | N7: 0.06903773 | O7: 0.079501556 | P7: =L7/M7-1 -> -0.29922581 | Q7: =H7/I7-1 -> -0.31474597 | R7: =J7/K7-1 -> -0.022147164 | S7: =Q7-R7 -> -0.29259881
A8: CEPHALOSPORINS & COMBS | B8: CEPHALOSPORINS ORAL | C8: CEFIXIME | E8: Kuracef | F8: KURACEF S.Y | G8: CEFUROXIME AXETIL+CLAVULANIC ACID | H8: 12903 | I8: 16141 | J8: 9224240 | K8: 8269465 | L8: =IFERROR(H8/J8,0) -> 0.0013988144 | M8: =IFERROR(I8/K8,0) -> 0.0019518796 | N8: 0.3848638 | O8: 0.35730893 | P8: =L8/M8-1 -> -0.28335004 | Q8: =H8/I8-1 -> -0.20060715 | R8: =J8/K8-1 -> 0.11545789 | S8: =Q8-R8 -> -0.31606504
A9: CEPHALOSPORINS & COMBS | B9: CEPHALOSPORINS ORAL | C9: CEFRADINE | E9: Sefrad | F9: SEFRAD S.Y | G9: CEFRADINE | H9: 21471 | I9: 29021 | J9: 665079 | K9: 645258 | L9: =IFERROR(H9/J9,0) -> 0.032283383 | M9: =IFERROR(I9/K9,0) -> 0.044975808 | N9: 0.027749151 | O9: 0.027880455 | P9: =L9/M9-1 -> -0.28220561 | Q9: =H9/I9-1 -> -0.26015644 | R9: =J9/K9-1 -> 0.030717945 | S9: =Q9-R9 -> -0.29087438
A10: LIPID-REGULATING PRODS | B10: STATINS (HMG-COA RED) | C10: ATORVASTATIN | E10: Orva | F10: ORVA S.Y | G10: ATORVASTATIN | H10: 14677 | I10: 18935 | J10: 4091860 | K10: 3756605 | L10: =IFERROR(H10/J10,0) -> 0.0035868774 | M10: =IFERROR(I10/K10,0) -> 0.0050404554 | N10: 0.38513353 | O10: 0.41812479 | P10: =L10/M10-1 -> -0.28838229 | Q10: =H10/I10-1 -> -0.22487457 | R10: =J10/K10-1 -> 0.089244145 | S10: =Q10-R10 -> -0.31411872
A11: DPP-IV INH & BIGUAN COMB | B11: DPP-IV INH A-DIAB PLAIN | C11: SITAGLIPTIN, METFORMIN+SITAGLIPTIN | E11: INCRIT | F11: INCRIT+M S.Y | G11: SITAGLIPTIN | H11: 5628 | I11: 5511 | J11: 2177698 | K11: 1822766 | L11: =IFERROR(H11/J11,0) -> 0.0025843804 | M11: =IFERROR(I11/K11,0) -> 0.003023427 | N11: 0.045727383 | O11: 0.048331584 | P11: =L11/M11-1 -> -0.1452149 | Q11: =H11/I11-1 -> 0.021230267 | R11: =J11/K11-1 -> 0.19472165 | S11: =Q11-R11 -> -0.17349138
A12: HUMAN INSULIN+ANALOGUES | B12: H INSUL+ANA LONG ACT | C12: INSULIN GLARGINE | D12: Lantus | E12: Lantus | F12: LANTUS S.Y | G12: INSULIN GLARGINE | H12: 302155 | I12: 304882 | J12: 1031108 | K12: 795035 | L12: =IFERROR(H12/J12,0) -> 0.29303914 | M12: =IFERROR(I12/K12,0) -> 0.38348249 | N12: 0.10617519 | O12: 0.077184807 | P12: =L12/M12-1 -> -0.23584741 | Q12: =H12/I12-1 -> -0.0089444441 | R12: =J12/K12-1 -> 0.2969341 | S12: =Q12-R12 -> -0.30587854 | T12: 1 | U12: 1 | X12: Maintained Top
A13: HUMAN INSULIN+ANALOGUES | B13: H INSUL+ANA LONG ACT | C13: INSULIN GLARGINE | D13: Toujeo | E13: Toujeo | F13: TOUJEO S.Y | G13: INSULIN GLARGINE | H13: 5747 | I13: 4571 | J13: 1031108 | K13: 795035 | L13: =IFERROR(H13/J13,0) -> 0.005573616 | M13: =IFERROR(I13/K13,0) -> 0.0057494324 | N13: 0.10617519 | O13: 0.077184807 | P13: =L13/M13-1 -> -0.030579794 | Q13: =H13/I13-1 -> 0.25727412 | R13: =J13/K13-1 -> 0.2969341 | S13: =Q13-R13 -> -0.039659978 | T13: 7 | U13: 7 | X13: Stayed Same
A14: ANTILEUK ANTI-ASTHMATICS | B14: ANTILEUK ANTI-ASTHM SYS | C14: DAPAGLIFLOZIN | E14: ERTU | F14: ERTU S.Y | G14: SGLT2 INHIB A-DIAB PLAIN | H14: 31442 | I14: 38431 | J14: 2716296 | K14: 2270172 | L14: =IFERROR(H14/J14,0) -> 0.011575322 | M14: =IFERROR(I14/K14,0) -> 0.016928673 | N14: 0.31384259 | O14: 0.2705596 | P14: =L14/M14-1 -> -0.31622984 | Q14: =H14/I14-1 -> -0.1818584 | R14: =J14/K14-1 -> 0.19651551 | S14: =Q14-R14 -> -0.3783739
A15: ANTI-ASTHMA & COPD PROD | B15: ANTILEUK ANTI-ASTHM SYS | C15: MONTELUKAST | E15: Monfast | F15: MONFAST S.Y | G15: MONTELUKAST | H15: 15077 | I15: 5809 | J15: 8654884 | K15: 8390445 | L15: =IFERROR(H15/J15,0) -> 0.0017420222 | M15: =IFERROR(I15/K15,0) -> 0.00069233515 | N15: 0.44309689 | O15: 0.44969559 | P15: =L15/M15-1 -> 1.5161545 | Q15: =H15/I15-1 -> 1.5954553 | R15: =J15/K15-1 -> 0.031516684 | S15: =Q15-R15 -> 1.5639386
A16: ANTILEUK ANTI-ASTHMATICS | B16: ANTILEUK ANTI-ASTHM SYS | C16: LEVETIRACETAM | E16: Leveron | F16: LEVERON S.Y | G16: LEVETIRACETAM | H16: 12684 | I16: 13383 | J16: 1055195 | K16: 867744 | L16: =IFERROR(H16/J16,0) -> 0.012020527 | M16: =IFERROR(I16/K16,0) -> 0.015422751 | N16: 0.12191791 | O16: 0.10341792 | P16: =L16/M16-1 -> -0.22059776 | Q16: =H16/I16-1 -> -0.052230442 | R16: =J16/K16-1 -> 0.21602108 | S16: =Q16-R16 -> -0.26825153
A17: GABAPENTINOID PRODUCTS | B17: GABAPENTINOID PRODUCTS | C17: MIROGABALIN | D17: Synkolin | E17: Synkolin | F17: SYNKOLIN S.Y | G17: MIROGABALIN | H17: 6682 | I17: 0 | J17: 1499522 | K17: 605502 | L17: =IFERROR(H17/J17,0) -> 0.0044560867 | M17: =IFERROR(I17/K17,0) -> 0 | N17: 0.2345025 | O17: 0.12040939 | P17: =L17/M17-1 -> #DIV/0! | Q17: =H17/I17-1 -> #DIV/0! | R17: =J17/K17-1 -> 1.4764939 | S17: =Q17-R17 -> #DIV/0! | T17: 16 | X17: Improved
A18: DRUGS USED IN DIABETES | B18: SULPHONYLUREA A-DIABS+BIGUANIDE & S-UREA COMBS | C18: GLIMEPIRIDE & | D18: Amaryl | E18: Amaryl | F18: AMARYL+M S.Y | G18: SULPHONYLUREA A-DIABS+BIGUANIDE & S-UREA COMBS | H18: 530823 | I18: 535661 | J18: 5900576 | K18: 5362687 | L18: =IFERROR(H18/J18,0) -> 0.089961217 | M18: =IFERROR(I18/K18,0) -> 0.09988668 | N18: 0.16644388 | O18: 0.16855774 | P18: =L18/M18-1 -> -0.099367229 | Q18: =H18/I18-1 -> -0.0090318317 | R18: =J18/K18-1 -> 0.10030214 | S18: =Q18-R18 -> -0.10933398 | T18: 4 | U18: 4 | X18: Downgraded
A19: BETA BLOCKING AGENT PLAIN | B19: BETA BLOCKING AGENT PLAIN | C19: ATENOLOL | E19: Betanol | F19: BETANOL S.Y | G19: ATENOLOL | H19: 7417 | I19: 8044 | J19: 60241 | K19: 57478 | L19: =IFERROR(H19/J19,0) -> 0.12312213 | M19: =IFERROR(I19/K19,0) -> 0.1399492 | N19: 0.01225623 | O19: 0.013220956 | P19: =L19/M19-1 -> -0.120237 | Q19: =H19/I19-1 -> -0.077946295 | R19: =J19/K19-1 -> 0.048070566 | S19: =Q19-R19 -> -0.12601686
A20: FUNCTL.GI DISORDER DRUG | B20: GASTROPROKINETICS | C20: DOMPERIDONE | E20: Sandom | F20: SANDOM S.Y | G20: DOMPERIDONE | H20: 11109 | I20: 15240 | J20: 3223644 | K20: 2907294 | L20: =IFERROR(H20/J20,0) -> 0.0034461001 | M20: =IFERROR(I20/K20,0) -> 0.0052419879 | N20: 0.51974592 | O20: 0.55217906 | P20: =L20/M20-1 -> -0.3425967 | Q20: =H20/I20-1 -> -0.27106299 | R20: =J20/K20-1 -> 0.10881252 | S20: =Q20-R20 -> -0.37987552
A21: ANTACIDS ANTIFLATULENTS | B21: PLAIN ANTACIDS | C21: ALGINIC ACID+CALCIUM+SODIUM | E21: Gavisyn | F21: GAVISYN S.Y | G21: ALGINIC ACID+CALCIUM+SODIUM | H21: 15545 | I21: 18190 | J21: 1907536 | K21: 1715886 | L21: =IFERROR(H21/J21,0) -> 0.0081492564 | M21: =IFERROR(I21/K21,0) -> 0.010600937 | N21: 0.54020049 | O21: 0.51717896 | P21: =L21/M21-1 -> -0.2312702 | Q21: =H21/I21-1 -> -0.14540957 | R21: =J21/K21-1 -> 0.11169157 | S21: =Q21-R21 -> -0.25710113 | X21: down
A22: ANTIDEPRESS.& MOOD STAB. | B22: SSRI ANTIDEPRESSANTS | C22: ESCITALOPRAM | E22: EXPRES | F22: EXPRES S.Y | G22: ESCITALOPRAM | H22: 10102 | I22: 10869 | J22: 1313664 | K22: 1103829 | L22: =IFERROR(H22/J22,0) -> 0.007689942 | M22: =IFERROR(I22/K22,0) -> 0.0098466339 | N22: 0.41296423 | O22: 0.39702823 | P22: =L22/M22-1 -> -0.21902834 | Q22: =H22/I22-1 -> -0.07056767 | R22: =J22/K22-1 -> 0.19009738 | S22: =Q22-R22 -> -0.26066505
A23: ANTIDEPRESS.& MOOD STAB. | B23: ANTIDEPRESSANTS ALL OTH | C23: VORTIOXETINE | E23: Vortiox | F23: VORTIOX S.Y | G23: VORTIOXETINE | H23: 15387 | I23: 13281 | J23: 76436 | K23: 32328 | L23: =IFERROR(H23/J23,0) -> 0.20130567 | M23: =IFERROR(I23/K23,0) -> 0.41082034 | N23: 0.024028468 | O23: 0.011627823 | P23: =L23/M23-1 -> -0.50999099 | Q23: =H23/I23-1 -> 0.1585724 | R23: =J23/K23-1 -> 1.36439 | S23: =Q23-R23 -> -1.2058176
A24: BROAD SPECTRUM PENICILLIN | B24: BROAD SPECT PENICILL ORAL | C24: AMOXICILLIN | E24: Fimoxyl | F24: FIMOXYL S.Y | G24: AMOXICILLIN | H24: 133352 | I24: 136738 | J24: 569519 | K24: 534482 | L24: =IFERROR(H24/J24,0) -> 0.23414847 | M24: =IFERROR(I24/K24,0) -> 0.25583275 | N24: 0.18480994 | O24: 0.18096784 | P24: =L24/M24-1 -> -0.084759612 | Q24: =H24/I24-1 -> -0.024762685 | R24: =J24/K24-1 -> 0.06555319 | S24: =Q24-R24 -> -0.090315875
A25: BROAD SPECTRUM PENICILLIN | B25: BROAD SPECT PENICILL INJ | C25: PIPERACILLIN+TAZOBACTAM | E25: Brodactam | F25: BRODACTAM S.Y | G25: PIPERACILLIN+TAZOBACTAM | H25: 3398 | I25: 4142 | J25: 10903 | K25: 11239 | L25: =IFERROR(H25/J25,0) -> 0.31165734 | M25: =IFERROR(I25/K25,0) -> 0.36853813 | N25: 0.0035380431 | O25: 0.0038053621 | P25: =L25/M25-1 -> -0.15434165 | Q25: =H25/I25-1 -> -0.17962337 | R25: =J25/K25-1 -> -0.029895898 | S25: =Q25-R25 -> -0.14972747
A26: TOP CORTICOSTEROIDS COMBS | B26: WITH ANTIFUNGALS | C26: ECONAZOLE+TRIAMCINOLONE ACETONIDE | E26: Pevisone | F26: PEVISONE S.Y | G26: ECONAZOLE+TRIAMCINOLONE ACETONIDE | H26: 223369 | I26: 238247 | J26: 499511 | K26: 512919 | L26: =IFERROR(H26/J26,0) -> 0.44717534 | M26: =IFERROR(I26/K26,0) -> 0.46449244 | N26: 0.16957582 | O26: 0.21073055 | P26: =L26/M26-1 -> -0.037281784 | Q26: =H26/I26-1 -> -0.062447796 | R26: =J26/K26-1 -> -0.02614058 | S26: =Q26-R26 -> -0.036307216
A27: MED+NARROW SPECTRUM PENIC | B27: MED/NARROW SPECT PEN PLAI | C27: PENICILLIN V | D27: Oracyn-K | E27: Oracyn-K | F27: ORACYN K S.Y | G27: PENICILLIN V | H27: 72261 | I27: 48922 | J27: 467132 | K27: 309679 | L27: =IFERROR(H27/J27,0) -> 0.15469075 | M27: =IFERROR(I27/K27,0) -> 0.15797649 | N27: 0.15992999 | O27: 0.12775194 | P27: =L27/M27-1 -> -0.020798881 | Q27: =H27/I27-1 -> 0.47706553 | R27: =J27/K27-1 -> 0.50843938 | S27: =Q27-R27 -> -0.031373851 | T27: 2 | U27: 2
A28: DRUGS USED IN DIABETES | B28: BIGUANIDE A-DIABS PLAIN | C28: METFORMIN | E28: Metsa | F28: METSA S.Y | G28: METFORMIN | H28: 5123 | I28: 7928 | J28: 2471984 | K28: 2083144 | L28: =IFERROR(H28/J28,0) -> 0.0020724244 | M28: =IFERROR(I28/K28,0) -> 0.0038057859 | N28: 0.069729907 | O28: 0.065476512 | P28: =L28/M28-1 -> -0.45545428 | Q28: =H28/I28-1 -> -0.35380928 | R28: =J28/K28-1 -> 0.18666016 | S28: =Q28-R28 -> -0.54046945
A29: ANTIFUNGALS DERMATOLOGICL | B29: TOPICAL DERMAT ANTIFUNGAL | C29: LULICONAZOLE | D29: Luzol | E29: Luzol | F29: LUZOL S.Y | G29: LULICONAZOLE | H29: 8925 | I29: 6309 | J29: 995778 | K29: 648707 | L29: =IFERROR(H29/J29,0) -> 0.0089628411 | M29: =IFERROR(I29/K29,0) -> 0.0097255001 | N29: 0.37204692 | O29: 0.3182957 | P29: =L29/M29-1 -> -0.078418486 | Q29: =H29/I29-1 -> 0.41464574 | R29: =J29/K29-1 -> 0.53501966 | S29: =Q29-R29 -> -0.12037392 | T29: 14 | U29: 9
A30: OTHER ANTIBACTERIALS | B30: ALL OTHER ANTIBACTERIALS | C30: TEICOPLANIN | E30: Targocid | F30: TARGOCID S.Y | G30: TEICOPLANIN | H30: 0 | I30: 1006 | J30: 1269 | K30: 1979 | L30: =IFERROR(H30/J30,0) -> 0 | M30: =IFERROR(I30/K30,0) -> 0.50833754 | N30: 0.00048709374 | O30: 0.0010059217 | P30: =L30/M30-1 -> -1 | Q30: =H30/I30-1 -> -1 | R30: =J30/K30-1 -> -0.35876705 | S30: =Q30-R30 -> -0.64123295
A31: ANTISPASM+ANTICHOL PLAIN | B31: ANTISPASM+ANTICHOL PLAIN | C31: SCOPOLAMINE BUTYL HYDROXIDE | E31: Butapan | F31: BUTAPAN S.Y | G31: SCOPOLAMINE BUTYL HYDROXIDE | H31: 6463 | I31: 4104 | J31: 23175 | K31: 20297 | L31: =IFERROR(H31/J31,0) -> 0.2788781 | M31: =IFERROR(I31/K31,0) -> 0.20219737 | N31: 0.0097298604 | O31: 0.0095685231 | P31: =L31/M31-1 -> 0.37923704 | Q31: =H31/I31-1 -> 0.57480507 | R31: =J31/K31-1 -> 0.14179435 | S31: =Q31-R31 -> 0.43301071
A32: ANTIEMETICS+ANTINAUSEANTS | B32: OTHER A-EMETIC+A-NAUSEA | C32: PROCHLORPERAZINE | E32: Stemetil | F32: STEMETIL S.Y | G32: PROCHLORPERAZINE | H32: 22244 | I32: 30848 | J32: 102525 | K32: 99082 | L32: =IFERROR(H32/J32,0) -> 0.21696172 | M32: =IFERROR(I32/K32,0) -> 0.31133808 | N32: 0.05528489 | O32: 0.054615459 | P32: =L32/M32-1 -> -0.30313146 | Q32: =H32/I32-1 -> -0.27891598 | R32: =J32/K32-1 -> 0.034748996 | S32: =Q32-R32 -> -0.31366497
A33: ANTIEMETICS+ANTINAUSEANTS | B33: SEROT ANTAG A-EMET+A-NAUS | C33: QUETIAPINE | E33: Qpine | F33: QPINE S.Y | G33: QUETIAPINE | H33: 27012 | I33: 27214 | J33: 571056 | K33: 507352 | L33: =IFERROR(H33/J33,0) -> 0.047301841 | M33: =IFERROR(I33/K33,0) -> 0.053639288 | N33: 0.30793239 | O33: 0.2796599 | P33: =L33/M33-1 -> -0.11814935 | Q33: =H33/I33-1 -> -0.0074226501 | R33: =J33/K33-1 -> 0.12556174 | S33: =Q33-R33 -> -0.13298439
A34: ANTIPSYCHOTICS | B34: ATYPICAL ANTIPSYCHOTICS | C34: RISPERIDONE | D34: Sperdal | E34: Sperdal | F34: SPERDAL S.Y | G34: RISPERIDONE | H34: 18586 | I34: 17851 | J34: 423487 | K34: 404564 | L34: =IFERROR(H34/J34,0) -> 0.043888006 | M34: =IFERROR(I34/K34,0) -> 0.044124045 | N34: 0.24430693 | O34: 0.25886977 | P34: =L34/M34-1 -> -0.0053494335 | Q34: =H34/I34-1 -> 0.041174164 | R34: =J34/K34-1 -> 0.046773811 | S34: =Q34-R34 -> -0.0055996469 | T34: 8 | U34: 8
A35: POT SPARING AGENTS PLAIN | B35: THIAZIDES+ANALOGUES PLAIN | C35: FUROSEMIDE | E35: Lasix | F35: LASIX S.Y | G35: FUROSEMIDE | H35: 18014 | I35: 23558 | J35: 58958 | K35: 62813 | L35: =IFERROR(H35/J35,0) -> 0.30553954 | M35: =IFERROR(I35/K35,0) -> 0.37504975 | N35: 0.1389539 | O35: 0.21687175 | P35: =L35/M35-1 -> -0.18533598 | Q35: =H35/I35-1 -> -0.23533407 | R35: =J35/K35-1 -> -0.061372646 | S35: =Q35-R35 -> -0.17396142
A36: PSYCHOLEPTICS | B36: TRANQUILLIZERS | C36: CLOBAZAM | E36: Frisium | F36: FRISIUM S.Y | G36: CLOBAZAM | H36: 10401 | I36: 9701 | J36: 63625 | K36: 56337 | L36: =IFERROR(H36/J36,0) -> 0.16347348 | M36: =IFERROR(I36/K36,0) -> 0.17219589 | N36: 0.040495892 | O36: 0.036156757 | P36: =L36/M36-1 -> -0.050654026 | Q36: =H36/I36-1 -> 0.07215751 | R36: =J36/K36-1 -> 0.12936436 | S36: =Q36-R36 -> -0.057206851
A37: ECTOPARAS.INCL SCABICIDE | B37: ECTOPARAS.INCL SCABICIDE | C37: MEROPENEM | D37: Carbanem | E37: Carbanem | F37: CARBANEM S.Y | G37: MEROPENEM | H37: 2540 | I37: 3601 | J37: 608017 | K37: 475536 | L37: =IFERROR(H37/J37,0) -> 0.0041775148 | M37: =IFERROR(I37/K37,0) -> 0.0075725077 | N37: 0.5139246 | O37: 0.60286004 | P37: =L37/M37-1 -> -0.44833139 | Q37: =H37/I37-1 -> -0.29464038 | R37: =J37/K37-1 -> 0.278593 | S37: =Q37-R37 -> -0.57323338 | T37: 17 | U37: 17
A38: OTH B-LACTAM EX PEN,CEPH | B38: PENEMS AND CARBAPENEMS | C38: FAROPENEM | E38: Farpem | F38: FARPEM S.Y | G38: FAROPENEM | H38: 6394 | I38: 0 | J38: 485827 | K38: 87975 | L38: =IFERROR(H38/J38,0) -> 0.013161064 | M38: =IFERROR(I38/K38,0) -> 0 | N38: 0.44225715 | O38: 0.15274047 | P38: =L38/M38-1 -> #DIV/0! | Q38: =H38/I38-1 -> #DIV/0! | R38: =J38/K38-1 -> 4.5223302 | S38: =Q38-R38 -> #DIV/0!
A39: TRICHOMONACIDES+ANAEROBICIDES+AMOEBICIDES | B39: 0 | C39: METRONIDAZOLE | D39: Flagyl | E39: Flagyl | F39: FLAGYL S.Y | G39: METRONIDAZOLE | H39: 101262 | I39: 99826 | J39: 830325 | K39: 783295 | L39: =IFERROR(H39/J39,0) -> 0.12195466 | M39: =IFERROR(I39/K39,0) -> 0.12744368 | N39: 0.71277624 | O39: 0.70755007 | P39: =L39/M39-1 -> -0.043070217 | Q39: =H39/I39-1 -> 0.01438503 | R39: =J39/K39-1 -> 0.060041236 | S39: =Q39-R39 -> -0.045656206 | T39: 3 | U39: 3
A40: ANTIRHEUMATIC NON-STEROID+TOP A-RHEUMATICS & ANALG | B40: ANTIRHEUMATICS NON-S PLN+TOP A-RHEUMATICS & ANALG | C40: KETOPROFEN | D40: Profenid | E40: Profenid | F40: PROFENID S.Y | G40: KETOPROFEN+NAPROXEN+ACECLOFENAC+DICLOFENAC | H40: 137598 | I40: 139295 | J40: 4688862 | K40: 4367706 | L40: =IFERROR(H40/J40,0) -> 0.029345713 | M40: =IFERROR(I40/K40,0) -> 0.031892028 | N40: 0.41427984 | O40: 0.45312508 | P40: =L40/M40-1 -> -0.079841717 | Q40: =H40/I40-1 -> -0.012182778 | R40: =J40/K40-1 -> 0.073529674 | S40: =Q40-R40 -> -0.085712452 | T40: 9 | U40: 9
A41: ANGIOTEN-II ANTAG, COMB | B41: AT2 ANTG COMB OTH DRUGS | C41: SACUBITRIL+VALSARTAN | E41: Sacutril | F41: SACUTRIL S.Y | G41: AT2 ANTG COMB OTH DRUGS | H41: 6349 | I41: 2459 | J41: 1265337 | K41: 989387 | L41: =IFERROR(H41/J41,0) -> 0.0050176356 | M41: =IFERROR(I41/K41,0) -> 0.0024853773 | N41: 0.11761636 | O41: 0.1112461 | P41: =L41/M41-1 -> 1.0188627 | Q41: =H41/I41-1 -> 1.5819439 | R41: =J41/K41-1 -> 0.27891007 | S41: =Q41-R41 -> 1.3030338
A42: LIPID-REGULATING PRODS | B42: STATINS (HMG-COA RED) | C42: ROSUVASTATIN | E42: Rozenon | F42: ROZENON S.Y | G42: ROSUVASTATIN | H42: 33380 | I42: 26220 | J42: 6013377 | K42: 4776706 | L42: =IFERROR(H42/J42,0) -> 0.0055509575 | M42: =IFERROR(I42/K42,0) -> 0.0054891383 | N42: 0.5659903 | O42: 0.53166602 | P42: =L42/M42-1 -> 0.011262085 | Q42: =H42/I42-1 -> 0.27307399 | R42: =J42/K42-1 -> 0.25889619 | S42: =Q42-R42 -> 0.014177796
A43: RESPIRATORY SYSTEM | B43: ANTIHISTAMINES SYSTEMIC | C43: FEXOFENADINE | D43: Telfast | E43: Telfast | F43: TELFAST S.Y | G43: FEXOFENADINE | H43: 71797 | I43: 61647 | J43: 3475404 | K43: 3159382 | L43: =IFERROR(H43/J43,0) -> 0.020658605 | M43: =IFERROR(I43/K43,0) -> 0.01951236 | N43: 0.29963989 | O43: 0.2760037 | P43: =L43/M43-1 -> 0.058744565 | Q43: =H43/I43-1 -> 0.1646471 | R43: =J43/K43-1 -> 0.10002652 | S43: =Q43-R43 -> 0.064620579 | T43: 7 | U43: 7
A44: RESPIRATORY SYSTEM | B44: ANTIHISTAMINES SYSTEMIC | C44: DIPHENHYDRAMINE | E44: Avil | F44: AVIL S.Y | G44: ANTIHISTAMINES SYSTEMIC | H44: 57332 | I44: 64721 | J44: 10295291 | K44: 8930055 | L44: =IFERROR(H44/J44,0) -> 0.0055687595 | M44: =IFERROR(I44/K44,0) -> 0.0072475477 | N44: 0.29963989 | O44: 0.2760037 | P44: =L44/M44-1 -> -0.23163534 | Q44: =H44/I44-1 -> -0.11416696 | R44: =J44/K44-1 -> 0.15288103 | S44: =Q44-R44 -> -0.26704799
A45: HUMAN INSULIN+ANALOGUES | B45: H INSUL+ANA FAST ACT | C45: INSULIN GLULISINE | D45: Apidra | E45: Apidra | F45: APIDRA S.Y | G45: H INSUL+ANA FAST ACT | H45: 48977 | I45: 52981 | J45: 2013416 | K45: 2238792 | L45: =IFERROR(H45/J45,0) -> 0.024325326 | M45: =IFERROR(I45/K45,0) -> 0.023664994 | N45: 0.61024144 | O45: 0.62254534 | P45: =L45/M45-1 -> 0.027903298 | Q45: =H45/I45-1 -> -0.075574262 | R45: =J45/K45-1 -> -0.10066857 | S45: =Q45-R45 -> 0.025094312 | T45: 13 | U45: 13
A46: TOP ANTIPSORIASIS PRDS | B46: TOP ANTIPSORIASIS PRDS | C46: TAPINAROF | E46: VTAPA | F46: VTAPA S.Y | G46: TAPINAROF | H46: 2678 | I46: 896 | J46: 16861 | K46: 13097 | L46: =IFERROR(H46/J46,0) -> 0.15882806 | M46: =IFERROR(I46/K46,0) -> 0.068412614 | N46: 0.082652366 | O46: 0.070520897 | P46: =L46/M46-1 -> 1.3216196 | Q46: =H46/I46-1 -> 1.9888393 | R46: =J46/K46-1 -> 0.28739406 | S46: =Q46-R46 -> 1.7014452
A47: DIRECT FACTOR XA INHIBS | B47: DIRECT FACTOR XA INHIBS | C47: APIXABAN | D47: Copixa | E47: CopiXa | F47: COPIXA S.Y | G47: APIXABAN | H47: 391 | I47: 0 | J47: 31426 | K47: 21523 | L47: =IFERROR(H47/J47,0) -> 0.012441927 | M47: =IFERROR(I47/K47,0) -> 0 | N47: 0.16082413 | O47: 0.13882045 | P47: =L47/M47-1 -> #DIV/0! | Q47: =H47/I47-1 -> #DIV/0! | R47: =J47/K47-1 -> 0.46011244 | S47: =Q47-R47 -> #DIV/0! | T47: 3
A48: ANTITHROMBOTIC AGENTS | B48: FRACTIONATED HEPARINS | C48: ENOXAPARIN SODIUM | D48: Ovenox | E48: Ovenox | F48: OVENOX S.Y | G48: HEPARINS | H48: 388 | I48: 1029 | J48: 127894 | K48: 116709 | L48: =IFERROR(H48/J48,0) -> 0.0030337623 | M48: =IFERROR(I48/K48,0) -> 0.0088168008 | N48: 0.028968037 | O48: 0.028381738 | P48: =L48/M48-1 -> -0.65591121 | Q48: =H48/I48-1 -> -0.62293489 | R48: =J48/K48-1 -> 0.095836654 | S48: =Q48-R48 -> -0.71877154 | T48: 12 | U48: 8
A49: ACE INHIBITORS PLAIN | B49: ACE INHIBITORS PLAIN | C49: RAMIPRIL | E49: Tritace | F49: TRITACE S.Y | G49: RAMIPRIL | H49: 4421 | I49: 7247 | J49: =_xlfn.XLOOKUP($G49,[1]Sheet1!$C:$C,[1]Sheet1!D:D) -> 373675 | K49: =_xlfn.XLOOKUP($G49,[1]Sheet1!$C:$C,[1]Sheet1!E:E) -> 344035 | L49: =IFERROR(H49/J49,0) -> 0.011831137 | M49: =IFERROR(I49/K49,0) -> 0.021064717 | N49: 0.78426208 | O49: 0.73412614 | P49: =L49/M49-1 -> -0.43834344 | Q49: =H49/I49-1 -> -0.38995446 | R49: =J49/K49-1 -> 0.086154025 | S49: =Q49-R49 -> -0.47610849
A50: BROAD SPECTRUM PENICILLIN | B50: BROAD SPECTRUM PENICILLIN | C50: AMOXICILLIN+CLAVULANIC ACID | D50: Fimoxyclav | E50: Fimoxyclav | F50: FIMOXYCLAV S.Y | G50: AMOXICILLIN+CLAVULANIC ACID | H50: 209860 | I50: 245482 | J50: =_xlfn.XLOOKUP($G50,[1]Sheet1!$C:$C,[1]Sheet1!D:D) -> 2422475 | K50: =_xlfn.XLOOKUP($G50,[1]Sheet1!$C:$C,[1]Sheet1!E:E) -> 2278975 | L50: =IFERROR(H50/J50,0) -> 0.086630409 | M50: =IFERROR(I50/K50,0) -> 0.10771597 | N50: 0.7860975 | O50: 0.77162782 | P50: =L50/M50-1 -> -0.19575148 | Q50: =H50/I50-1 -> -0.14511044 | R50: =J50/K50-1 -> 0.062966904 | S50: =Q50-R50 -> -0.20807734 | T50: 4 | U50: 3
A51: ANTI-EPILEPTICS | B51: ANTI-EPILEPTICS | C51: VALPROIC ACID | D51: Epilim | E51: Epilim | F51: EPILIM CHRONO S.Y | G51: VALPROIC ACID | H51: 165324 | I51: 140113 | J51: =_xlfn.XLOOKUP($G51,[1]Sheet1!$C:$C,[1]Sheet1!D:D) -> 1015206 | K51: =_xlfn.XLOOKUP($G51,[1]Sheet1!$C:$C,[1]Sheet1!E:E) -> 952481 | L51: =IFERROR(H51/J51,0) -> 0.16284774 | M51: =IFERROR(I51/K51,0) -> 0.1471032 | N51: 0.13182819 | O51: 0.13850445 | P51: =L51/M51-1 -> 0.10703058 | Q51: =H51/I51-1 -> 0.17993334 | R51: =J51/K51-1 -> 0.065854332 | S51: =Q51-R51 -> 0.11407901 | T51: 2 | U51: 2
A52: VIRAL VACCINES | B52: VIRAL VACCINES | C52: INFLUENZA VACCINES | D52: Vaxigrip | E52: Vaxigrip Tetra SH | F52: VAXIGRIP S.Y | G52: INFLUENZA VACCINES | H52: 2854 | I52: 4680 | J52: =_xlfn.XLOOKUP($G52,[1]Sheet1!$C:$C,[1]Sheet1!D:D) -> 66793 | K52: =_xlfn.XLOOKUP($G52,[1]Sheet1!$C:$C,[1]Sheet1!E:E) -> 53694 | L52: =IFERROR(H52/J52,0) -> 0.042729028 | M52: =IFERROR(I52/K52,0) -> 0.087160577 | N52: 0.14674717 | O52: 0.12508794 | P52: =L52/M52-1 -> -0.50976657 | Q52: =H52/I52-1 -> -0.39017094 | R52: =J52/K52-1 -> 0.24395649 | S52: =Q52-R52 -> -0.63412743
A53: MACROLIDES & SIMILAR TYPE | B53: MACROLIDES & SIMILAR TYPE | C53: AZITHROMYCIN | E53: Curazith | F53: CURAZITH S.Y | G53: AZITHROMYCIN | H53: 35330 | I53: 30529 | J53: =_xlfn.XLOOKUP($G53,[1]Sheet1!$C:$C,[1]Sheet1!D:D) -> 3317343 | K53: =_xlfn.XLOOKUP($G53,[1]Sheet1!$C:$C,[1]Sheet1!E:E) -> 3681081 | L53: =IFERROR(H53/J53,0) -> 0.01065009 | M53: =IFERROR(I53/K53,0) -> 0.0082934877 | N53: 0.74424392 | O53: 0.77560172 | P53: =L53/M53-1 -> 0.28415088 | Q53: =H53/I53-1 -> 0.15726031 | R53: =J53/K53-1 -> -0.098812822 | S53: =Q53-R53 -> 0.25607313
A54: ANTIHISTAMINES SYSTEMIC | B54: ANTIHISTAMINES SYSTEMIC | C54: SYSTEMIC NASAL PREPS | D54: Phenergan Plus | E54: Phenergan Plus | F54: PHENERGAN PLUS S.Y | G54: SYSTEMIC NASAL PREPS+SELECTED ANTITUSSIVES | H54: 13415 | I54: 21338 | J54: 461623 | K54: 531454 | L54: =IFERROR(H54/J54,0) -> 0.02906051 | M54: =IFERROR(I54/K54,0) -> 0.040150229 | N54: 0.0016110278 | O54: 0.0030610114 | P54: =L54/M54-1 -> -0.27620562 | Q54: =H54/I54-1 -> -0.3713094 | R54: =J54/K54-1 -> -0.13139613 | S54: =Q54-R54 -> -0.23991327 | T54: 1 | U54: 1
A55: HYPERKAL.HYPERPHOS.PRODS | B55: HYPERKAL.HYPERPHOS.PRODS | C55: SEVELAMER | E55: Renvela | F55: RENVELA S.Y | G55: SEVELAMER | J55: =_xlfn.XLOOKUP($G55,[1]Sheet1!$C:$C,[1]Sheet1!D:D) -> 135028 | K55: =_xlfn.XLOOKUP($G55,[1]Sheet1!$C:$C,[1]Sheet1!E:E) -> 118606 | L55: =IFERROR(H55/J55,0) -> 0 | M55: =IFERROR(I55/K55,0) -> 0 | N55: 0.68457689 | O55: 0.75204646 | P55: =L55/M55-1 -> #DIV/0! | Q55: =H55/I55-1 -> #DIV/0! | R55: =J55/K55-1 -> 0.13845843 | S55: =Q55-R55 -> #DIV/0!
A56: HYPNOTICS & SEDATIVES | B56: HYPNOTICS & SEDATIVES | C56: ZOPICLONE | E56: Imovane | F56: IMOVANE S.Y | G56: ZOPICLONE | H56: 155 | I56: 368 | J56: =_xlfn.XLOOKUP($G56,[1]Sheet1!$C:$C,[1]Sheet1!D:D) -> 162 | K56: =_xlfn.XLOOKUP($G56,[1]Sheet1!$C:$C,[1]Sheet1!E:E) -> 368 | L56: =IFERROR(H56/J56,0) -> 0.95679012 | M56: =IFERROR(I56/K56,0) -> 1 | N56: 0.00057862309 | O56: 0.0013417827 | P56: =L56/M56-1 -> -0.043209877 | Q56: =H56/I56-1 -> -0.57880435 | R56: =J56/K56-1 -> -0.55978261 | S56: =Q56-R56 -> -0.019021739

Sheet Phenergan Plus selected Market
A1: Phenergan Plus Market | B1: MAT Q2'25 | C1: MAT Q2'24
A2: DEXTROMETHORPHAN+PHENYLEPHRINE+TRIPROLIDINE | B2: 425499 | C2: 478995
A3: DEXTROMETHORPHAN+PSEUDOEPHEDRINE+TRIPROLIDINE | B3: 10974 | C3: 15309
A4: DEXTROMETHORPHAN+GUAIFENESIN | B4: 1653 | C4: 2551
A5: DIPHENHYDRAMINE+GUAIFENESIN+LEVOMENTHOL | B5: 6911 | C5: 7264
A6: SYSTEMIC NASAL PREPS | B6: 16586 | C6: 27335
B7: =SUM(B2:B6) -> 461623 | C7: =SUM(C2:C6) -> 531454

Sheet Sheet2
A1: Enterogermina | B1: 1 | C1: 1
A2: Lantus | B2: 1 | C2: 1
A3: Toujeo | B3: 7 | C3: 7
A4: Synkolin | B4: 16 | C4: 9
A5: Amaryl | B5: 4 | C5: 4
A6: Oracyn-K | B6: 2 | C6: 2
A7: Luzol | B7: 14 | C7: 10
A8: Sperdal | B8: 8 | C8: 8
A9: Carbanem | B9: 0.17 | C9: 0.16
A10: Flagyl | B10: 0.02 | C10: 0.02
A11: Profenid | B11: 0.01 | C11: 0.01
A12: Telfast | B12: 0.26 | C12: 0.26
... A18: Phenergan Plus | B18: 0.01 | C18: 0.01

Sheet Profenid selected mkt
A1: Generic Name | B1: MAT Q2'25 | C1: MAT Q2'24
A2: Aceclofenac | B2: 1421771 | C2: 1305010
A3: Diclofenac | B3: =1301355+363434 -> 1664789 | C3: =1393850+301917 -> 1695767
A4: Diclofenac Sodium+Misoprostol | B4: 12 | C4: 486
A5: Diclofenac+Lidocaine Hydrochloride | B5: 10052 | C5: 13764
A6: Diclofenac+Liseed Oil+Methyl salicylate+Menthol | B6: 0 | C6: 0
A7: Ketoprofen | B7: =156457+339+21342 -> 178138 | C7: =156668+308+27885 -> 184861
A8: Naproxen | B8: =7041+1407059 -> 1414100 | C8: =10773+1157045 -> 1167818
B9: =SUM(B2:B8) -> 4688862 | C9: =SUM(C2:C8) -> 4367706
B11: 4811758 | C11: 4480310
B12: =B9-B11 -> -122896 | C12: =C9-C11 -> -112604
