Workbook

Sheet Q3_Feb Mar-26 TGT
K1: =5.5/6 -> 0.91666667 | Z1: 1.01
A2: Q3'25-26 National SKU Target Proposal | Z2: Landing Ach. | AF2: BO&S proposal | AK2: Review by Marketing
A3: Feb-Mar'26 | J3: Q1'25-26 target | N3: Sales Trend | Y3: =Y4/L4 -> 0.87864702 | Z3: =Z4/AO4 -> 0.81727057 | AB3: Q2'25-26 Budget | AK3: Q3'25-26 target Qty | AO3: Q3'25-26 target
J4: =SUBTOTAL(9,J6:J156) -> 4.2476172e+08 | K4: =SUBTOTAL(9,K6:K156) -> 4.3765924e+08 | L4: =SUBTOTAL(9,L6:L156) -> 4.3086719e+08 | N4: =SUBTOTAL(9,N6:N156) -> 3.4643831e+08 | O4: =SUBTOTAL(9,O6:O156) -> 3.0649769e+08 | P4: =SUBTOTAL(9,P6:P156) -> 3.5624875e+08 | Q4: =SUBTOTAL(9,Q6:Q156) -> 3.3397016e+08 | R4: =SUBTOTAL(9,R6:R156) -> 3.1209075e+08 | S4: =SUBTOTAL(9,S6:S156) -> 3.3058125e+08 | T4: =SUBTOTAL(9,T6:T156) -> 3.7907077e+08 | U4: =SUBTOTAL(9,U6:U156) -> 401684901 | ... Z4: =SUBTOTAL(9,Z6:Z156) -> 3.5150147e+08 | AB4: =SUBTOTAL(9,AB6:AB156) -> 4.0073121e+08 | AC4: =SUBTOTAL(9,AC6:AC156) -> 3.84224e+08 | AD4: =SUBTOTAL(9,AD6:AD156) -> 3.8999798e+08 | AF4: =SUBTOTAL(9,AF6:AF156) -> 4.1326145e+08 | AG4: =SUBTOTAL(9,AG6:AG156) -> 4.3126865e+08 | AH4: =SUBTOTAL(9,AH6:AH156) -> 3.9088161e+08 | AI4: =SUBTOTAL(9,AI6:AI156) -> 4.1763411e+08 | AK4: =SUBTOTAL(9,AK6:AK156) -> 2100333.9 | AL4: =SUBTOTAL(9,AL6:AL156) -> 1915582 | AM4: =SUBTOTAL(9,AM6:AM156) -> 2110843 | AO4: =SUBTOTAL(9,AO6:AO156) -> 4.3009192e+08 | AP4: =SUBTOTAL(9,AP6:AP156) -> 3.9640319e+08 | AQ4: =SUBTOTAL(9,AQ6:AQ156) -> 4.2196778e+08
A5: Family | B5: Product Id | C5: P Code | D5: Product Name | E5: TP | F5: Group | G5: Sales Line | H5: Product Type | J5: Oct'25 | K5: Nov'25 | L5: Dec'25 | N5: 2025, Jan_S | O5: 2025, Feb_S | P5: 2025, Mar_S | Q5: 2025, Apr_S | R5: 2025, May_S | S5: 2025, Jun_S | T5: 2025, Jul_S | U5: 2025, Aug_S | V5: 2025, Sep_S | W5: 2025, Oct_S | X5: 2025, Nov_S | Y5: 2025, Dec_S | Z5: 2026, Jan Landing | AB5: Jan'26 | AC5: Feb'26 | AD5: Mar'26 | AF5: Q3 Review | AG5: Jan'26 | AH5: Feb'26 | AI5: Mar'26 | AK5: Jan'26 | AL5: Feb'26 | AM5: Mar'26 | AO5: Jan'26 | AP5: Feb'26 | AQ5: Mar'26
A6: Avil | B6: 327131 | C6: 513 | D6: Avil 22.7mg Tab 20x15's | E6: 340.59 | F6: ACC | G6: SYNGENA | H6: Regular Brands | J6: 6055545.1 | K6: 6214064.6 | L6: 6142540.6 | N6: 4128628.1 | O6: 3596289.7 | P6: 4593192.6 | Q6: 4513497.9 | R6: 4357163.6 | S6: 5530500.4 | T6: 5746775.1 | U6: 5672179 | V6: 5373489 | W6: 5369060.8 | X6: 4566971.3 | Y6: 3799962.6 | Z6: 3686916.2 | AB6: 6011952.7 | AC6: 5677955.3 | AD6: 5343957.9 | AF6: =IFERROR(SUM(AG6:AI6)/3,0) -> 5615977.7 | AG6: 5884712.9 | AH6: 5296241.6 | AI6: 5666978.5 | AK6: 16500 | AL6: 14829 | AM6: 16034 | AO6: 5619735 | AP6: =AL6*$E6 -> 5050609.1 | AQ6: =AM6*$E6 -> 5461020.1
A7: Avil | B7: 334946 | C7: 515 | D7: Avil 75ml Syp 1 Bot | E7: 18.8 | F7: ACC | G7: SYNGENA | H7: Regular Brands | J7: 562363.81 | K7: 515383.19 | L7: 508596.4 | N7: 413276.21 | O7: 393333.57 | P7: 468759.16 | Q7: 448831.16 | R7: 420217.59 | S7: 462724.4 | T7: 454114 | U7: 470442 | V7: 418375 | W7: 484833.17 | X7: 455636.83 | Y7: 386828.86 | Z7: 329611.3 | AB7: 442466.35 | AC7: 405594.15 | AD7: 368721.96 | AF7: =IFERROR(SUM(AG7:AI7)/3,0) -> 468857.43 | AG7: 491293.16 | AH7: 442163.84 | AI7: 473115.31 | AK7: 26133 | AL7: 23251 | AM7: 23049 | AO7: 491300.4 | AP7: =AL7*$E7 -> 437118.8 | AQ7: =AM7*$E7 -> 433321.2
A8: Avil | B8: 373259 | C8: 514 | D8: Avil 2ml Inj 5x5's Amp | E8: 141.54 | F8: ACC | G8: SYNGENA | H8: Regular Brands | J8: 993786.74 | K8: 1291835.7 | L8: 1148738.6 | N8: 1077542.2 | O8: 939252.35 | P8: 965018.25 | Q8: 1048811.3 | R8: 868914.02 | S8: 1021777.3 | T8: 1163600.3 | U8: 1180305 | V8: 1312501 | W8: 1208468.6 | X8: 1026589.7 | Y8: 956385.83 | Z8: 863619.72 | AB8: 832801.69 | AC8: 763401.55 | AD8: 694001.41 | AF8: =IFERROR(SUM(AG8:AI8)/3,0) -> 1095504.9 | AG8: 1147926.9 | AH8: 1033134.2 | AI8: 1105453.6 | AK8: 8000 | AL8: 6920 | AM8: 6013 | AO8: 1132320 | AP8: =AL8*$E8 -> 979456.8 | AQ8: =AM8*$E8 -> 851080.02
A9: Monfast | B9: 4011000142 | C9: 778 | D9: Monfast 4 mg ODT 3 x 10's | E9: 157.42 | F9: ACC | G9: SYNGENA | H9: New Product | J9: 459509.04 | K9: 396383.5 | L9: 358602.76 | N9: 312950.96 | O9: 333100.72 | P9: 344907.22 | Q9: 248566.18 | R9: 198506.62 | S9: 191422.72 | T9: 224008.66 | U9: 255001 | V9: 199136 | W9: 246204.85 | X9: 341601.46 | Y9: 401263.61 | Z9: 362877.87 | AB9: 448047.17 | AC9: 371239.08 | AD9: 371239.08 | AF9: =IFERROR(SUM(AG9:AI9)/3,0) -> 434306.15 | AG9: 434306.15 | AH9: 421276.97 | AI9: 447335.34 | AK9: 2945.0915 | AL9: 2175 | AM9: 2228 | AO9: 463616.3 | AP9: =AL9*$E9 -> 342388.5 | AQ9: =AM9*$E9 -> 350731.76
A10: Monfast | B10: 4011000143 | C10: 779 | D10: Monfast 5 mg ODT 3 x 10's | E10: 202.4 | F10: ACC | G10: SYNGENA | H10: New Product | J10: 492236.79 | K10: 169813.61 | L10: 153621.6 | N10: 154633.6 | O10: 224461.6 | P10: 178112 | Q10: 149978.4 | R10: 121035.2 | S10: 106057.6 | T10: 156657.6 | U10: 193472 | V10: 137632 | W10: 153824.01 | X10: 201185.62 | Y10: 200983.17 | Z10: 194710.4 | AB10: 362100.37 | AC10: 263345.72 | AD10: 263345.72 | AF10: =IFERROR(SUM(AG10:AI10)/3,0) -> 225186.14 | AG10: 225186.14 | AH10: 218430.55 | AI10: 231941.72 | AK10: 736.27287 | AL10: 643 | AM10: 658 | AO10: 149021.63 | AP10: =AL10*$E10 -> 130143.2 | AQ10: =AM10*$E10 -> 133179.2
A11: Monfast | B11: 4011000144 | C11: 780 | D11: Monfast 10 mg Tab. 3 x 10's | E11: 393.55 | F11: ACC | G11: SYNGENA | H11: New Product | J11: 2680469.2 | K11: 3633647.1 | L11: 3287716.7 | N11: 1150740.2 | O11: 1180256.5 | P11: 1199146.9 | Q11: 1048810.8 | R11: 928384.45 | S11: 997649.25 | T11: 1110204.5 | U11: 1432152 | V11: 1195999 | W11: 1262508.5 | X11: 1331773.3 | Y11: 1528941.8 | Z11: 1517668 | AB11: 1536161.7 | AC11: 1280134.8 | AD11: 1280134.8 | AF11: =IFERROR(SUM(AG11:AI11)/3,0) -> 3254447 | AG11: 3254447 | AH11: 3156813.6 | AI11: 3352080.4 | AK11: 8099.0016 | AL11: 6525 | AM11: 6683 | AO11: 3187362.1 | AP11: =AL11*$E11 -> 2567913.8 | AQ11: =AM11*$E11 -> 2630094.6
A12: Phenergan Plus | B12: 352704 | C12: 759 | D12: Phenergan plus 100ml Syp 1 Bot | E12: 69.72 | F12: ACC | G12: SYNGENA | H12: New Product | J12: 3834597.2 | K12: 4509629.1 | L12: 4200002.5 | N12: 3150690.2 | O12: 2813019 | P12: 3130326.6 | Q12: 2299226 | R12: 1819620.1 | S12: 1735749.1 | T12: 2321536.6 | U12: 3007308 | V12: 2365669 | W12: 2570437 | X12: 3263802.4 | Y12: 3975155.6 | Z12: 3198762.3 | AB12: 4179401.6 | AC12: 3582344.3 | AD12: 2985286.9 | AF12: =IFERROR(SUM(AG12:AI12)/3,0) -> 4506002.6 | AG12: 4506002.6 | AH12: 4370822.5 | AI12: 4641182.7 | AK12: 76500 | AL12: 64259 | AM12: 65821 | AO12: 5333580 | AP12: =AL12*$E12 -> 4480137.5 | AQ12: =AM12*$E12 -> 4589040.1
A13: Telfast | B13: 330987 | C13: 674 | D13: Telfast 50ml Susp | E13: 52.47 | F13: ACC | G13: SYNGENA | H13: Regular Brands | J13: 1357025.8 | K13: 1573050.6 | L13: 1482015.1 | N13: 1029459.8 | O13: 1034445.7 | P13: 1197468.8 | Q13: 988482 | R13: 879869.25 | S13: 850276.35 | T13: 1117820.9 | U13: 1268941 | V13: 982659 | W13: 1118922.9 | X13: 1340451.2 | Y13: 1399322.5 | Z13: 1259818.2 | AB13: 1130706.1 | AC13: 1002216.7 | AD13: 1002216.7 | AF13: =IFERROR(SUM(AG13:AI13)/3,0) -> 1483398.3 | AG13: 1554381.7 | AH13: 1398943.6 | AI13: 1496869.6 | AK13: 29217.391 | AL13: 25209 | AM13: 26329 | AO13: 1533036.5 | AP13: =AL13*$E13 -> 1322716.2 | AQ13: =AM13*$E13 -> 1381482.6
A14: Telfast | B14: 346157 | C14: 671 | D14: TELFAST 120mg Tab 5 X 10s | E14: 375 | F14: ACC | G14: SYNGENA | H14: Regular Brands | J14: 5414058.2 | K14: 6423750.7 | L14: 6619875 | N14: 4221741.6 | O14: 3640124.5 | P14: 4386733.8 | Q14: 3681748.5 | R14: 3566994.9 | S14: 3771000 | T14: 4510875 | U14: 5229764 | V14: 4596751 | W14: 4807125 | X14: 5080500 | Y14: 5182875 | Z14: 4473836.5 | AB14: 4995582.7 | AC14: 4775189.3 | AD14: 4775189.3 | AF14: =IFERROR(SUM(AG14:AI14)/3,0) -> 6499606.5 | AG14: 6810625 | AH14: 6129562.5 | AI14: 6558631.9 | AK14: 19826.087 | AL14: 15817 | AM14: 16708 | AO14: 7434782.6 | AP14: =AL14*$E14 -> 5931375 | AQ14: =AM14*$E14 -> 6265500
A15: Telfast | B15: 346158 | C15: 673 | D15: TELFAST 180mg Tab 3 X 10s | E15: 292.5 | F15: ACC | G15: SYNGENA | H15: Regular Brands | J15: 2590683.3 | K15: 3006314.9 | L15: 3098160 | N15: 1957116.2 | O15: 1659059.2 | P15: 2024680.4 | Q15: 1717558.5 | R15: 1683335.6 | S15: 1729260 | T15: 2168595 | U15: 2444802 | V15: 2314262 | W15: 2380950.1 | X15: 2495610.1 | Y15: 2433015 | Z15: 2216047.1 | AB15: 2206137.5 | AC15: 2091532.9 | AD15: 2091532.9 | AF15: =IFERROR(SUM(AG15:AI15)/3,0) -> 3071529.2 | AG15: 3218507.8 | AH15: 2896657 | AI15: 3099423 | AK15: 10434.783 | AL15: 8403 | AM15: 9114 | AO15: 3052173.9 | AP15: =AL15*$E15 -> 2457877.5 | AQ15: =AM15*$E15 -> 2665845
A16: Doxovia | B16: 4011000160 | C16: 798 | D16: Doxovia 200 mg Tab 6x10's | E16: 292.2 | F16: ACC | G16: SYNGENA | H16: New Product | J16: 1314899.6 | K16: 1461000.3 | L16: 1391456.4 | N16: 0 | O16: 0 | P16: 0 | Q16: 0 | R16: 0 | S16: 0 | T16: 775206.6 | U16: 709460 | V16: 598134 | W16: 586445.44 | X16: 757382.4 | Y16: 866665.2 | Z16: 748461.86 | AB16: 800000 | AC16: 800000 | AD16: 800000 | AF16: =IFERROR(SUM(AG16:AI16)/3,0) -> 1592120 | AG16: 1592120 | AH16: 1544356.4 | AI16: 1639883.6 | AK16: 6451.3275 | AL16: 5932 | AM16: 6013 | AO16: 1885077.9 | AP16: =AL16*$E16 -> 1733330.4 | AQ16: =AM16*$E16 -> 1756998.6
A17: Doxovia | B17: 4011000161 | C17: 799 | D17: Doxovia 400 mg Tab 3x10's | E17: 225 | F17: ACC | G17: SYNGENA | H17: New Product | J17: 450000.26 | K17: 270000.18 | L17: 257175 | N17: 0 | O17: 0 | P17: 0 | Q17: 0 | R17: 0 | S17: 0 | T17: 126900 | U17: 55352 | V17: 36900 | W17: 31274.99 | X17: 40500 | Y17: 42975 | Z17: 44938.089 | AB17: 266666.67 | AC17: 266666.67 | AD17: 266666.67 | AF17: =IFERROR(SUM(AG17:AI17)/3,0) -> 246990.11 | AG17: 246990.11 | AH17: 239580.41 | AI17: 254399.82 | AK17: 368.64729 | AL17: 395 | AM17: 401 | AO17: 82945.639 | AP17: =AL17*$E17 -> 88875 | AQ17: =AM17*$E17 -> 90225
A18: Doxovia | B18: 4011000164 | C18: 800 | D18: Doxovia 100 ml Syrup | E18: 82.46 | F18: ACC | G18: SYNGENA | H18: New Product | J18: 247379.98 | K18: 371070.04 | L18: 353423.56 | N18: 0 | O18: 0 | P18: 0 | Q18: 0 | R18: 0 | S18: 0 | T18: 142325.96 | U18: 231773 | V18: 180010 | W18: 295784.03 | X18: 430523.7 | Y18: 312935.72 | Z18: 219728.08 | AB18: 266666.67 | AC18: 266666.67 | AD18: 266666.67 | AF18: =IFERROR(SUM(AG18:AI18)/3,0) -> 461006.51 | AG18: 461006.51 | AH18: 447176.31 | AI18: 474836.71 | AK18: 6451.3275 | AL18: 5932 | AM18: 6013 | AO18: 531976.47 | AP18: =AL18*$E18 -> 489152.72 | AQ18: =AM18*$E18 -> 495831.98
A19: Brodactam | B19: 325054 | C19: 523 | D19: Brodactam 4.5g Inj 1 Com | E19: 751.88 | F19: ABT | G19: SYNGENA | H19: Regular Brands | J19: 8387540.8 | K19: 8387972.9 | L19: 8387221.4 | N19: 5832333.1 | O19: 9031582.5 | P19: 9501507.5 | Q19: 6863912.6 | R19: 6148874.6 | S19: 5873686.5 | T19: 7060905 | U19: 8609780 | V19: 8341356 | W19: 7845867.8 | X19: 9341357.2 | Y19: 14745119 | Z19: 7657373.3 | AB19: 7798644.5 | AC19: 7430783.9 | AD19: 7467569.9 | AF19: 8235732.9 | AG19: 8629828.4 | AH19: 7766845.6 | AI19: 8310524.8 | AK19: 10449.291 | AL19: 10330 | AM19: 11024 | AO19: 7856612.9 | AP19: =AL19*$E19 -> 7766920.4 | AQ19: =AM19*$E19 -> 8288725.1
A20: Brodactam | B20: 4011000127 | C20: 761 | D20: BRODACTAM 2.25 gm Inj 1 Com | E20: 451.27 | F20: ABT | G20: SYNGENA | H20: Regular Brands | J20: 2155265.6 | K20: 2155265.4 | L20: 2155265.5 | N20: 2257252.5 | O20: 1909323.4 | P20: 2109687.2 | Q20: 1315000.8 | R20: 1475652.9 | S20: 1643976.6 | T20: 2274852.1 | U20: 2480182 | V20: 2531624 | W20: 2431442.8 | X20: 2430991.6 | Y20: 2592546.2 | Z20: 1832640 | AB20: 1814859.5 | AC20: 1722129.4 | AD20: 1744208 | AF20: 2203641.1 | AG20: 2309089.6 | AH20: 2078180.6 | AI20: 2223653.3 | AK20: 4749.6777 | AL20: 4605 | AM20: 5011 | AO20: 2143387.1 | AP20: =AL20*$E20 -> 2078098.3 | AQ20: =AM20*$E20 -> 2261314
A21: Carbanem | B21: 314547 | C21: 528 | D21: Carbanem 500mg Inj 1 Com | E21: 526.32 | F21: ABT | G21: SYNGENA | H21: Regular Brands | J21: 2600020.8 | K21: 2412650.7 | L21: 2412650.9 | N21: 2501599 | O21: 2488967.3 | P21: 1822119.8 | Q21: 2488441 | R21: 1590012.7 | S21: 1266325.9 | T21: 2242649.5 | U21: 2238965 | V21: 2742127 | W21: 2409493 | X21: 1970542.1 | Y21: 2076332.4 | Z21: 2331017.8 | AB21: 2465780.1 | AC21: 2260298.4 | AD21: 2301394.7 | AF21: 2280352.4 | AG21: 2389471.6 | AH21: 2150524.5 | AI21: 2301061.2 | AK21: 4297.0737 | AL21: 4297 | AM21: 4306 | AO21: 2261635.8 | AP21: =AL21*$E21 -> 2261597 | AQ21: =AM21*$E21 -> 2266333.9
A22: Carbanem | B22: 314548 | C22: 527 | D22: Carbanem 1gm Inj 1 Com | E22: 977.44 | F22: ABT | G22: SYNGENA | H22: Regular Brands | J22: 8201700 | K22: 8680644.7 | L22: 8680644.6 | N22: 8486964.9 | O22: 7294634.7 | P22: 8795005.1 | Q22: 5956519.4 | R22: 8347337.6 | S22: 5070958.7 | T22: 7135312 | U22: 9194778 | V22: 8653277 | W22: 11659882 | X22: 6549825.4 | Y22: 7525310.5 | Z22: 5150529.3 | AB22: 7785722.4 | AC22: 7126461.4 | AD22: 7269563.1 | AF22: 8306349.3 | AG22: 8703823.9 | AH22: 7833441.5 | AI22: 8381782.4 | AK22: 8428.5114 | AL22: 8429 | AM22: 8447 | AO22: 8238364.2 | AP22: =AL22*$E22 -> 8238841.8 | AQ22: =AM22*$E22 -> 8256435.7
A23: Curazith | B23: 321870 | C23: 538 | D23: Curazith 250mg Tab 1x6's | E23: 90.23 | F23: ABT | G23: SYNGENA | H23: Regular Brands | J23: 1874600.5 | K23: 1718791.3 | L23: 1714370 | N23: 724998.05 | O23: 833454.51 | P23: 1175516.4 | Q23: 1007147.3 | R23: 1044412.3 | S23: 1514059.4 | T23: 2774753 | U23: 2148015 | V23: 1272062 | W23: 1075902.5 | X23: 1273776.9 | Y23: 1048833.5 | Z23: 843991.6 | AB23: 1205344.8 | AC23: 1205344.8 | AD23: 1068373.8 | AF23: 1581283.8 | AG23: 1656951.2 | AH23: 1491256.1 | AI23: 1595644 | AK23: 18364 | AL23: 11550 | AM23: 12101 | AO23: 1656983.7 | AP23: =AL23*$E23 -> 1042156.5 | AQ23: =AM23*$E23 -> 1091873.2
A24: Curazith | B24: 321871 | C24: 540 | D24: Curazith 500mg Tab 2x6's | E24: 315.79 | F24: ABT | G24: SYNGENA | H24: Regular Brands | J24: 3643194.3 | K24: 3288637.1 | L24: 3284216 | N24: 2419583 | O24: 2483356.8 | P24: 3231794.9 | Q24: 2716425.6 | R24: 2765373 | S24: 4281480.8 | T24: 7113169.7 | U24: 6473398 | V24: 3597795 | W24: 3164847.4 | X24: 3823585.4 | Y24: 3621479.8 | Z24: 2743067.7 | AB24: 3131921.4 | AC24: 3131921.4 | AD24: 2780379.2 | AF24: 3384560.5 | AG24: 3546518.2 | AH24: 3191866.4 | AI24: 3415297 | AK24: 11231 | AL24: 11550 | AM24: 12101 | AO24: 3546637.5 | AP24: =AL24*$E24 -> 3647374.5 | AQ24: =AM24*$E24 -> 3821374.8
A25: Fimoxyclav | B25: 341324 | C25: 559 | D25: FIMOXYCLAV 100ml Sus | E25: 184.21 | F25: ABT | G25: SYNGENA | H25: Regular Brands | J25: 2749724.4 | K25: 2816570.8 | L25: 2883991.8 | N25: 1494125.3 | O25: 1832705 | P25: 2279782.6 | Q25: 1772284.1 | R25: 1605942.5 | S25: 1423206.5 | T25: 2009731.1 | U25: 2224525 | V25: 1751652 | W25: 2267809.4 | X25: 2971491.6 | Y25: 2691492.4 | Z25: 2213610.9 | AB25: 2195708.7 | AC25: 2066549.4 | AD25: 2110188.6 | AF25: 2683532.3 | AG25: 2811944.4 | AH25: 2530750 | AI25: 2707902.5 | AK25: 14700 | AL25: 14175 | AM25: 15784 | AO25: 2707887 | AP25: =AL25*$E25 -> 2611176.8 | AQ25: =AM25*$E25 -> 2907570.6
A26: Fimoxyclav | B26: 341325 | C26: 563 | D26: Fimoxyclav 375mg Tab 5x6's | E26: 563.91 | F26: ABT | G26: SYNGENA | H26: Regular Brands | J26: 2061801.2 | K26: 2172180.9 | L26: 2287219 | N26: 1596417.6 | O26: 1708647.1 | P26: 1800564.5 | Q26: 1525376.4 | R26: 1530451.2 | S26: 1555263.8 | T26: 2327820.5 | U26: 2533094 | V26: 2020490 | W26: 2100000.9 | X26: 2242106.3 | Y26: 2125940.7 | Z26: 1729760.5 | AB26: 1967730 | AC26: 1858411.6 | AD26: 1886229.3 | AF26: 2282439.5 | AG26: 2391658.6 | AH26: 2152492.7 | AI26: 2303167.2 | AK26: 4084 | AL26: 3990 | AM26: 4419 | AO26: 2303008.4 | AP26: =AL26*$E26 -> 2250000.9 | AQ26: =AM26*$E26 -> 2491918.3
A27: Fimoxyclav | B27: 341326 | C27: 565 | D27: FIMOXYCLAV 625mg Tab 5x6's | E27: 721.8 | F27: ABT | G27: SYNGENA | H27: Regular Brands | J27: 15766016 | K27: 16093254 | L27: 16421672 | N27: 13414615 | O27: 13248529 | P27: 13422548 | Q27: 13456515 | R27: 11347416 | S27: 11114998 | T27: 16063659 | U27: 18563972 | V27: 14849594 | W27: 15525196 | X27: 16818662 | Y27: 16919714 | Z27: 14377696 | AB27: 15486891 | AC27: 14578774 | AD27: 14867706 | AF27: 16454006 | AG27: 17241361 | AH27: 15517225 | AI27: 16603431 | AK27: 23400 | AL27: 24150 | AM27: 25780 | AO27: 16890120 | AP27: =AL27*$E27 -> 17431470 | AQ27: =AM27*$E27 -> 18608004
A28: Fimoxyclav | B28: 341327 | C28: 561 | D28: FIMOXYCLAV 1g Tab 4x6's | E28: 812.03 | F28: ABT | G28: SYNGENA | H28: Regular Brands | J28: 2766597.3 | K28: 2786887 | L28: 2805563.6 | N28: 2138869.6 | O28: 2103968.8 | P28: 3517696.2 | Q28: 2443397.5 | R28: 2162434.8 | S28: 2033323.1 | T28: 2814496 | U28: 3176623 | V28: 2559518 | W28: 2698375.8 | X28: 2675639 | Y28: 2648029.9 | Z28: 2363810.9 | AB28: 2649923.6 | AC28: 2491719.2 | AD28: 2323961.1 | AF28: 2815593.8 | AG28: 2950325.3 | AH28: 2655292.8 | AI28: 2841163.3 | AK28: 3499 | AL28: 3360 | AM28: 3472 | AO28: 2841293 | AP28: =AL28*$E28 -> 2728420.8 | AQ28: =AM28*$E28 -> 2819368.2
A29: Fimoxyclav | B29: 341328 | C29: 567 | D29: FIMOXYCLAV-BID 50ml Sus | E29: 184.21 | F29: ABT | G29: SYNGENA | H29: Regular Brands | J29: 521498.6 | K29: 513761.68 | L29: 506209.08 | N29: 252367.59 | O29: 335630.51 | P29: 435656.56 | Q29: 342998.91 | R29: 278709.58 | S29: 305972.81 | T29: 443209.26 | U29: 491827 | V29: 405630 | W29: 509709.11 | X29: 642892.99 | Y29: 580261.54 | Z29: 429231.94 | AB29: 407852.22 | AC29: 390119.52 | AD29: 390316.37 | AF29: 503525.62 | AG29: 527620.28 | AH29: 474858.25 | AI29: 508098.33 | AK29: 2758 | AL29: 3255 | AM29: 3472 | AO29: 508051.18 | AP29: =AL29*$E29 -> 599603.55 | AQ29: =AM29*$E29 -> 639577.12
A30: Fimoxyclav | B30: 372932 | C30: 556 | D30: Fimoxyclav 0.6gm Inj 1 Com | E30: 112.78 | F30: ABT | G30: SYNGENA | H30: Regular Brands | J30: 831075.77 | K30: 932126.72 | L30: 1045470.6 | N30: 436120.26 | O30: 590064.96 | P30: 557133.2 | Q30: 626154.56 | R30: 511682.86 | S30: 267739.72 | T30: 549013.04 | U30: 653222 | V30: 512247 | W30: 830286.4 | X30: 585328.16 | Y30: 548223.62 | Z30: 505310.16 | AB30: 655618.49 | AC30: 622837.56 | AD30: 636956.43 | AF30: 906169.33 | AG30: 949531.26 | AH30: 854578.13 | AI30: 914398.6 | AK30: 8108 | AL30: 5040 | AM30: 5366 | AO30: 914420.24 | AP30: =AL30*$E30 -> 568411.2 | AQ30: =AM30*$E30 -> 605177.48
... A52: Sefurox | B52: 315048 | C52: 662 | D52: Sefurox 500mg Tab 3x4's | E52: 407.55 | F52: ABT | G52: SYNGENA | H52: Regular Brands | J52: 0 | K52: 0 | L52: 0 | N52: 9373.65 | O52: 17524.65 | P52: 0 | Q52: 0 | R52: 0 | S52: 0 | T52: 0 | U52: 0 | V52: 0 | W52: 0 | X52: 0 | Y52: 0 | Z52: 1356.631 | AB52: 0 | AC52: 0 | AD52: 0 | AF52: 0 | AG52: 0 | AH52: 0 | AI52: 0 | AK52: 0 | AL52: 0 | AM52: 0 | AO52: 0 | AP52: =AL52*$E52 -> 0 | AQ52: =AM52*$E52 -> 0
A53: Sefurox | B53: 320277 | D53: Sefurox 250mg Tab 5x4's | E53: 0 | F53: ABT | G53: SYNGENA | H53: Regular Brands | J53: 0 | K53: 0 | L53: 0 | N53: 0 | O53: 0 | P53: 0 | Q53: 0 | R53: 754.58 | S53: 0 | T53: 0 | U53: 0 | V53: 0 | W53: 0 | X53: 0 | Y53: 0 | Z53: 0 | AB53: 0 | AC53: 0 | AD53: 0 | AF53: 0 | AG53: 0 | AH53: 0 | AI53: 0 | AK53: 0 | AL53: 0 | AM53: 0 | AO53: 0 | AP53: =AL53*$E53 -> 0 | AQ53: =AM53*$E53 -> 0
A54: Targocid | B54: 348132 | C54: 729 | D54: TARGOCID 400mg Inj 1 Vial | E54: 1404.59 | F54: ABT | G54: SYNGENA | H54: Regular Brands | J54: 1320314.6 | K54: 1453750.7 | L54: 1410208.4 | N54: 1014114 | O54: 1147549.9 | P54: 1139122.5 | Q54: 1348406.5 | R54: 1094175.6 | S54: 859609.1 | T54: 1411612.9 | U54: 1540839 | V54: 1384925 | W54: 1585782.1 | X54: 1832990 | Y54: 1179855.6 | Z54: 56106.32 | AB54: 1250085.1 | AC54: 1165809.7 | AD54: 1221993.3 | AF54: 1350079.1 | AG54: 1414683 | AH54: 1273214.7 | AI54: 1362339.7 | AK54: 600 | AL54: 630 | AM54: 631 | AO54: 842754 | AP54: =AL54*$E54 -> 884891.7 | AQ54: =AM54*$E54 -> 886296.29
A55: Targocid | B55: 348296 | C55: 726 | D55: TARGOCID 200mg Inj 1 Vial | E55: 962.9 | F55: ABT | G55: SYNGENA | H55: Regular Brands | J55: 694250.64 | K55: 645143.42 | L55: 625885 | N55: 364939.1 | O55: 363976.1 | P55: 341829.5 | Q55: 414047 | R55: 451600.1 | S55: 232058.9 | T55: 469895.2 | U55: 563302 | V55: 502634 | W55: 1040895 | X55: 884905.12 | Y55: 490116.1 | Z55: 631434.4 | AB55: 500708 | AC55: 462192 | AD55: 491079 | AF55: 593032.62 | AG55: 621410.36 | AH55: 559269.33 | AI55: 598418.18 | AK55: 600 | AL55: 525 | AM55: 526 | AO55: 577740 | AP55: =AL55*$E55 -> 505522.5 | AQ55: =AM55*$E55 -> 506485.4
A56: Farpem | B56: 4011000149 | C56: 786 | D56: Farpem 150 mg Tab 3 x 4's | E56: 674.64 | F56: ABT | G56: SYNGENA | H56: New Product | J56: 1304753.8 | K56: 1551671.8 | L56: 1436308.6 | N56: 404109.36 | O56: 412879.68 | P56: 393989.76 | Q56: 330573.6 | R56: 363630.96 | S56: 362281.68 | T56: 487090.08 | U56: 714467 | V56: 626066 | W56: 557927.27 | X56: 563324.4 | Y56: 741429.44 | Z56: 503038.16 | AB56: 1008704.1 | AC56: 904355.38 | AD56: 1008704.1 | AF56: 1334236.3 | AG56: 1334236.3 | AH56: 1294209.2 | AI56: 1374263.4 | AK56: 1900 | AL56: 1000 | AM56: 1102 | AO56: 1281816 | AP56: =AL56*$E56 -> 674640 | AQ56: =AM56*$E56 -> 743453.28
A57: Farpem | B57: 4011000150 | C57: 787 | D57: Farpem 200 mg Tab 3 x 4's | E57: 854.52 | F57: ABT | G57: SYNGENA | H57: New Product | J57: 2203806.4 | K57: 2649012.3 | L57: 2414019 | N57: 747705 | O57: 888700.8 | P57: 857938.08 | Q57: 852810.96 | R57: 1045077.8 | S57: 1120275.7 | T57: 1593679.8 | U57: 1891098 | V57: 2001287 | W57: 1972232.1 | X57: 1916688.3 | Y57: 3118143.5 | Z57: 1922869.2 | AB57: 1938512.5 | AC57: 1894455.4 | AD57: 2088306.6 | AF57: 2671601.1 | AG57: 2671601.1 | AH57: 2591453.1 | AI57: 2751749.2 | AK57: 3000 | AL57: 2750 | AM57: 2806 | AO57: 2563560 | AP57: =AL57*$E57 -> 2349930 | AQ57: =AM57*$E57 -> 2397783.1
A58: Enterogermina | B58: 4021000009 | C58: 755 | D58: ENTEROGERMINA 5ml Sus 1X10 Bot | E58: 541.06 | F58: GST | G58: SYNGENA | H58: Regular Brands | J58: 39497161 | K58: 40112024 | L58: 48013123 | N58: 49777514 | O58: 38334066 | P58: 44151033 | Q58: 43840465 | R58: 40166128 | S58: 39868547 | T58: 38422294 | U58: 32850452 | V58: 28927232 | W58: 32339156 | X58: 35144011 | Y58: 49736940 | Z58: 55831713 | AB58: 50000000 | AC58: 44622596 | AD58: 44500000 | AF58: 48017320 | AG58: 51013608 | AH58: 45912247 | AI58: 47126104 | AK58: 94285 | AL58: 91673 | AM58: 98200 | AO58: 52013842 | AP58: =AL58*$E58 -> 49600593 | AQ58: =AM58*$E58 -> 53132092
A59: Gavisyn | B59: 4011000129 | C59: 765 | D59: Gavisyn Suspension 200 ml | E59: 224.89 | F59: GST | G59: SYNGENA | H59: New Product | J59: 3000707.6 | K59: 3215927 | L59: 2541481.9 | N59: 1453907.1 | O59: 1510136.3 | P59: 1750089.5 | Q59: 1476402.9 | R59: 1491468.2 | S59: 1451440.1 | T59: 1795072 | U59: 1949798 | V59: 1815987 | W59: 1780904 | X59: 1435472.9 | Y59: 1309534.5 | Z59: 1321656.8 | AB59: 2127109.9 | AC59: 2127109.9 | AD59: 2127109.9 | AF59: 2617726.3 | AG59: 2617726.3 | AH59: 2539194.6 | AI59: 2696258.1 | AK59: 11640 | AL59: 8400 | AM59: 10522 | AO59: 2617719.6 | AP59: =AL59*$E59 -> 1889076 | AQ59: =AM59*$E59 -> 2366292.6
A60: Respite | B60: 321874 | C60: 638 | D60: Respite 20mg Tab | E60: 225.56 | F60: GST | G60: SYNGENA | H60: Regular Brands | J60: 320523.72 | K60: 320746.22 | L60: 320520.76 | N60: 297062.52 | O60: 238868.04 | P60: 311498.36 | Q60: 239770.28 | R60: 256461.72 | S60: 275859.88 | T60: 297739.2 | U60: 213630 | V60: 71729 | W60: 12631.36 | X60: 92254.05 | Y60: 198041.67 | Z60: 195591.79 | AB60: 189470.4 | AC60: 219921 | AD60: 225560 | AF60: 255433.74 | AG60: 267656.73 | AH60: 240891.06 | AI60: 257753.44 | AK60: 1187 | AL60: 945 | AM60: 947 | AO60: 267739.72 | AP60: =AL60*$E60 -> 213154.2 | AQ60: =AM60*$E60 -> 213605.32
A61: Sandom | B61: 337862 | C61: 645 | D61: Sandom 10mg Tab 10x10s | E61: 151.13 | F61: GST | G61: SYNGENA | H61: Regular Brands | J61: 2534258.1 | K61: 2537926.1 | L61: 2534299 | N61: 1554219.4 | O61: 1598198 | P61: 1869326.9 | Q61: 1846355 | R61: 1754921.4 | S61: 1942927.3 | T61: 2210880.8 | U61: 2172646 | V61: 1951694 | W61: 2020759.2 | X61: 1823081.2 | Y61: 1653966.8 | Z61: 1583675.6 | AB61: 2300198.6 | AC61: 2399944.4 | AD61: 2399944.4 | AF61: 2255422.1 | AG61: 2363348.3 | AH61: 2127013.5 | AI61: 2275904.4 | AK61: 15638 | AL61: 14280 | AM61: 16310 | AO61: 2363370.9 | AP61: =AL61*$E61 -> 2158136.4 | AQ61: =AM61*$E61 -> 2464930.3
A62: Xerosec | B62: 319022 | C62: 680 | D62: Xerosec 20mg Cap 10x10's | E62: 375.94 | F62: GST | G62: SYNGENA | H62: Regular Brands | J62: 490977.67 | K62: 500375.94 | L62: 500376.14 | N62: 411650.54 | O62: 555639.32 | P62: 421428.74 | Q62: 444361.08 | R62: 340601.64 | S62: 474812.22 | T62: 292105.38 | U62: 282719 | V62: 401128 | W62: 343233.21 | X62: 289097.9 | Y62: 228571.51 | Z62: 369165.81 | AB62: 397636.76 | AC62: 373718.76 | AD62: 397636.76 | AF62: 466135.47 | AG62: 488440.94 | AH62: 439596.85 | AI62: 470368.63 | AK62: 1299 | AL62: 756 | AM62: 758 | AO62: 488346.06 | AP62: =AL62*$E62 -> 284210.64 | AQ62: =AM62*$E62 -> 284962.52
A63: Butapan | B63: 4011000145 | C63: 782 | D63: Butapan 10mg Tab 10x10’s | E63: 517 | F63: GST | G63: SYNGENA | H63: New Product | J63: 685025.08 | K63: 696398.98 | L63: 653488 | N63: 321057 | O63: 389818 | P63: 400157.95 | Q63: 379478 | R63: 430660.95 | S63: 416702 | T63: 494769 | U63: 459619 | V63: 401192 | W63: 443585.98 | X63: 363451.03 | Y63: 343804.96 | Z63: 351076.31 | AB63: 506660 | AC63: 460130 | AD63: 506660 | AF63: 632717.53 | AG63: 632717.53 | AH63: 613736.01 | AI63: 651699.06 | AK63: 1224 | AL63: 788 | AM63: 842 | AO63: 632808 | AP63: =AL63*$E63 -> 407396 | AQ63: =AM63*$E63 -> 435314
A64: Butapan | B64: 4011000146 | C64: 783 | D64: Butapan 20mg Tab 5x10’s | E64: 511 | F64: GST | G64: SYNGENA | H64: New Product | J64: 1025576.8 | K64: 925932.09 | L64: 869722 | N64: 488005 | O64: 482378.89 | P64: 550858 | Q64: 565677 | R64: 642327 | S64: 646926 | T64: 764967 | U64: 745557 | V64: 650503 | W64: 713867 | X64: 623420 | Y64: 527863 | Z64: 501792.02 | AB64: 689850 | AC64: 654080 | AD64: 689850 | AF64: 890492.47 | AG64: 890492.47 | AH64: 863777.69 | AI64: 917207.24 | AK64: 1743 | AL64: 1365 | AM64: 1473 | AO64: 890673 | AP64: =AL64*$E64 -> 697515 | AQ64: =AM64*$E64 -> 752703
A65: Prazan | B65: 4011000162 | C65: 801 | D65: Prazan 10mg Tablet | E65: 157.42 | F65: GST | G65: SYNGENA | H65: New Product | J65: 170485.81 | K65: 179931.04 | L65: 126880.52 | N65: 0 | O65: 0 | P65: 0 | Q65: 0 | R65: 0 | S65: 0 | T65: 0 | U65: 61510 | V65: 21882 | W65: 17316.2 | X65: 32743.37 | Y65: 25502.06 | Z65: 32488.774 | AB65: 224182.71 | AC65: 224182.71 | AD65: 224182.71 | AF65: 135432.27 | AG65: 135432.27 | AH65: 131369.3 | AI65: 139495.24 | AK65: 974.11566 | AL65: 420 | AM65: 631 | AO65: 153345.29 | AP65: =AL65*$E65 -> 66116.4 | AQ65: =AM65*$E65 -> 99332.02
A66: Prazan | B66: 4011000163 | C66: 802 | D66: Prazan 20mg Tablet | E66: 224.89 | F66: GST | G66: SYNGENA | H66: New Product | J66: 1430300.4 | K66: 1521605.7 | L66: 1073175.1 | N66: 0 | O66: 0 | P66: 0 | Q66: 0 | R66: 0 | S66: 0 | T66: 224.89 | U66: 247192 | V66: 147527 | W66: 210047.26 | X66: 387485.48 | Y66: 314621.16 | Z66: 390770.28 | AB66: 1883924.2 | AC66: 1883924.2 | AD66: 1883924.2 | AF66: 1100625 | AG66: 1100625 | AH66: 1067606.3 | AI66: 1133643.8 | AK66: 5543.3977 | AL66: 4200 | AM66: 5261 | AO66: 1246654.7 | AP66: =AL66*$E66 -> 944538 | AQ66: =AM66*$E66 -> 1183146.3
A67: Sandom | D67: Sandom 100ml Suspension | E67: 29.99 | F67: GST | G67: SYNGENA | H67: New Product | J67: 0 | K67: 0 | L67: 0 | V67: 0 | W67: 0 | X67: 0 | Y67: 0 | Z67: 0 | AB67: 497947.17 | AC67: 546610.19 | AD67: 599800 | AF67: 0 | AG67: 0 | AH67: 0 | AI67: 0 | AK67: 0 | AL67: 0 | AM67: 0 | AO67: 0 | AP67: =AL67*$E67 -> 0 | AQ67: =AM67*$E67 -> 0
A68: Luzol | B68: 4011000128 | C68: 762 | D68: Luzol Cream 10G | E68: 74.96 | F68: DERMA | G68: SYNGENA | H68: New Product | J68: 0 | K68: 0 | L68: 0 | N68: 713907.05 | O68: 644805.92 | P68: 704324.16 | Q68: 668343.36 | R68: 666694.24 | S68: 745852 | T68: 924706.56 | U68: 948025 | V68: 46849 | W68: 2098.88 | X68: 149.92 | Y68: 299.84 | Z68: 374.28435 | AB68: 0 | AC68: 0 | AD68: 0 | AF68: 245479.24 | AG68: 245479.24 | AH68: 238114.87 | AI68: 252843.62 | AL68: 0 | AM68: 0 | AO68: 0 | AP68: =AL68*$E68 -> 0 | AQ68: =AM68*$E68 -> 0
A69: Luzol | B69: 4011000165 | C69: 803 | D69: Luzol Cream 30G | E69: 209.9 | F69: DERMA | G69: SYNGENA | H69: New Product | J69: 4512850 | K69: 5033612.4 | L69: 5000027.9 | N69: 482770 | O69: 530207.4 | P69: 590230.4 | Q69: 514255 | R69: 556440.7 | S69: 715339.2 | T69: 1107642.3 | U69: 1818797 | V69: 3139054 | W69: 3687943 | X69: 3653519.5 | Y69: 3444039.2 | Z69: 3002680.9 | AB69: 2274368.2 | AC69: 2148014.4 | AD69: 2274368.2 | AF69: 4904549.5 | AG69: 4904549.5 | AH69: 4757413 | AI69: 5051686 | AK69: 24000 | AL69: 21490 | AM69: 24051 | AO69: 5037600 | AP69: =AL69*$E69 -> 4510751 | AQ69: =AM69*$E69 -> 5048304.9
A70: Pevisone | B70: 372948 | C70: 620 | D70: Pevisone 10gm Crm 1 Tub | E70: 52.47 | F70: DERMA | G70: SYNGENA | H70: Regular Brands | J70: 61500087 | K70: 60453153 | L70: 50500014 | N70: 38035301 | O70: 31386927 | P70: 38784890 | Q70: 37837940 | R70: 36243172 | S70: 47421494 | T70: 54650338 | U70: 57676230 | V70: 56080461 | W70: 57438699 | X70: 47179293 | Y70: 38376873 | Z70: 34176286 | AB70: 48345734 | AC70: 46665366 | AD70: 50175032 | AF70: 43519947 | AG70: 45008677 | AH70: 40507809 | AI70: 45043356 | AK70: 899259.58 | AL70: 820649 | AM70: 956748 | AO70: 47184150 | AP70: =AL70*$E70 -> 43059453 | AQ70: =AM70*$E70 -> 50200568
A71: VTAPA | B71: 4011000133 | C71: 766 | D71: Vtapa 30G Cream | E71: 1124.44 | F71: DERMA | G71: SYNGENA | H71: New Product | J71: 603824.28 | K71: 609446.8 | L71: 652175.2 | N71: 272114.48 | O71: 254123.44 | P71: 286732.2 | Q71: 273238.92 | R71: 337332 | S71: 274363.36 | T71: 319340.96 | U71: 317076 | V71: 266492 | W71: 315967.65 | X71: 276612.28 | Y71: 230510.26 | Z71: 207735.26 | AB71: 516413.12 | AC71: 459033.88 | AD71: 516413.12 | AF71: 671740.46 | AG71: 671740.46 | AH71: 651588.24 | AI71: 691892.67 | AK71: 500 | AL71: 500 | AM71: 501 | AO71: 562220 | AP71: =AL71*$E71 -> 562220 | AQ71: =AM71*$E71 -> 563344.44
A72: Itraconazole | D72: Itraconazole Suba | E72: 449.77511 | F72: DERMA | G72: SYNGENA | H72: New Product | J72: 0 | K72: 0 | L72: 0 | V72: 0 | W72: 0 | X72: 0 | Y72: 0 | Z72: 0 | AB72: 1631299.7 | AC72: 1710875.3 | AD72: 1790450.9 | AF72: 0 | AG72: 0 | AH72: 0 | AI72: 0 | AK72: 0 | AL72: 0 | AM72: 0 | AO72: 0 | AP72: =AL72*$E72 -> 0 | AQ72: =AM72*$E72 -> 0
A73: Profenid | B73: 345252 | C73: 630 | D73: PROFENID-E 100mg Tab 5x10's | E73: 338.35 | F73: Pain | G73: SYNGENA | H73: Regular Brands | J73: 3789540.5 | K73: 3960387 | L73: 4005387.3 | N73: 3059688.9 | O73: 2806938.1 | P73: 3159502.1 | Q73: 2966314.5 | R73: 3225490.6 | S73: 3369627.6 | T73: 4042944.1 | U73: 4203660 | V73: 4025350 | W73: 4152908 | X73: 3836889.1 | Y73: 3411921.5 | Z73: 3137257.7 | AB73: 3342240.2 | AC73: 3239926.8 | AD73: 3239926.8 | AF73: 3911186.5 | AG73: 4098344.2 | AH73: 3688509.8 | AI73: 3946705.4 | AK73: 12000 | AL73: 10783 | AM73: 11027 | AO73: 4060200 | AP73: =AL73*$E73 -> 3648428.1 | AQ73: =AM73*$E73 -> 3730985.5
A74: Profenid | B74: 345806 | C74: 632 | D74: PROFENID-E 50mg Tab | E74: 225.56 | F74: Pain | G74: SYNGENA | H74: Regular Brands | J74: 1353293.5 | K74: 1489372.9 | L74: 1506289.7 | N74: 930435 | O74: 875172.8 | P74: 1007799.8 | Q74: 974419.2 | R74: 1002839.8 | S74: 1094191.6 | T74: 1261331.5 | U74: 1284338 | V74: 1260881 | W74: 1386066.2 | X74: 1201332.6 | Y74: 1060132 | Z74: 970450.71 | AB74: 1248063 | AC74: 1179986.8 | AD74: 1179986.8 | AF74: 1397733.5 | AG74: 1464617.7 | AH74: 1318156 | AI74: 1410426.9 | AK74: 6400 | AL74: 5666 | AM74: 5794 | AO74: 1443584 | AP74: =AL74*$E74 -> 1278023 | AQ74: =AM74*$E74 -> 1306894.6
A75: Profenid | B75: 372992 | C75: 628 | D75: Profenid-CR 100mg Cap 5x10's | E75: 413.53 | F75: Pain | G75: SYNGENA | H75: Regular Brands | J75: 4548708.6 | K75: 4756835.5 | L75: 4811421.5 | N75: 3427299.4 | O75: 3352438.1 | P75: 3751937 | Q75: 3504253.2 | R75: 3741205.9 | S75: 3806543.6 | T75: 4534356.4 | U75: 4634848 | V75: 4581084 | W75: 4755595 | X75: 4270937.9 | Y75: 3892144.4 | Z75: 3768269.9 | AB75: 4122230.8 | AC75: 4122230.8 | AD75: 4122230.8 | AF75: 4603974.8 | AG75: 4824283.7 | AH75: 4341855.3 | AI75: 4645785.2 | AK75: 11500 | AL75: 10326 | AM75: 10559 | AO75: 4755595 | AP75: =AL75*$E75 -> 4270110.8 | AQ75: =AM75*$E75 -> 4366463.3
A76: Profenid | B76: 372995 | C76: 626 | D76: Profenid 2ml Inj 2x5's Amp | E76: 375.94 | F76: Pain | G76: SYNGENA | H76: Regular Brands | J76: 225563.86 | K76: 225563.86 | L76: 228195.58 | N76: 185338.42 | O76: 127067.72 | P76: 165789.54 | Q76: 174436.16 | R76: 195112.86 | S76: 179699.32 | T76: 188721.88 | U76: 213169 | V76: 145865 | W76: 164661.73 | X76: 168797.07 | Y76: 118421.13 | Z76: 179577.3 | AB76: 210035.66 | AC76: 190941.51 | AD76: 210035.66 | AF76: 207907.1 | AG76: 217855.85 | AH76: 196070.26 | AI76: 209795.18 | AK76: 550 | AL76: 457 | AM76: 467 | AO76: 206767 | AP76: =AL76*$E76 -> 171804.58 | AQ76: =AM76*$E76 -> 175563.98
A77: Profenid | B77: 373028 | C77: 629 | D77: Profenid-CR 200mg Cap 5x10's | E77: 751.88 | F77: Pain | G77: SYNGENA | H77: Regular Brands | J77: 3984918.1 | K77: 4136843.5 | L77: 4184212.2 | N77: 2569038.6 | O77: 2328497.2 | P77: 2776670.3 | Q77: 2827820.7 | R77: 3032332 | S77: 3157144.1 | T77: 3887219.6 | U77: 3869944 | V77: 3839854 | W77: 3739099.2 | X77: 3438347.2 | Y77: 3106768.2 | Z77: 3012142.1 | AB77: 3055611.9 | AC77: 2902831.3 | AD77: 3055611.9 | AF77: 3941783 | AG77: 4130404.8 | AH77: 3717364.4 | AI77: 3977579.9 | AK77: 5200 | AL77: 4569 | AM77: 4672 | AO77: 3909776 | AP77: =AL77*$E77 -> 3435339.7 | AQ77: =AM77*$E77 -> 3512783.4
A78: Profenid Gel | B78: 373161 | C78: 627 | D78: Profenid 30g Gel 1 Tub | E78: 90.23 | F78: Pain | G78: SYNGENA | H78: Regular Brands | J78: 2165519.2 | K78: 2436751.4 | L78: 2464812.9 | N78: 1287391.7 | O78: 1203212.5 | P78: 1279632.8 | Q78: 1282709.7 | R78: 1322410.9 | S78: 1330892.5 | T78: 1670788.9 | U78: 1650219 | V78: 1552858 | W78: 1659420 | X78: 1444762.9 | Y78: 1260152.3 | Z78: 1094786.3 | AB78: 1820132.7 | AC78: 1729126 | AD78: 1638119.4 | AF78: 2117033.7 | AG78: 2218337.8 | AH78: 1996504 | AI78: 2136259.3 | AK78: 23600 | AL78: 21018 | AM78: 21492 | AO78: 2129428 | AP78: =AL78*$E78 -> 1896454.1 | AQ78: =AM78*$E78 -> 1939223.2
A79: SYNKOLIN | B79: 4011000156 | C79: 793 | D79: Synkolin 2.5 mg | E79: 270 | F79: Pain | G79: SYNGENA | H79: New Product | J79: 598860.34 | K79: 621000.25 | L79: 581040 | N79: 184947.3 | O79: 200340 | P79: 219237.3 | Q79: 211410 | R79: 265410 | S79: 260280 | T79: 348840 | U79: 421202 | V79: 423360 | W79: 387720.03 | X79: 372870.02 | Y79: 353159.97 | Z79: 330744.31 | AB79: 356019.08 | AC79: 333767.89 | AD79: 347674.88 | AF79: 596572.64 | AG79: 596572.64 | AH79: 578675.46 | AI79: 614469.82 | AK79: 2299.1017 | AL79: 2299 | AM79: 2405 | AO79: 620757.46 | AP79: =AL79*$E79 -> 620730 | AQ79: =AM79*$E79 -> 649350
A80: SYNKOLIN | B80: 4011000157 | C80: 794 | D80: Synkolin 5 mg | E80: 449.7 | F80: Pain | G80: SYNGENA | H80: New Product | J80: 1523583.5 | K80: 1708860.1 | L80: 1312674.3 | N80: 472630.2 | O80: 553122.01 | P80: 632264.71 | Q80: 660159.6 | R80: 757744.5 | S80: 690739.2 | T80: 847234.8 | U80: 1010490 | V80: 1036109 | W80: 927281.52 | X80: 892204.86 | Y80: 862524.66 | Z80: 884690.18 | AB80: 926514.94 | AC80: 857026.32 | AD80: 880189.19 | AF80: 1379985.7 | AG80: 1379985.7 | AH80: 1338586.2 | AI80: 1421385.3 | AK80: 3202.3202 | AL80: 3202 | AM80: 3608 | AO80: 1440083.4 | AP80: =AL80*$E80 -> 1439939.4 | AQ80: =AM80*$E80 -> 1622517.6
A81: SYNKOLIN | B81: 4011000158 | C81: 795 | D81: Synkolin 10 mg | E81: 524.8 | F81: Pain | G81: SYNGENA | H81: New Product | J81: 384678.57 | K81: 419839.99 | L81: 306483.2 | N81: 91840 | O81: 89216 | P81: 117030.4 | Q81: 80819.2 | R81: 115980.8 | S81: 119654.4 | T81: 172134.4 | U81: 173197 | V81: 156391 | W81: 138022.4 | X81: 96563.2 | Y81: 123852.79 | Z81: 131019.48 | AB81: 178405.12 | AC81: 151374.04 | AD81: 156780.25 | AF81: 289645.06 | AG81: 289645.06 | AH81: 280955.71 | AI81: 298334.41 | AK81: 455.7148 | AL81: 456 | AM81: 501 | AO81: 239159.13 | AP81: =AL81*$E81 -> 239308.8 | AQ81: =AM81*$E81 -> 262924.8
A82: Renvela | B82: 336275 | C82: 717 | D82: Renvela 800mg Tab 30's Bot | E82: 1843.6 | F82: REN | G82: SYNGENA | H82: Regular Brands | J82: 2211598.3 | K82: 2510983.9 | L82: 2507296 | N82: 1884159.2 | O82: 1718235.2 | P82: 1924718.4 | Q82: 2079580.8 | R82: 1867566.8 | S82: 1768012.4 | T82: 1812258.8 | U82: 2232604 | V82: 2680595 | W82: 2660314.8 | X82: 2066675.6 | Y82: 1897064.4 | Z82: 1709120.7 | AB82: 2192794.2 | AC82: 2097455.3 | AD82: 2097455.3 | AF82: =IFERROR(SUM(AG82:AI82)/3,0) -> 2353065 | AG82: 2465663.6 | AH82: 2219097.3 | AI82: 2374434.1 | AK82: 1370 | AL82: 1221 | AM82: 1278 | AO82: 2525732 | AP82: =AL82*$E82 -> 2251035.6 | AQ82: =AM82*$E82 -> 2356120.8
A83: Epilim | B83: 331006 | C83: 542 | D83: Epilim 100ml Syp | E83: 60.38 | F83: CNS | G83: SYNKEI | H83: Regular Brands | I83: 752844.68 | J83: 784912.9 | K83: 798042.51 | L83: 797317.9 | N83: 677523.98 | O83: 608388.88 | P83: 729450.78 | Q83: 661945.94 | R83: 669070.78 | S83: 663274.3 | T83: 761754.08 | U83: 731807 | V83: 699985 | W83: 752515.94 | X83: 726250.64 | Y83: 724318.49 | Z83: 760846.76 | AB83: 729445.42 | AC83: 729445.42 | AD83: 729445.42 | AF83: =IFERROR(SUM(AG83:AI83)/3,0) -> 787950.2 | AG83: 825655.12 | AH83: 743089.61 | AI83: 795105.88 | AK83: 13302 | AL83: 12500 | AM83: 13028 | AO83: 803174.76 | AP83: =AL83*$E83 -> 754750 | AQ83: =AM83*$E83 -> 786630.64
A84: Epilim | B84: 347706 | C84: 543 | D84: EPILIM 200mg Tab | E84: 225.6 | F84: CNS | G84: SYNKEI | H84: Regular Brands | I84: 1062325.3 | J84: 1128057.3 | K84: 1160937.6 | L84: 1159809.6 | N84: 986548.8 | O84: 871267.2 | P84: 987676.8 | Q84: 897436.8 | R84: 819604.8 | S84: 908491.2 | T84: 955190.4 | U84: 1061001 | V84: 1017231 | W84: 1061222.4 | X84: 1005499.2 | Y84: 953611.2 | Z84: 961986.69 | AB84: 1098422.3 | AC84: 1087327.1 | AD84: 1098422.3 | AF84: =IFERROR(SUM(AG84:AI84)/3,0) -> 1128629.7 | AG84: 1182636.8 | AH84: 1064373.1 | AI84: 1138879.2 | AK84: 5250 | AL84: 5000 | AM84: 5111 | AO84: 1184400 | AP84: =AL84*$E84 -> 1128000 | AQ84: =AM84*$E84 -> 1153041.6
A85: Epilim | B85: 347707 | C85: 545 | D85: EPILIM 300mg Tab | E85: 360.6 | F85: CNS | G85: SYNKEI | H85: Regular Brands | I85: 3952857.1 | J85: 4653637.8 | K85: 4762804.6 | L85: 4761723 | N85: 3793872.6 | O85: 3346007.4 | P85: 3839668.8 | Q85: 3472938.6 | R85: 3199603.8 | S85: 3383509.8 | T85: 3851208 | U85: 4003019 | V85: 3730047 | W85: 4019968.8 | X85: 3906019.2 | Y85: 3706607.4 | Z85: 3925732.6 | AB85: 4352064.7 | AC85: 4337877 | AD85: 4352064.7 | AF85: =IFERROR(SUM(AG85:AI85)/3,0) -> 4529164.6 | AG85: 4745893.7 | AH85: 4271304.4 | AI85: 4570295.7 | AK85: 13190 | AL85: 12110 | AM85: 12552 | AO85: 4756314 | AP85: =AL85*$E85 -> 4366866 | AQ85: =AM85*$E85 -> 4526251.2
A86: Epilim | B86: 347708 | C86: 547 | D86: EPILIM 500mg Tab | E86: 433.44 | F86: CNS | G86: SYNKEI | H86: Regular Brands | I86: 4967318.7 | J86: 5634619.8 | K86: 5781656.1 | L86: 5780789.3 | N86: 4667281.9 | O86: 3939102.7 | P86: 4613101.9 | Q86: 4405050.7 | R86: 3939536.2 | S86: 4257681.1 | T86: 4733164.8 | U86: 4865796 | V86: 4579727 | W86: 4766973.1 | X86: 4328765.3 | Y86: 4756137.1 | Z86: 3169137.1 | AB86: 5256747.5 | AC86: 5235430.6 | AD86: 5256747.5 | AF86: =IFERROR(SUM(AG86:AI86)/3,0) -> 5483078.4 | AG86: 5745454.2 | AH86: 5170908.8 | AI86: 5532872.4 | AK86: 13280 | AL86: 12115 | AM86: 12827 | AO86: 5756083.2 | AP86: =AL86*$E86 -> 5251125.6 | AQ86: =AM86*$E86 -> 5559734.9
A87: EXPRES | B87: 342922 | C87: 552 | D87: EXPRES 5mg Tab | E87: 157.42 | F87: CNS | G87: SYNKEI | H87: Regular Brands | I87: 294235.47 | J87: 362009.17 | K87: 362065.99 | L87: 362066 | N87: 262104.3 | O87: 240380.34 | P87: 247464.24 | Q87: 234555.8 | R87: 240695.18 | S87: 241639.7 | T87: 279105.66 | U87: 299254 | V87: 286031 | W87: 320979.38 | X87: 302561.24 | Y87: 276586.94 | Z87: 279822.11 | AB87: 295409.2 | AC87: 280362.89 | AD87: 295409.2 | AF87: =IFERROR(SUM(AG87:AI87)/3,0) -> 356094.97 | AG87: 373134.79 | AH87: 335821.31 | AI87: 359328.8 | AK87: 2370 | AL87: 2046 | AM87: 2160 | AO87: 373085.4 | AP87: =AL87*$E87 -> 322081.32 | AQ87: =AM87*$E87 -> 340027.2
A88: EXPRES | B88: 342923 | C88: 551 | D88: EXPRES 10mg Tab | E88: 269.86 | F88: CNS | G88: SYNKEI | H88: Regular Brands | I88: 500500.35 | J88: 738067.04 | K88: 738067.1 | L88: 738067.1 | N88: 454714.1 | O88: 399122.94 | P88: 476033.04 | Q88: 436093.76 | R88: 414504.96 | S88: 431506.14 | T88: 515972.32 | U88: 550243 | V88: 493304 | W88: 527036.58 | X88: 521639.38 | Y88: 491954.78 | Z88: 463520.6 | AB88: 676862.64 | AC88: 663965.94 | AD88: 676862.64 | AF88: =IFERROR(SUM(AG88:AI88)/3,0) -> 693798.72 | AG88: 726998.31 | AH88: 654298.48 | AI88: 700099.37 | AK88: 2694 | AL88: 2327 | AM88: 2455 | AO88: 727002.84 | AP88: =AL88*$E88 -> 627964.22 | AQ88: =AM88*$E88 -> 662506.3
A89: Frisium | B89: 337864 | C89: 577 | D89: Frisium 10mg Tab 10x10s | E89: 375.94 | F89: CNS | G89: SYNKEI | H89: Regular Brands | I89: 863951.18 | J89: 956322.75 | K89: 1001128.2 | L89: 1000000.4 | N89: 790376.11 | O89: 741090.18 | P89: 825789.58 | Q89: 760902.07 | R89: 725116.12 | S89: 761653.72 | T89: 856390.6 | U89: 868466 | V89: 863536 | W89: 901316.29 | X89: 873496.62 | Y89: 884962.79 | Z89: 967339.49 | AB89: 847368.76 | AC89: 862406.36 | AD89: 877443.96 | AF89: =IFERROR(SUM(AG89:AI89)/3,0) -> 954333.72 | AG89: 1000000.4 | AH89: 900000.36 | AI89: 963000.39 | AK89: 2680 | AL89: 2447 | AM89: 2532 | AO89: 1007519.2 | AP89: =AL89*$E89 -> 919925.18 | AQ89: =AM89*$E89 -> 951880.08
A90: Imovane | B90: 372979 | C90: 578 | D90: Imovane 7.5mg Tab 3x10's | E90: 225.56 | F90: CNS | G90: SYNKEI | H90: Regular Brands | I90: 771189.64 | J90: 596304.76 | K90: 669462.08 | L90: 669462.08 | N90: 80524.92 | O90: 671717.68 | P90: 215635.36 | Q90: 664048.64 | R90: 1008929.9 | S90: 1105920.7 | T90: 1223888.6 | U90: 790588 | V90: 955473 | W90: 756528.24 | X90: 859158.04 | Y90: 794873.44 | Z90: 397565.68 | AB90: 416666.67 | AC90: 416666.67 | AD90: 416666.67 | AF90: =IFERROR(SUM(AG90:AI90)/3,0) -> 638889.98 | AG90: 669462.08 | AH90: 602515.87 | AI90: 644691.98 | AK90: 2968 | AL90: 2500 | AM90: 2505 | AO90: 669462.08 | AP90: =AL90*$E90 -> 563900 | AQ90: =AM90*$E90 -> 565027.8
A91: Leveron | B91: 330444 | C91: 596 | D91: Leveron 250mg Tab 5x6's | E91: 360.9 | F91: CNS | G91: SYNKEI | H91: Regular Brands | I91: 166816 | J91: 217622.7 | K91: 218705.38 | L91: 218705.4 | N91: 150856.2 | O91: 138946.5 | P91: 140390.1 | Q91: 151217.1 | R91: 131006.7 | S91: 138946.5 | T91: 145442.7 | U91: 180808 | V91: 143639 | W91: 163126.8 | X91: 142916.39 | Y91: 146164.5 | Z91: 167587.62 | AB91: 152936.7 | AC91: 140452.08 | AD91: 140452.08 | AF91: =IFERROR(SUM(AG91:AI91)/3,0) -> 207391.2 | AG91: 217315.26 | AH91: 195583.73 | AI91: 209274.6 | AK91: 602 | AL91: 480 | AM91: 501 | AO91: 217261.8 | AP91: =AL91*$E91 -> 173232 | AQ91: =AM91*$E91 -> 180810.9
A92: Leveron | B92: 330445 | C92: 598 | D92: Leveron 500mg Tab 5x4's | E92: 451.13 | F92: CNS | G92: SYNKEI | H92: Regular Brands | I92: 610579.39 | J92: 657672.67 | K92: 649627.18 | L92: 647822.68 | N92: 588724.65 | O92: 547220.69 | P92: 583311.09 | Q92: 617596.97 | R92: 558498.94 | S92: 531882.27 | T92: 611281.15 | U92: 619403 | V92: 569778 | W92: 631130.9 | X92: 616243.61 | Y92: 557596.69 | Z92: 723067.56 | AB92: 561814.53 | AC92: 540356.34 | AD92: 544257.83 | AF92: =IFERROR(SUM(AG92:AI92)/3,0) -> 672576.15 | AG92: 704760.2 | AH92: 634284.18 | AI92: 678684.07 | AK92: 1562 | AL92: 1320 | AM92: 1364 | AO92: 704665.06 | AP92: =AL92*$E92 -> 595491.6 | AQ92: =AM92*$E92 -> 615341.32
A93: Leveron | B93: 340941 | C93: 597 | D93: LEVERON 100ml Syp | E93: 299.85 | F93: CNS | G93: SYNKEI | H93: Regular Brands | I93: 78827.233 | J93: 113430.13 | K93: 120239.84 | L93: 120239.85 | N93: 80359.8 | O93: 55172.4 | P93: 30584.7 | Q93: 107046.45 | R93: 86356.8 | S93: 84557.7 | T93: 84557.7 | U93: 80360 | V93: 68066 | W93: 68965.52 | X93: 59670.17 | Y93: 73763.1 | Z93: 78851.884 | AB93: 97244.285 | AC93: 88168.152 | AD93: 90761.333 | AF93: =IFERROR(SUM(AG93:AI93)/3,0) -> 110214.08 | AG93: 115488.04 | AH93: 103939.23 | AI93: 111214.98 | AK93: 385 | AL93: 350 | AM93: 372 | AO93: 115442.25 | AP93: =AL93*$E93 -> 104947.5 | AQ93: =AM93*$E93 -> 111544.2
A94: Qpine | B94: 318678 | C94: 636 | D94: Qpine 25mg Tab 10x10's | E94: 226.32 | F94: CNS | G94: SYNKEI | H94: Regular Brands | I94: 781960.75 | J94: 950542.69 | K94: 962086.49 | L94: 961860 | N94: 752966.64 | O94: 688465.44 | P94: 741876.96 | Q94: 759529.92 | R94: 683712.72 | S94: 689597.04 | T94: 765866.88 | U94: 789854 | V94: 727846 | W94: 786688.32 | X94: 700913.04 | Y94: 769488 | Z94: 746205.15 | AB94: 773489.03 | AC94: 763216.93 | AD94: 763216.93 | AF94: =IFERROR(SUM(AG94:AI94)/3,0) -> 902723.7 | AG94: 945920.75 | AH94: 851328.68 | AI94: 910921.68 | AK94: 3625.1523 | AL94: 3300 | AM94: 3307 | AO94: 820444.48 | AP94: =AL94*$E94 -> 746856 | AQ94: =AM94*$E94 -> 748440.24
... A106: Leveron | B106: 4011000155 | C106: 789 | D106: Leveron 750 XR | E106: 341.88 | F106: CNS | G106: SYNKEI | H106: New Product | I106: 39012.307 | J106: 134358.76 | K106: 134358.86 | L106: 134358.84 | N106: 28034.16 | O106: 24273.48 | P106: 37606.8 | Q106: 33504.24 | R106: 34529.88 | S106: 31111.08 | T106: 36923.04 | U106: 41025 | V106: 45469 | W106: 55726.44 | X106: 46495.68 | Y106: 33162.36 | Z106: 77955.202 | AB106: 66144.939 | AC106: 59129.567 | AD106: 60799.893 | AF106: =IFERROR(SUM(AG106:AI106)/3,0) -> 106956.14 | AG106: 112074.2 | AH106: 100866.78 | AI106: 107927.45 | AK106: 328 | AL106: 295 | AM106: 317 | AO106: 112136.64 | AP106: =AL106*$E106 -> 100854.6 | AQ106: =AM106*$E106 -> 108375.96
A107: Qpine XR | B107: 813 | C107: 813 | D107: Qpine XR 50 mg Tab 5x10's | E107: 299.85007 | F107: CNS | G107: SYNKEI | H107: New Product | J107: 0 | K107: 0 | L107: 0 | V107: 0 | W107: 0 | X107: 0 | Y107: 205200 | Z107: 134814.27 | AB107: 264260.18 | AC107: 277545.84 | AD107: 291454.27 | AF107: =IFERROR(SUM(AG107:AI107)/3,0) -> 150100.22 | AG107: 150100.22 | AH107: 145597.22 | AI107: 154603.23 | AK107: 900 | AL107: 900 | AM107: 902 | AO107: 269865.07 | AP107: =AL107*$E107 -> 269865.07 | AQ107: =AM107*$E107 -> 270464.77
A108: Qpine XR | B108: 814 | C108: 814 | D108: Qpine XR 200 mg Tab 3x10's | E108: 449.7 | F108: CNS | G108: SYNKEI | H108: New Product | J108: 0 | K108: 0 | L108: 0 | V108: 0 | W108: 0 | X108: 0 | Y108: 183927.3 | Z108: 139215.21 | AB108: 216411.03 | AC108: 226998.04 | AD108: 238519.2 | AF108: =IFERROR(SUM(AG108:AI108)/3,0) -> 122921.83 | AG108: 122921.83 | AH108: 119234.17 | AI108: 126609.48 | AK108: 650 | AL108: 650 | AM108: 651 | AO108: 292305 | AP108: =AL108*$E108 -> 292305 | AQ108: =AM108*$E108 -> 292754.7
A109: Qpine XR | B109: 815 | C109: 815 | D109: Qpine XR 300 mg Tab 2x10's | E109: 329.8 | F109: CNS | G109: SYNKEI | H109: New Product | J109: 0 | K109: 0 | L109: 0 | V109: 0 | W109: 0 | X109: 0 | Y109: 68268.6 | Z109: 46108.477 | AB109: 47496.252 | AC109: 50008.073 | AD109: 52519.894 | AF109: =IFERROR(SUM(AG109:AI109)/3,0) -> 26977.951 | AG109: 26977.951 | AH109: 26168.612 | AI109: 27787.289 | AK109: 150 | AL109: 150 | AM109: 150 | AO109: 49470 | AP109: =AL109*$E109 -> 49470 | AQ109: =AM109*$E109 -> 49470
A110: Qpine XR | D110: Quetiapine XR | E110: 323.83808 | F110: CNS | G110: SYNKEI | H110: New Product | J110: 0 | K110: 0 | L110: 0 | V110: 0 | W110: 0 | X110: 0 | Y110: 0 | Z110: 0 | AB110: 39010.033 | AC110: 40803.598 | AD110: 42821.359 | AF110: =IFERROR(SUM(AG110:AI110)/3,0) -> 0 | AG110: 0 | AH110: 0 | AI110: 0 | AK110: 0 | AL110: 0 | AM110: 0 | AO110: 0 | AP110: =AL110*$E110 -> 0 | AQ110: =AM110*$E110 -> 0
A111: Betanol | B111: 320750 | C111: 520 | D111: Betanol 25mg Tab 20x10's | E111: 68 | F111: CVD | G111: SYNTARA | H111: Regular Brands | J111: 63308 | K111: 63784.06 | L111: 64872 | N111: 59363.32 | O111: 56641.28 | P111: 60246.613 | Q111: 56508 | R111: 56100 | S111: 55284 | T111: 59636 | U111: 59907 | V111: 57596 | W111: 56235.98 | X111: 53380.01 | Y111: 53243.97 | Z111: 49911.238 | AB111: 68000 | AC111: 69360 | AD111: 71400 | AF111: =IFERROR(SUM(AG111:AI111)/3,0) -> 65097.746 | AG111: 68212.797 | AH111: 61391.518 | AI111: 65688.924 | AK111: 1003 | AL111: 927 | AM111: 1017 | AO111: 68204 | AP111: =AL111*$E111 -> 63036 | AQ111: =AM111*$E111 -> 69156
A112: Betanol | B112: 337348 | C112: 521 | D112: BETANOL 50mg Tab. 5x4x10?s | E112: 116 | F112: CVD | G112: SYNTARA | H112: Regular Brands | J112: 486156 | K112: 491608.07 | L112: 500424 | N112: 519791.27 | O112: 413770.65 | P112: 470495.95 | Q112: 449151.95 | R112: 375491.95 | S112: 408552 | T112: 415396 | U112: 414928 | V112: 404260 | W112: 422819.97 | X112: 400316 | Y112: 396255.98 | Z112: 379184.25 | AB112: 533600 | AC112: 539400 | AD112: 545200 | AF112: =IFERROR(SUM(AG112:AI112)/3,0) -> 491917.46 | AG112: 515456.64 | AH112: 463910.98 | AI112: 496384.75 | AK112: 4444 | AL112: 3998 | AM112: 4501 | AO112: 515504 | AP112: =AL112*$E112 -> 463768 | AQ112: =AM112*$E112 -> 522116
A113: Betanol | B113: 373380 | D113: Betanol 100mg Tab 10x10's | E113: 0 | F113: CVD | G113: SYNTARA | H113: Regular Brands | J113: 0 | K113: 0 | L113: 0 | N113: 0 | O113: 0 | P113: 0 | Q113: 0 | R113: 0 | S113: 0 | T113: 0 | U113: 0 | V113: 0 | W113: 0 | X113: 0 | Y113: 0 | Z113: 0 | AB113: 0 | AC113: 0 | AD113: 0 | AF113: =IFERROR(SUM(AG113:AI113)/3,0) -> 0 | AG113: 0 | AH113: 0 | AI113: 0 | AK113: 0 | AL113: 0 | AM113: 0 | AO113: 0 | AP113: =AL113*$E113 -> 0 | AQ113: =AM113*$E113 -> 0
B114: 372906 | C114: 594 | D114: Lasix 2ml Inj 5x5's Amp | E114: 168.75 | F114: CVD | G114: SYNTARA | H114: Regular Brands | J114: 1940625 | K114: 2026856.2 | L114: 2065500 | N114: 2354904.6 | O114: 2191947.7 | P114: 1824879.4 | Q114: 1483643.2 | R114: 1550805.8 | S114: 1572750 | T114: 1855912.5 | U114: 2076481 | V114: 2032087.5 | W114: 2042718.8 | X114: 2005256.3 | Y114: 2486193.8 | Z114: 2699374.9 | AB114: 2193750 | AC114: 2227500 | AD114: 2244375 | AF114: =IFERROR(SUM(AG114:AI114)/3,0) -> 2036667.6 | AG114: 2134126 | AH114: 1920713.4 | AI114: 2055163.4 | AK114: 12647 | AL114: 12158 | AM114: 12965 | AO114: 2134181.2 | AP114: =AL114*$E114 -> 2051662.5 | AQ114: =AM114*$E114 -> 2187843.8
A115: Lasix | B115: 372970 | C115: 595 | D115: Lasix 40mg Tab 10x10's | E115: 75 | F115: CVD | G115: SYNTARA | H115: Regular Brands | J115: 2700000 | K115: 2716275.1 | L115: 2769300 | N115: 2310652.9 | O115: 2042513.7 | P115: 2291069.9 | Q115: 2452574.9 | R115: 2338419.6 | S115: 2579850 | T115: 2504775 | U115: 2484164 | V115: 2522925 | W115: 2543475 | X115: 2370525 | Y115: 2305950 | Z115: 2396698.1 | AB115: 2310000 | AC115: 2317500 | AD115: 3000000 | AF115: =IFERROR(SUM(AG115:AI115)/3,0) -> 2702463.8 | AG115: 2831781.8 | AH115: 2548603.6 | AI115: 2727005.9 | AK115: 37757 | AL115: 36061 | AM115: 37737 | AO115: 2831775 | AP115: =AL115*$E115 -> 2704575 | AQ115: =AM115*$E115 -> 2830275
A116: Orva | B116: 320752 | C116: 617 | D116: Orva 20mg Tab 3x10's | E116: 450 | F116: CVD | G116: SYNTARA | H116: Regular Brands | J116: 319770 | K116: 349200.27 | L116: 355950 | N116: 159745.5 | O116: 151155 | P116: 153000 | Q116: 221400 | R116: 281250 | S116: 140850 | T116: 191700 | U116: 161552 | V116: 155700 | W116: 162000.02 | X116: 401400.01 | Y116: 158400.01 | Z116: 141555.03 | AB116: 337500 | AC116: 360000 | AD116: 382500 | AF116: =IFERROR(SUM(AG116:AI116)/3,0) -> 302897.53 | AG116: 317391.75 | AH116: 285652.58 | AI116: 305648.26 | AK116: 705 | AL116: 567 | AM116: 601 | AO116: 317250 | AP116: =AL116*$E116 -> 255150 | AQ116: =AM116*$E116 -> 270450
A117: Orva | B117: 339102 | C117: 615 | D117: Orva 10mg Tab 2X15's | E117: 270.68 | F117: CVD | G117: SYNTARA | H117: Regular Brands | J117: 920312 | K117: 992042.23 | L117: 1010719.1 | N117: 615244.81 | O117: 578413.28 | P117: 664248.72 | Q117: 617691.65 | R117: 536755.73 | S117: 519976.28 | T117: 585480.84 | U117: 532158 | V117: 595225.32 | W117: 567886.67 | X117: 539194.53 | Y117: 541901.38 | Z117: 523495.69 | AB117: 866176 | AC117: 893244 | AD117: 920312 | AF117: =IFERROR(SUM(AG117:AI117)/3,0) -> 852089.04 | AG117: 892863.12 | AH117: 803576.81 | AI117: 859827.19 | AK117: 3299 | AL117: 2679 | AM117: 2825 | AO117: 892973.32 | AP117: =AL117*$E117 -> 725151.72 | AQ117: =AM117*$E117 -> 764671
A118: Ovenox | B118: 352336 | C118: 751 | D118: Ovenox 20mg Inj 1 PFS | E118: 203.01 | F118: CVD | G118: SYNTARA | H118: Regular Brands | J118: 255792.6 | K118: 271627.32 | L118: 276905.64 | N118: 119978.91 | O118: 165453.15 | P118: 175603.65 | Q118: 149821.38 | R118: 138046.8 | S118: 86076.24 | T118: 183521.04 | U118: 136625 | V118: 194077.56 | W118: 157941.78 | X118: 139467.89 | Y118: 91557.51 | Z118: 118259.58 | AB118: 233461.5 | AC118: 243612 | AD118: 253762.5 | AF118: =IFERROR(SUM(AG118:AI118)/3,0) -> 199277.66 | AG118: 208813.48 | AH118: 187932.13 | AI118: 201087.38 | AK118: 1029 | AL118: 876 | AM118: 949 | AO118: 208897.29 | AP118: =AL118*$E118 -> 177836.76 | AQ118: =AM118*$E118 -> 192656.49
A119: Ovenox | B119: 352337 | C119: 752 | D119: Ovenox 40mg Inj 1 PFS | E119: 345.86 | F119: CVD | G119: SYNTARA | H119: Regular Brands | J119: 1089459 | K119: 1184224.5 | L119: 1207743.1 | N119: 874956.63 | O119: 783352.15 | P119: 905807.34 | Q119: 687569.68 | R119: 765042.32 | S119: 688261.4 | T119: 869146.18 | U119: 905118 | V119: 662321.9 | W119: 775072.27 | X119: 1428055.9 | Y119: 1588535 | Z119: 846191.23 | AB119: 1037580 | AC119: 1054873 | AD119: 1072166 | AF119: =IFERROR(SUM(AG119:AI119)/3,0) -> 927580.56 | AG119: 971967.05 | AH119: 874770.35 | AI119: 936004.27 | AK119: 2810 | AL119: 2442 | AM119: 2583 | AO119: 971866.6 | AP119: =AL119*$E119 -> 844590.12 | AQ119: =AM119*$E119 -> 893356.38
A120: Ovenox | B120: 352338 | C120: 753 | D120: Ovenox 60mg Inj 1 PFS | E120: 488.72 | F120: CVD | G120: SYNTARA | H120: Regular Brands | J120: 1385521.2 | K120: 1464205.1 | L120: 1493528.3 | N120: 13047744 | O120: 1109394.4 | P120: 1206151.2 | Q120: 1229619.5 | R120: 1096199 | S120: 612854.88 | T120: 837666.08 | U120: 1039993 | V120: 1110860.6 | W120: 813230.08 | X120: 8239819.2 | Y120: 1962699.5 | Z120: 897194.23 | AB120: 1771610 | AC120: 1832700 | AD120: 1863245 | AF120: =IFERROR(SUM(AG120:AI120)/3,0) -> 1397923.4 | AG120: 1464816.7 | AH120: 1318335 | AI120: 1410618.5 | AK120: 2997 | AL120: 2782 | AM120: 2951 | AO120: 1464693.8 | AP120: =AL120*$E120 -> 1359619 | AQ120: =AM120*$E120 -> 1442212.7
A121: Ovenox | B121: 352339 | C121: 754 | D121: Ovenox 80mg Inj 1 PFS | E121: 601.51 | F121: CVD | G121: SYNTARA | H121: Regular Brands | J121: 252634.2 | K121: 257446.2 | L121: 262859.87 | N121: 1539264.4 | O121: 126317.1 | P121: 81805.36 | Q121: 247822.17 | R121: 64963.08 | S121: 87820.46 | T121: 137144.28 | U121: 134739 | V121: 176242.43 | W121: 158197.13 | X121: 93835.56 | Y121: 107670.29 | Z121: 200227.48 | AB121: 308273.88 | AC121: 323311.62 | AD121: 345868.25 | AF121: =IFERROR(SUM(AG121:AI121)/3,0) -> 186514.65 | AG121: 195439.74 | AH121: 175895.76 | AI121: 188208.47 | AK121: 325 | AL121: 361 | AM121: 422 | AO121: 195490.75 | AP121: =AL121*$E121 -> 217145.11 | AQ121: =AM121*$E121 -> 253837.22
A122: Copixa | B122: 4011000147 | C122: 784 | D122: Copixa 2.5mg | E122: 337.2 | F122: CVD | G122: SYNTARA | H122: New Product | J122: 247842 | K122: 255597.48 | L122: 260655.6 | N122: 38778 | O122: 40801.2 | P122: 54626.4 | Q122: 48556.8 | R122: 51928.8 | S122: 55300.8 | T122: 49905.6 | U122: 50916 | V122: 55300.8 | W122: 48894 | X122: 41138.41 | Y122: 56986.8 | Z122: 66785.99 | AB122: 111276 | AC122: 111276 | AD122: 118020 | AF122: =IFERROR(SUM(AG122:AI122)/3,0) -> 179685.53 | AG122: 179685.53 | AH122: 174294.97 | AI122: 185076.1 | AK122: 533 | AL122: 227 | AM122: 253 | AO122: 179727.6 | AP122: =AL122*$E122 -> 76544.4 | AQ122: =AM122*$E122 -> 85311.6
A123: Copixa | B123: 4011000148 | C123: 785 | D123: Copixa 5mg | E123: 562.2 | F123: CVD | G123: SYNTARA | H123: New Product | J123: 199018.8 | K123: 204640.7 | L123: 208576.2 | N123: 29233.95 | O123: 30921 | P123: 45538.2 | Q123: 33169.8 | R123: 32045.4 | S123: 24736.8 | T123: 29796.6 | U123: 25294 | V123: 14055 | W123: 26423.39 | X123: 22488 | Y123: 25299 | Z123: 37428.419 | AB123: 89952 | AC123: 106818 | AD123: 112440 | AF123: =IFERROR(SUM(AG123:AI123)/3,0) -> 123623.22 | AG123: 123623.22 | AH123: 119914.52 | AI123: 127331.92 | AK123: 220 | AL123: 165 | AM123: 190 | AO123: 123684 | AP123: =AL123*$E123 -> 92763 | AQ123: =AM123*$E123 -> 106818
A124: Rozenon | B124: 4011000159 | C124: 797 | D124: Rozenon 20mg Tab 2X1 | E124: 449.8 | F124: CVD | G124: SYNTARA | H124: Regular Brands | J124: 170924 | K124: 205558.77 | L124: 209606.8 | N124: 65221 | O124: 66570.4 | P124: 53976 | Q124: 63871.6 | R124: 71068.4 | S124: 72867.6 | T124: 64321.4 | U124: 68822 | V124: 66570.4 | W124: 112450 | X124: 77815.4 | Y124: 78714.99 | Z124: 75612.18 | AB124: 193414 | AC124: 206908 | AD124: 220402 | AF124: =IFERROR(SUM(AG124:AI124)/3,0) -> 180599.69 | AG124: 189241.73 | AH124: 170317.56 | AI124: 182239.79 | AK124: 421 | AL124: 330 | AM124: 306 | AO124: 189365.8 | AP124: =AL124*$E124 -> 148434 | AQ124: =AM124*$E124 -> 137638.8
A125: Rozenon | B125: 348290 | C125: 613 | D125: Rozenon 5mg Tab 3 x 10s | E125: 292.5 | F125: CVD | G125: SYNTARA | H125: Regular Brands | J125: 971100 | K125: 1061775 | L125: 1080202.5 | N125: 867555 | O125: 733297.5 | P125: 906750 | Q125: 688545 | R125: 749970 | S125: 689422.5 | T125: 718965 | U125: 758769 | V125: 797062.5 | W125: 939510.02 | X125: 761085.02 | Y125: 773077.5 | Z125: 724402.02 | AB125: 1000350 | AC125: 1055925 | AD125: 1028137.5 | AF125: =IFERROR(SUM(AG125:AI125)/3,0) -> 1101116.4 | AG125: 1153806.9 | AH125: 1038426.3 | AI125: 1111116.1 | AK125: 3945 | AL125: 3627 | AM125: 3605 | AO125: 1153912.5 | AP125: =AL125*$E125 -> 1060897.5 | AQ125: =AM125*$E125 -> 1054462.5
A126: Rozenon | B126: 348292 | C126: 614 | D126: Rozenon 10mg Tab 3 x 10s | E126: 562.2 | F126: CVD | G126: SYNTARA | H126: Regular Brands | J126: 1866504 | K126: 2038537.3 | L126: 2076204.6 | N126: 1488705.6 | O126: 1402689 | P126: 1674231.6 | Q126: 1392007.2 | R126: 1409435.4 | S126: 1298119.8 | T126: 1278442.8 | U126: 1468463 | V126: 1337473.8 | W126: 1618011.6 | X126: 1313861.4 | Y126: 1249770.6 | Z126: 1216424.2 | AB126: 1548861 | AC126: 1762497 | AD126: 1602270 | AF126: =IFERROR(SUM(AG126:AI126)/3,0) -> 2067690.7 | AG126: 2166633.7 | AH126: 1949970.3 | AI126: 2086468.2 | AK126: 3854 | AL126: 3678 | AM126: 3679 | AO126: 2166718.8 | AP126: =AL126*$E126 -> 2067771.6 | AQ126: =AM126*$E126 -> 2068333.8
... A130: Tritace | B130: 4011000174 | C130: 808 | D130: Tritace 5mg Tab 2x14's | E130: 294.74 | F130: CVD | G130: SYNTARA | H130: Regular Brands | J130: 428257.22 | K130: 434741.43 | L130: 443583.7 | N130: 12379.08 | O130: 589.48 | P130: 589.48 | Q130: 0 | R130: 0 | S130: 0 | T130: 0 | U130: 104469 | V130: 234490.8 | W130: 160956.01 | X130: 130973.99 | Y130: 100045.21 | Z130: 127642.15 | AB130: 338951 | AC130: 353688 | AD130: 368425 | AF130: =IFERROR(SUM(AG130:AI130)/3,0) -> 284548.52 | AG130: 298164.7 | AH130: 268348.23 | AI130: 287132.61 | AK130: 1012 | AL130: 793 | AM130: 822 | AO130: 298276.88 | AP130: =AL130*$E130 -> 233728.82 | AQ130: =AM130*$E130 -> 242276.28
A131: Amaryl | B131: 344733 | C131: 502 | D131: Amaryl 1mg Tab 4x15s | E131: 311.24 | F131: OAD | G131: SYNTARA | H131: Regular Brands | J131: 4917592 | K131: 5066053.7 | L131: 5165027.8 | N131: 4264541.8 | O131: 3622808.6 | P131: 4003458.3 | Q131: 3730522.6 | R131: 3431106.4 | S131: 3846926.4 | T131: 4131711 | U131: 4506135 | V131: 4527297 | W131: 4528542 | X131: 4261809.3 | Y131: 4222593.1 | Z131: 4337896.7 | AB131: 4824220 | AC131: 4917592 | AD131: 4979840 | AF131: 5000656.7 | AG131: 5239947.6 | AH131: 4715952.8 | AI131: 5046069.5 | AK131: 16096.096 | AL131: 15612 | AM131: 16248 | AO131: 5009748.9 | AP131: =AL131*$E131 -> 4859078.9 | AQ131: =AM131*$E131 -> 5057027.5
A132: Amaryl | B132: 344734 | C132: 504 | D132: Amaryl 2mg Tab 3x15s | E132: 436.51 | F132: OAD | G132: SYNTARA | H132: Regular Brands | J132: 9821475 | K132: 10091675 | L132: 10288977 | N132: 8401857 | O132: 6934310.4 | P132: 7801241.2 | Q132: 7456891.1 | R132: 6866720.8 | S132: 7806108.3 | T132: 8446468.5 | U132: 8983373 | V132: 9002582.2 | W132: 9019169.7 | X132: 8543373.8 | Y132: 8599247.1 | Z132: 8791567.3 | AB132: 9254012 | AC132: 9384965 | AD132: 9384965 | AF132: 9984444.7 | AG132: 10462219 | AH132: 9415997.5 | AI132: 10075117 | AK132: 22635.261 | AL132: 22233 | AM132: 23130 | AO132: 9880517.8 | AP132: =AL132*$E132 -> 9704926.8 | AQ132: =AM132*$E132 -> 10096476
A133: Amaryl | B133: 373068 | C133: 505 | D133: Amaryl 3mg Tab 2x15's | E133: 372.18 | F133: OAD | G133: SYNTARA | H133: Regular Brands | J133: 4763904 | K133: 4900493.8 | L133: 4996144.3 | N133: 4122976.5 | O133: 3539770.5 | P133: 3823386.5 | Q133: 3686814.9 | R133: 3447503 | S133: 3819311.2 | T133: 4087652.9 | U133: 4389491 | V133: 4540223.8 | W133: 4404006 | X133: 4211588.9 | Y133: 4144968.6 | Z133: 4284092.7 | AB133: 4540596 | AC133: 4652250 | AD133: 4689468 | AF133: 4865303.5 | AG133: 5098117.6 | AH133: 4588305.8 | AI133: 4909487.2 | AK133: 13078.078 | AL133: 12648 | AM133: 13219 | AO133: 4867399.1 | AP133: =AL133*$E133 -> 4707332.6 | AQ133: =AM133*$E133 -> 4919847.4
A134: Amaryl | B134: 373346 | C134: 506 | D134: Amaryl 4mg Tab 2x15's | E134: 473.69 | F134: OAD | G134: SYNTARA | H134: Regular Brands | J134: 5305328 | K134: 5450277.1 | L134: 5557804.8 | N134: 4751556 | O134: 4263655.3 | P134: 4464030.9 | Q134: 4382106.2 | R134: 4168471.8 | S134: 4512370.9 | T134: 4852954.1 | U134: 5174116 | V134: 5379223.6 | W134: 5407171.5 | X134: 5095009.7 | Y134: 4998376.9 | Z134: 5174250.7 | AB134: 5210590 | AC134: 5210590 | AD134: 5305328 | AF134: 5532474.5 | AG134: 5797213.9 | AH134: 5217492.5 | AI134: 5582717 | AK134: 11367.868 | AL134: 11067 | AM134: 11811 | AO134: 5384845.3 | AP134: =AL134*$E134 -> 5242327.2 | AQ134: =AM134*$E134 -> 5594752.6
A135: Amaryl-M | B135: 318674 | C135: 507 | D135: AMARYL M1 1mg Tab 3x10's | E135: 270 | F135: OAD | G135: SYNTARA | H135: Regular Brands | J135: 3510000 | K135: 3639330 | L135: 3710070 | N135: 3056364.9 | O135: 2585490.2 | P135: 2801503.8 | Q135: 2738877.3 | R135: 2434854.5 | S135: 2838510 | T135: 3066660 | U135: 3281307 | V135: 3335850 | W135: 3353130 | X135: 2666790 | Y135: 3493530 | Z135: 3181167.4 | AB135: 3294000 | AC135: 3375000 | AD135: 3429000 | AF135: 3503406.8 | AG135: 3671051.5 | AH135: 3303946.4 | AI135: 3535222.6 | AK135: 13279.279 | AL135: 12845 | AM135: 13121 | AO135: 3585405.4 | AP135: =AL135*$E135 -> 3468150 | AQ135: =AM135*$E135 -> 3542670
...

Sheet Adjustment Summary
C1: Previously Set target | E1: Adjusted Target
B2: Sales Line | C2: Feb'26 | D2: Mar'26 | E2: Feb'26 | F2: Mar'26
B3: INSYN | C3: 56090487 | D3: 59987398 | E3: =SUMIFS('Q3_Feb Mar-26 TGT'!AP:AP,'Q3_Feb Mar-26 TGT'!$G:$G,'Adjustment Summary'!$B3) -> 56090487 | F3: =SUMIFS('Q3_Feb Mar-26 TGT'!AQ:AQ,'Q3_Feb Mar-26 TGT'!$G:$G,'Adjustment Summary'!$B3) -> 58170620
B4: SYNGENA | C4: 2.7041873e+08 | D4: 2.8696003e+08 | E4: =SUMIFS('Q3_Feb Mar-26 TGT'!AP:AP,'Q3_Feb Mar-26 TGT'!$G:$G,'Adjustment Summary'!$B4) -> 2.6155699e+08 | F4: =SUMIFS('Q3_Feb Mar-26 TGT'!AQ:AQ,'Q3_Feb Mar-26 TGT'!$G:$G,'Adjustment Summary'!$B4) -> 2.8166775e+08
B5: SYNKEI | C5: 28471421 | D5: 29680283 | E5: =SUMIFS('Q3_Feb Mar-26 TGT'!AP:AP,'Q3_Feb Mar-26 TGT'!$G:$G,'Adjustment Summary'!$B5) -> 27606119 | F5: =SUMIFS('Q3_Feb Mar-26 TGT'!AQ:AQ,'Q3_Feb Mar-26 TGT'!$G:$G,'Adjustment Summary'!$B5) -> 28562219
B6: SYNTARA | C6: 51479057 | D6: 53396234 | E6: =SUMIFS('Q3_Feb Mar-26 TGT'!AP:AP,'Q3_Feb Mar-26 TGT'!$G:$G,'Adjustment Summary'!$B6) -> 51149585 | F6: =SUMIFS('Q3_Feb Mar-26 TGT'!AQ:AQ,'Q3_Feb Mar-26 TGT'!$G:$G,'Adjustment Summary'!$B6) -> 53567195
B7: Foundation | C7: =SUM(C3:C6) -> 4.064597e+08 | D7: =SUM(D3:D6) -> 4.3002394e+08 | E7: =SUM(E3:E6) -> 3.9640319e+08 | F7: =SUM(F3:F6) -> 4.2196778e+08
D9: Adjustment | E9: =E7-C7 -> -10056513 | F9: =F7-D7 -> -8056159
